Customer_ID,Age,Gender,City,State,Customer_Type,Signup_Date
CUST100001,59,Female,Madurai,Tamil Nadu,Returning,2026-01-09
CUST100002,40,Male,Amritsar,Punjab,New,2025-06-14
CUST100003,35,Female,Kanpur,Uttar Pradesh,New,2026-04-13
CUST100004,18,Male,Jodhpur,Rajasthan,New,2025-02-21
CUST100005,52,Male,Mysuru,Karnataka,New,2024-09-04
CUST100006,48,Female,Mangaluru,Karnataka,Returning,2024-07-27
CUST100007,18,Female,Mumbai,Maharashtra,Returning,2024-08-03
CUST100008,20,Male,Kochi,Kerala,Returning,2025-12-13
CUST100009,20,Male,Jaipur,Rajasthan,Returning,2025-03-13
CUST100010,54,Female,Varanasi,Uttar Pradesh,Returning,2026-02-07
CUST100011,36,Male,Nagpur,Maharashtra,Returning,2025-09-09
CUST100012,46,Female,Gurugram,Haryana,Returning,2024-11-06
CUST100013,42,Female,Patna,Bihar,Returning,2026-02-21
CUST100014,50,Male,Mangaluru,Karnataka,Returning,2025-01-17
CUST100015,53,Female,Mangaluru,Karnataka,Returning,2024-09-27
CUST100016,46,Male,Mangaluru,Karnataka,New,2024-04-30
CUST100017,43,Male,New Delhi,Delhi,Returning,2025-02-10
CUST100018,21,Male,Surat,Gujarat,Returning,2024-09-01
CUST100019,31,Male,Hyderabad,Telangana,Returning,2024-03-06
CUST100020,44,Male,New Delhi,Delhi,Returning,2024-08-15
CUST100021,50,Male,Jodhpur,Rajasthan,New,2026-05-31
CUST100022,39,Male,Mumbai,Maharashtra,Returning,2024-05-16
CUST100023,20,Male,New Delhi,Delhi,Returning,2024-07-12
CUST100024,40,Male,Chennai,Tamil Nadu,Returning,2025-12-06
CUST100025,38,Female,Hyderabad,Telangana,New,2025-10-19
CUST100026,58,Male,Kanpur,Uttar Pradesh,Returning,2025-10-18
CUST100027,40,Male,Mangaluru,Karnataka,Returning,2025-05-03
CUST100028,21,Male,Ahmedabad,Gujarat,Returning,2025-08-06
CUST100029,38,Male,Udaipur,Rajasthan,New,2024-12-19
CUST100030,54,Male,Mumbai,Maharashtra,New,2025-12-04
CUST100031,60,Other,Udaipur,Rajasthan,Returning,2025-07-09
CUST100032,48,Female,Bengaluru,Karnataka,New,2024-06-05
CUST100033,38,Male,Nashik,Maharashtra,Returning,2025-04-20
CUST100034,43,Female,Ludhiana,Punjab,Returning,2024-01-16
CUST100035,58,Male,Gurugram,Haryana,Returning,2024-03-18
CUST100036,52,Male,Patna,Bihar,Returning,2024-02-21
CUST100037,55,Female,New Delhi,Delhi,New,2025-05-28
CUST100038,41,Female,Pune,Maharashtra,Returning,2025-05-18
CUST100039,28,Male,Gwalior,Madhya Pradesh,Returning,2026-01-13
CUST100040,58,Female,Warangal,Telangana,Returning,2024-03-01
CUST100041,46,Female,Nashik,Maharashtra,Returning,2024-05-11
CUST100042,20,Male,Ahmedabad,Gujarat,Returning,2025-01-16
CUST100043,18,Female,Nagpur,Maharashtra,New,2025-07-17
CUST100044,36,Male,Bhubaneswar,Odisha,Returning,2026-03-19
CUST100045,39,Male,New Delhi,Delhi,Returning,2025-11-22
CUST100046,31,Female,Bhopal,Madhya Pradesh,Returning,2025-06-26
CUST100047,31,Female,New Delhi,Delhi,Returning,2025-02-13
CUST100048,33,Male,Vadodara,Gujarat,New,2024-06-03
CUST100049,50,Male,Kolkata,West Bengal,Returning,2025-09-24
CUST100050,30,Male,Mysuru,Karnataka,Returning,2024-02-20
CUST100051,55,Male,Faridabad,Haryana,New,2024-04-04
CUST100052,29,Male,Varanasi,Uttar Pradesh,Returning,2025-11-18
CUST100053,55,Female,Amritsar,Punjab,New,2025-06-06
CUST100054,56,Female,Cuttack,Odisha,Returning,2025-06-07
CUST100055,50,Female,Jodhpur,Rajasthan,New,2024-12-20
CUST100056,50,Female,Cuttack,Odisha,Returning,2024-02-14
CUST100057,46,Male,Pune,Maharashtra,New,2026-03-12
CUST100058,22,Male,Bengaluru,Karnataka,Returning,2024-07-23
CUST100059,23,Female,Pune,Maharashtra,Returning,2025-12-31
CUST100060,48,Male,Coimbatore,Tamil Nadu,New,2026-04-19
CUST100061,33,Female,Chennai,Tamil Nadu,Returning,2025-03-06
CUST100062,48,Female,New Delhi,Delhi,New,2024-09-12
CUST100063,42,Male,Patna,Bihar,Returning,2024-09-04
CUST100064,50,Female,Madurai,Tamil Nadu,Returning,2025-06-16
CUST100065,30,Female,New Delhi,Delhi,Returning,2024-02-10
CUST100066,27,Female,Kolkata,West Bengal,Returning,2025-04-03
CUST100067,41,Female,Pune,Maharashtra,New,2026-02-28
CUST100068,27,Male,Kanpur,Uttar Pradesh,New,2024-10-03
CUST100069,58,Male,Nagpur,Maharashtra,Returning,2024-07-13
CUST100070,48,Female,Gurugram,Haryana,New,2024-03-11
CUST100071,30,Female,Varanasi,Uttar Pradesh,Returning,2024-09-26
CUST100072,20,Male,Mangaluru,Karnataka,New,2024-11-30
CUST100073,51,Male,Nashik,Maharashtra,Returning,2025-08-07
CUST100074,45,Female,Gaya,Bihar,New,2024-11-03
CUST100075,36,Female,Lucknow,Uttar Pradesh,Returning,2025-03-02
CUST100076,40,Male,Noida,Uttar Pradesh,New,2024-07-17
CUST100077,49,Male,Noida,Uttar Pradesh,New,2024-03-16
CUST100078,30,Female,Mumbai,Maharashtra,Returning,2026-02-25
CUST100079,50,Male,Coimbatore,Tamil Nadu,New,2026-03-05
CUST100080,51,Female,Mumbai,Maharashtra,Returning,2025-10-19
CUST100081,50,Male,Thiruvananthapuram,Kerala,Returning,2025-06-08
CUST100082,22,Male,Udaipur,Rajasthan,New,2026-05-24
CUST100083,20,Male,Chennai,Tamil Nadu,Returning,2025-10-02
CUST100084,24,Female,Nagpur,Maharashtra,Returning,2024-08-17
CUST100085,41,Female,New Delhi,Delhi,Returning,2024-03-25
CUST100086,39,Female,Coimbatore,Tamil Nadu,Returning,2024-06-10
CUST100087,40,Male,Varanasi,Uttar Pradesh,Returning,2025-01-31
CUST100088,47,Female,Indore,Madhya Pradesh,New,2026-05-26
CUST100089,35,Female,Thiruvananthapuram,Kerala,New,2025-01-05
CUST100090,49,Female,Surat,Gujarat,Returning,2025-07-16
CUST100091,24,Male,Pune,Maharashtra,Returning,2024-08-02
CUST100092,50,Male,Varanasi,Uttar Pradesh,Returning,2024-01-01
CUST100093,22,Female,Lucknow,Uttar Pradesh,Returning,2025-01-11
CUST100094,45,Female,Kolkata,West Bengal,Returning,2025-02-15
CUST100095,25,Male,Kanpur,Uttar Pradesh,New,2025-09-26
CUST100096,32,Male,Vadodara,Gujarat,New,2026-03-10
CUST100097,21,Male,Vadodara,Gujarat,Returning,2024-07-18
CUST100098,51,Male,Hyderabad,Telangana,New,2024-07-01
CUST100099,22,Male,Nagpur,Maharashtra,New,2025-02-13
CUST100100,50,Female,Nashik,Maharashtra,New,2025-02-01
CUST100101,22,Male,Mumbai,Maharashtra,Returning,2024-08-03
CUST100102,55,Female,Udaipur,Rajasthan,Returning,2026-01-21
CUST100103,51,Female,New Delhi,Delhi,New,2024-12-14
CUST100104,43,Male,Surat,Gujarat,New,2025-08-02
CUST100105,18,Female,Bhubaneswar,Odisha,Returning,2026-04-10
CUST100106,21,Female,New Delhi,Delhi,Returning,2025-08-16
CUST100107,56,Female,Warangal,Telangana,Returning,2025-10-15
CUST100108,43,Male,Lucknow,Uttar Pradesh,Returning,2024-02-10
CUST100109,50,Female,Mysuru,Karnataka,Returning,2026-01-20
CUST100110,50,Male,Mumbai,Maharashtra,New,2024-01-03
CUST100111,25,Male,New Delhi,Delhi,Returning,2024-04-03
CUST100112,37,Male,Bengaluru,Karnataka,Returning,2024-02-28
CUST100113,33,Female,Cuttack,Odisha,Returning,2026-01-09
CUST100114,38,Male,Gaya,Bihar,Returning,2025-02-10
CUST100115,43,Female,Jaipur,Rajasthan,New,2024-01-18
CUST100116,40,Female,Thiruvananthapuram,Kerala,Returning,2025-05-08
CUST100117,35,Female,Varanasi,Uttar Pradesh,Returning,2026-01-20
CUST100118,48,Male,Mysuru,Karnataka,Returning,2026-05-21
CUST100119,59,Female,Cuttack,Odisha,Returning,2025-05-22
CUST100120,29,Female,Kolkata,West Bengal,Returning,2025-08-08
CUST100121,18,Female,Patna,Bihar,New,2026-06-06
CUST100122,59,Female,Cuttack,Odisha,New,2024-11-27
CUST100123,26,Male,New Delhi,Delhi,Returning,2024-06-17
CUST100124,20,Male,Mumbai,Maharashtra,New,2026-02-14
CUST100125,43,Male,Mysuru,Karnataka,Returning,2025-11-02
CUST100126,26,Female,Warangal,Telangana,New,2026-04-28
CUST100127,59,Female,Patna,Bihar,Returning,2025-11-11
CUST100128,33,Male,Thiruvananthapuram,Kerala,Returning,2024-07-24
CUST100129,41,Female,Nashik,Maharashtra,Returning,2026-05-18
CUST100130,31,Male,Vadodara,Gujarat,New,2025-06-04
CUST100131,20,Female,Hyderabad,Telangana,Returning,2025-05-19
CUST100132,51,Male,Bengaluru,Karnataka,Returning,2024-12-11
CUST100133,50,Female,Mumbai,Maharashtra,Returning,2024-10-30
CUST100134,41,Female,Coimbatore,Tamil Nadu,New,2024-04-24
CUST100135,26,Male,Amritsar,Punjab,New,2025-10-25
CUST100136,30,Male,New Delhi,Delhi,New,2024-03-27
CUST100137,19,Female,Surat,Gujarat,New,2024-04-04
CUST100138,24,Male,Bhopal,Madhya Pradesh,Returning,2026-01-12
CUST100139,38,Male,Chennai,Tamil Nadu,Returning,2025-03-03
CUST100140,36,Female,Faridabad,Haryana,New,2025-11-28
CUST100141,42,Female,Faridabad,Haryana,New,2025-03-25
CUST100142,39,Female,New Delhi,Delhi,New,2025-09-17
CUST100143,28,Female,Surat,Gujarat,Returning,2026-02-24
CUST100144,50,Male,New Delhi,Delhi,Returning,2025-06-24
CUST100145,49,Female,New Delhi,Delhi,Returning,2025-12-15
CUST100146,38,Female,Nagpur,Maharashtra,Returning,2024-01-02
CUST100147,56,Female,Udaipur,Rajasthan,Returning,2024-03-18
CUST100148,37,Male,Surat,Gujarat,Returning,2024-11-19
CUST100149,25,Female,Pune,Maharashtra,New,2026-01-12
CUST100150,59,Female,New Delhi,Delhi,Returning,2024-04-07
CUST100151,54,Female,Bhubaneswar,Odisha,Returning,2025-09-20
CUST100152,26,Male,Mangaluru,Karnataka,New,2024-04-19
CUST100153,42,Female,Pune,Maharashtra,New,2025-11-09
CUST100154,42,Male,Surat,Gujarat,New,2025-04-01
CUST100155,50,Female,Faridabad,Haryana,Returning,2025-05-02
CUST100156,19,Female,Mangaluru,Karnataka,Returning,2026-03-19
CUST100157,36,Male,Bhopal,Madhya Pradesh,Returning,2025-01-05
CUST100158,37,Female,Varanasi,Uttar Pradesh,New,2024-12-02
CUST100159,59,Male,Bengaluru,Karnataka,New,2026-06-08
CUST100160,58,Male,Varanasi,Uttar Pradesh,New,2025-08-21
CUST100161,59,Male,Coimbatore,Tamil Nadu,Returning,2024-01-22
CUST100162,46,Male,Jaipur,Rajasthan,Returning,2025-12-22
CUST100163,23,Female,Jaipur,Rajasthan,Returning,2024-10-31
CUST100164,34,Female,Surat,Gujarat,New,2024-09-28
CUST100165,42,Male,Nagpur,Maharashtra,Returning,2025-05-04
CUST100166,55,Male,Gaya,Bihar,Returning,2026-04-15
CUST100167,21,Male,New Delhi,Delhi,Returning,2025-03-21
CUST100168,47,Female,Bengaluru,Karnataka,Returning,2024-10-04
CUST100169,37,Female,Nagpur,Maharashtra,Returning,2025-10-12
CUST100170,20,Male,Udaipur,Rajasthan,Returning,2026-05-02
CUST100171,40,Female,Gwalior,Madhya Pradesh,New,2025-01-11
CUST100172,35,Female,Nashik,Maharashtra,New,2024-08-19
CUST100173,43,Female,Ahmedabad,Gujarat,New,2026-01-14
CUST100174,53,Male,Mysuru,Karnataka,Returning,2025-08-14
CUST100175,25,Female,Jabalpur,Madhya Pradesh,Returning,2025-03-01
CUST100176,34,Male,Mysuru,Karnataka,New,2024-02-24
CUST100177,48,Female,Bhopal,Madhya Pradesh,Returning,2026-03-13
CUST100178,54,Male,Chennai,Tamil Nadu,Returning,2025-03-16
CUST100179,50,Male,Amritsar,Punjab,Returning,2024-02-03
CUST100180,44,Female,Pune,Maharashtra,Returning,2024-11-24
CUST100181,21,Male,Coimbatore,Tamil Nadu,Returning,2026-04-24
CUST100182,39,Female,Pune,Maharashtra,New,2025-03-29
CUST100183,43,Female,Bhubaneswar,Odisha,New,2025-01-22
CUST100184,49,Male,Kochi,Kerala,Returning,2026-02-02
CUST100185,41,Female,New Delhi,Delhi,Returning,2025-03-05
CUST100186,52,Female,Jabalpur,Madhya Pradesh,New,2025-04-20
CUST100187,54,Female,Gaya,Bihar,Returning,2024-05-04
CUST100188,49,Female,Kolkata,West Bengal,Returning,2025-06-06
CUST100189,24,Male,Ahmedabad,Gujarat,Returning,2025-04-26
CUST100190,50,Female,Mysuru,Karnataka,New,2024-11-12
CUST100191,48,Male,Nagpur,Maharashtra,Returning,2024-05-01
CUST100192,29,Male,Bhubaneswar,Odisha,New,2025-06-30
CUST100193,28,Female,Bhubaneswar,Odisha,New,2025-08-03
CUST100194,41,Female,Jodhpur,Rajasthan,Returning,2024-11-08
CUST100195,25,Male,Chennai,Tamil Nadu,New,2025-05-01
CUST100196,49,Female,Chennai,Tamil Nadu,New,2025-10-12
CUST100197,55,Female,Noida,Uttar Pradesh,Returning,2024-01-12
CUST100198,39,Female,Cuttack,Odisha,New,2024-05-04
CUST100199,51,Male,Kochi,Kerala,Returning,2026-03-21
CUST100200,36,Male,Lucknow,Uttar Pradesh,Returning,2025-10-20
CUST100201,37,Female,Indore,Madhya Pradesh,Returning,2024-03-17
CUST100202,31,Female,Pune,Maharashtra,New,2025-08-02
CUST100203,50,Male,Mangaluru,Karnataka,Returning,2025-12-18
CUST100204,27,Male,Bhubaneswar,Odisha,New,2024-08-23
CUST100205,33,Male,Udaipur,Rajasthan,Returning,2025-07-24
CUST100206,21,Male,Mumbai,Maharashtra,New,2026-02-08
CUST100207,44,Female,Pune,Maharashtra,New,2024-09-10
CUST100208,45,Male,Bhopal,Madhya Pradesh,Returning,2025-02-09
CUST100209,60,Female,Pune,Maharashtra,New,2024-08-30
CUST100210,33,Female,Mysuru,Karnataka,New,2025-04-05
CUST100211,50,Male,Kolkata,West Bengal,Returning,2024-10-03
CUST100212,36,Female,Gwalior,Madhya Pradesh,Returning,2025-04-13
CUST100213,38,Other,Gwalior,Madhya Pradesh,New,2024-08-07
CUST100214,39,Female,Bengaluru,Karnataka,Returning,2024-08-12
CUST100215,26,Male,Noida,Uttar Pradesh,New,2024-04-10
CUST100216,26,Male,Bengaluru,Karnataka,Returning,2026-05-03
CUST100217,26,Female,Coimbatore,Tamil Nadu,Returning,2025-09-25
CUST100218,44,Male,Kanpur,Uttar Pradesh,Returning,2025-12-30
CUST100219,34,Female,Gwalior,Madhya Pradesh,Returning,2025-05-21
CUST100220,25,Male,Kochi,Kerala,New,2025-08-09
CUST100221,33,Female,Jabalpur,Madhya Pradesh,New,2024-11-26
CUST100222,35,Male,Kolkata,West Bengal,New,2024-08-24
CUST100223,50,Female,Pune,Maharashtra,Returning,2024-12-04
CUST100224,18,Female,Coimbatore,Tamil Nadu,Returning,2026-01-21
CUST100225,29,Female,New Delhi,Delhi,Returning,2025-05-20
CUST100226,23,Female,Mysuru,Karnataka,New,2024-06-13
CUST100227,58,Male,Faridabad,Haryana,Returning,2026-04-25
CUST100228,22,Male,Chennai,Tamil Nadu,Returning,2025-10-30
CUST100229,33,Male,Kochi,Kerala,Returning,2025-12-23
CUST100230,35,Female,Jaipur,Rajasthan,Returning,2026-02-27
CUST100231,35,Male,Varanasi,Uttar Pradesh,New,2025-12-28
CUST100232,18,Female,Ahmedabad,Gujarat,New,2024-08-05
CUST100233,36,Male,Kolkata,West Bengal,Returning,2026-01-14
CUST100234,25,Other,Surat,Gujarat,New,2025-01-10
CUST100235,20,Female,Mangaluru,Karnataka,New,2024-01-12
CUST100236,42,Female,Noida,Uttar Pradesh,New,2025-03-07
CUST100237,22,Female,New Delhi,Delhi,New,2024-03-23
CUST100238,57,Male,Mumbai,Maharashtra,Returning,2025-03-06
CUST100239,36,Male,Bhopal,Madhya Pradesh,New,2025-09-16
CUST100240,35,Male,Mangaluru,Karnataka,Returning,2025-04-22
CUST100241,48,Female,Amritsar,Punjab,Returning,2026-02-21
CUST100242,50,Male,Ludhiana,Punjab,Returning,2025-12-07
CUST100243,35,Male,Bhubaneswar,Odisha,Returning,2025-01-03
CUST100244,56,Female,Coimbatore,Tamil Nadu,New,2025-10-14
CUST100245,33,Male,Nashik,Maharashtra,Returning,2025-09-27
CUST100246,33,Female,Bhubaneswar,Odisha,Returning,2024-05-20
CUST100247,55,Female,Warangal,Telangana,Returning,2025-12-20
CUST100248,58,Male,Faridabad,Haryana,Returning,2025-09-18
CUST100249,24,Female,Faridabad,Haryana,Returning,2025-12-18
CUST100250,31,Male,Kochi,Kerala,Returning,2025-03-31
CUST100251,60,Male,New Delhi,Delhi,Returning,2025-05-16
CUST100252,42,Female,Chennai,Tamil Nadu,New,2025-02-06
CUST100253,49,Male,Thiruvananthapuram,Kerala,New,2024-10-14
CUST100254,55,Male,New Delhi,Delhi,Returning,2024-12-20
CUST100255,39,Female,Mysuru,Karnataka,Returning,2024-12-08
CUST100256,33,Female,Kolkata,West Bengal,New,2024-05-28
CUST100257,46,Female,Ludhiana,Punjab,Returning,2024-07-28
CUST100258,33,Female,Gwalior,Madhya Pradesh,Returning,2024-04-21
CUST100259,29,Female,Kolkata,West Bengal,Returning,2025-10-15
CUST100260,34,Female,Mumbai,Maharashtra,Returning,2025-06-19
CUST100261,54,Female,Udaipur,Rajasthan,Returning,2024-02-18
CUST100262,44,Male,Faridabad,Haryana,Returning,2026-03-10
CUST100263,42,Female,Pune,Maharashtra,Returning,2024-11-26
CUST100264,30,Male,Ahmedabad,Gujarat,Returning,2024-12-30
CUST100265,25,Male,Kochi,Kerala,New,2024-01-11
CUST100266,22,Male,Lucknow,Uttar Pradesh,Returning,2024-07-06
CUST100267,29,Female,Jabalpur,Madhya Pradesh,New,2025-05-23
CUST100268,58,Male,Bhopal,Madhya Pradesh,New,2025-08-02
CUST100269,20,Male,Madurai,Tamil Nadu,Returning,2025-03-20
CUST100270,52,Male,New Delhi,Delhi,Returning,2024-03-30
CUST100271,50,Female,Gaya,Bihar,Returning,2025-09-13
CUST100272,39,Female,Gaya,Bihar,New,2025-11-06
CUST100273,26,Male,Kochi,Kerala,Returning,2025-03-23
CUST100274,58,Female,Cuttack,Odisha,Returning,2025-12-18
CUST100275,35,Male,Surat,Gujarat,Returning,2024-02-01
CUST100276,46,Female,Vadodara,Gujarat,New,2024-11-22
CUST100277,56,Male,Varanasi,Uttar Pradesh,Returning,2024-03-14
CUST100278,44,Male,Gwalior,Madhya Pradesh,Returning,2024-09-07
CUST100279,53,Female,Bhopal,Madhya Pradesh,New,2025-03-25
CUST100280,34,Male,Lucknow,Uttar Pradesh,New,2024-12-20
CUST100281,51,Male,Kochi,Kerala,Returning,2025-06-16
CUST100282,20,Male,Coimbatore,Tamil Nadu,Returning,2024-10-22
CUST100283,22,Male,Coimbatore,Tamil Nadu,Returning,2024-10-24
CUST100284,31,Male,Nagpur,Maharashtra,Returning,2024-11-23
CUST100285,20,Male,Kolkata,West Bengal,Returning,2024-10-28
CUST100286,40,Female,Mumbai,Maharashtra,Returning,2025-05-26
CUST100287,56,Male,Vadodara,Gujarat,New,2024-12-03
CUST100288,47,Female,Kolkata,West Bengal,New,2025-08-07
CUST100289,40,Female,New Delhi,Delhi,Returning,2025-01-08
CUST100290,44,Male,Udaipur,Rajasthan,New,2025-07-06
CUST100291,27,Male,Pune,Maharashtra,Returning,2024-04-03
CUST100292,42,Male,Nashik,Maharashtra,Returning,2024-05-11
CUST100293,30,Female,Gaya,Bihar,Returning,2025-09-02
CUST100294,33,Female,Madurai,Tamil Nadu,Returning,2024-02-22
CUST100295,58,Male,Nashik,Maharashtra,Returning,2025-05-10
CUST100296,51,Female,Surat,Gujarat,Returning,2024-08-16
CUST100297,54,Male,Varanasi,Uttar Pradesh,New,2025-10-01
CUST100298,39,Female,Bengaluru,Karnataka,New,2024-07-30
CUST100299,34,Female,Jodhpur,Rajasthan,Returning,2026-03-07
CUST100300,40,Other,Mumbai,Maharashtra,New,2026-03-01
CUST100301,53,Female,Mumbai,Maharashtra,Returning,2025-05-18
CUST100302,26,Female,Ahmedabad,Gujarat,Returning,2025-05-09
CUST100303,19,Female,Kolkata,West Bengal,Returning,2026-05-02
CUST100304,49,Male,Jabalpur,Madhya Pradesh,New,2025-11-01
CUST100305,39,Male,Noida,Uttar Pradesh,Returning,2026-05-13
CUST100306,60,Female,Faridabad,Haryana,New,2024-08-20
CUST100307,30,Female,Ahmedabad,Gujarat,Returning,2024-03-11
CUST100308,25,Male,New Delhi,Delhi,New,2025-12-17
CUST100309,18,Female,Lucknow,Uttar Pradesh,Returning,2024-07-07
CUST100310,34,Male,New Delhi,Delhi,New,2025-10-24
CUST100311,29,Female,Hyderabad,Telangana,New,2024-01-08
CUST100312,21,Female,Pune,Maharashtra,Returning,2024-11-27
CUST100313,30,Male,Pune,Maharashtra,New,2025-09-03
CUST100314,48,Female,Gurugram,Haryana,Returning,2024-01-16
CUST100315,58,Male,Gaya,Bihar,New,2025-10-27
CUST100316,24,Female,Gwalior,Madhya Pradesh,New,2025-10-30
CUST100317,40,Female,Hyderabad,Telangana,Returning,2024-04-02
CUST100318,41,Other,Mangaluru,Karnataka,New,2024-09-18
CUST100319,22,Female,Mangaluru,Karnataka,New,2025-07-02
CUST100320,22,Male,New Delhi,Delhi,Returning,2024-06-09
CUST100321,34,Female,Kolkata,West Bengal,New,2024-12-16
CUST100322,47,Male,Kanpur,Uttar Pradesh,New,2024-06-22
CUST100323,26,Male,Jabalpur,Madhya Pradesh,New,2024-11-12
CUST100324,23,Female,New Delhi,Delhi,Returning,2024-01-18
CUST100325,42,Male,Amritsar,Punjab,Returning,2025-04-30
CUST100326,36,Male,Varanasi,Uttar Pradesh,New,2025-01-01
CUST100327,33,Female,Kolkata,West Bengal,Returning,2024-12-16
CUST100328,38,Male,Jaipur,Rajasthan,New,2025-06-11
CUST100329,19,Male,Warangal,Telangana,Returning,2026-05-21
CUST100330,27,Female,New Delhi,Delhi,Returning,2025-03-10
CUST100331,33,Female,Chennai,Tamil Nadu,Returning,2024-09-26
CUST100332,54,Female,Varanasi,Uttar Pradesh,Returning,2026-05-20
CUST100333,32,Female,Nagpur,Maharashtra,Returning,2024-03-08
CUST100334,30,Male,Nashik,Maharashtra,Returning,2024-01-30
CUST100335,30,Male,Pune,Maharashtra,New,2024-11-11
CUST100336,49,Male,Mumbai,Maharashtra,New,2026-03-31
CUST100337,25,Female,Kochi,Kerala,New,2026-01-06
CUST100338,60,Female,Jabalpur,Madhya Pradesh,Returning,2024-06-12
CUST100339,35,Male,Ahmedabad,Gujarat,New,2024-11-15
CUST100340,53,Male,Mumbai,Maharashtra,New,2024-01-14
CUST100341,43,Male,Ahmedabad,Gujarat,Returning,2024-10-05
CUST100342,27,Female,Ahmedabad,Gujarat,New,2025-03-07
CUST100343,48,Female,Bengaluru,Karnataka,New,2025-10-29
CUST100344,50,Female,Hyderabad,Telangana,New,2025-09-25
CUST100345,46,Other,Madurai,Tamil Nadu,Returning,2024-09-19
CUST100346,22,Female,Jaipur,Rajasthan,New,2025-11-12
CUST100347,30,Male,Jodhpur,Rajasthan,Returning,2025-06-05
CUST100348,18,Male,Nagpur,Maharashtra,Returning,2024-06-20
CUST100349,40,Female,Coimbatore,Tamil Nadu,Returning,2024-12-23
CUST100350,57,Male,Jaipur,Rajasthan,New,2024-01-13
CUST100351,20,Male,Vadodara,Gujarat,New,2025-12-25
CUST100352,20,Male,Thiruvananthapuram,Kerala,Returning,2025-11-03
CUST100353,24,Female,Gwalior,Madhya Pradesh,New,2024-08-19
CUST100354,53,Female,Mangaluru,Karnataka,New,2025-04-20
CUST100355,52,Female,Mumbai,Maharashtra,New,2025-04-15
CUST100356,32,Female,Bhopal,Madhya Pradesh,Returning,2024-06-08
CUST100357,57,Male,Mumbai,Maharashtra,Returning,2025-09-30
CUST100358,20,Male,Kolkata,West Bengal,Returning,2025-07-13
CUST100359,46,Female,Amritsar,Punjab,Returning,2024-09-17
CUST100360,47,Male,Kolkata,West Bengal,Returning,2025-07-26
CUST100361,56,Male,Coimbatore,Tamil Nadu,Returning,2025-09-25
CUST100362,35,Female,Indore,Madhya Pradesh,Returning,2025-08-24
CUST100363,28,Female,Warangal,Telangana,Returning,2024-12-24
CUST100364,60,Male,Kolkata,West Bengal,Returning,2024-09-11
CUST100365,55,Male,Amritsar,Punjab,New,2025-08-24
CUST100366,57,Male,Chennai,Tamil Nadu,New,2025-05-29
CUST100367,18,Female,Faridabad,Haryana,Returning,2024-10-06
CUST100368,46,Female,Bhubaneswar,Odisha,Returning,2024-04-26
CUST100369,27,Female,Bengaluru,Karnataka,Returning,2025-09-01
CUST100370,45,Male,Pune,Maharashtra,Returning,2024-06-10
CUST100371,48,Male,Nashik,Maharashtra,Returning,2026-05-01
CUST100372,36,Female,Pune,Maharashtra,Returning,2026-06-05
CUST100373,20,Male,Nashik,Maharashtra,Returning,2024-10-24
CUST100374,53,Male,Gwalior,Madhya Pradesh,New,2024-10-23
CUST100375,60,Male,Nagpur,Maharashtra,Returning,2025-08-16
CUST100376,32,Male,New Delhi,Delhi,Returning,2024-12-23
CUST100377,50,Female,Kochi,Kerala,Returning,2025-10-21
CUST100378,58,Male,Pune,Maharashtra,New,2025-06-01
CUST100379,60,Female,Gaya,Bihar,New,2025-01-12
CUST100380,43,Female,New Delhi,Delhi,Returning,2025-11-27
CUST100381,33,Male,Pune,Maharashtra,Returning,2025-03-01
CUST100382,53,Male,Indore,Madhya Pradesh,Returning,2026-02-02
CUST100383,50,Male,Jodhpur,Rajasthan,Returning,2025-06-20
CUST100384,37,Male,Thiruvananthapuram,Kerala,Returning,2025-07-06
CUST100385,30,Male,Lucknow,Uttar Pradesh,Returning,2024-06-17
CUST100386,50,Male,Varanasi,Uttar Pradesh,New,2025-05-29
CUST100387,22,Female,New Delhi,Delhi,Returning,2024-12-29
CUST100388,54,Male,Mysuru,Karnataka,Returning,2025-11-13
CUST100389,31,Male,Noida,Uttar Pradesh,Returning,2025-03-05
CUST100390,44,Female,Patna,Bihar,Returning,2025-07-22
CUST100391,40,Female,Faridabad,Haryana,Returning,2024-03-23
CUST100392,31,Male,Warangal,Telangana,Returning,2024-11-25
CUST100393,57,Male,Chennai,Tamil Nadu,New,2025-11-21
CUST100394,21,Male,Lucknow,Uttar Pradesh,Returning,2024-05-12
CUST100395,56,Male,Madurai,Tamil Nadu,New,2025-08-20
CUST100396,36,Female,Cuttack,Odisha,New,2025-04-01
CUST100397,21,Male,Kochi,Kerala,Returning,2024-12-18
CUST100398,47,Male,Warangal,Telangana,New,2026-02-21
CUST100399,36,Male,Lucknow,Uttar Pradesh,Returning,2024-12-09
CUST100400,48,Male,Varanasi,Uttar Pradesh,Returning,2024-04-03
CUST100401,48,Male,Nagpur,Maharashtra,New,2025-01-16
CUST100402,26,Male,Cuttack,Odisha,Returning,2026-05-17
CUST100403,30,Male,Vadodara,Gujarat,Returning,2026-01-31
CUST100404,31,Female,Patna,Bihar,Returning,2024-10-21
CUST100405,27,Male,New Delhi,Delhi,Returning,2024-07-16
CUST100406,48,Female,Bhubaneswar,Odisha,New,2024-03-19
CUST100407,54,Female,Coimbatore,Tamil Nadu,Returning,2025-11-08
CUST100408,40,Male,Nagpur,Maharashtra,Returning,2025-07-04
CUST100409,44,Female,Bhubaneswar,Odisha,Returning,2026-03-30
CUST100410,23,Male,Mumbai,Maharashtra,Returning,2024-08-01
CUST100411,43,Female,New Delhi,Delhi,Returning,2025-10-04
CUST100412,19,Female,Ludhiana,Punjab,Returning,2025-10-30
CUST100413,30,Male,Amritsar,Punjab,Returning,2026-06-12
CUST100414,36,Female,Kolkata,West Bengal,Returning,2024-06-07
CUST100415,18,Male,Jodhpur,Rajasthan,New,2026-04-13
CUST100416,57,Female,Warangal,Telangana,New,2026-01-08
CUST100417,49,Female,New Delhi,Delhi,New,2025-07-10
CUST100418,39,Female,Coimbatore,Tamil Nadu,Returning,2024-07-19
CUST100419,46,Female,Gwalior,Madhya Pradesh,Returning,2024-01-22
CUST100420,19,Male,Kanpur,Uttar Pradesh,New,2024-12-04
CUST100421,57,Female,Noida,Uttar Pradesh,Returning,2024-08-29
CUST100422,55,Male,Varanasi,Uttar Pradesh,Returning,2026-01-10
CUST100423,28,Male,Nashik,Maharashtra,Returning,2024-08-25
CUST100424,34,Male,Ahmedabad,Gujarat,New,2024-05-28
CUST100425,60,Male,Nagpur,Maharashtra,Returning,2026-02-23
CUST100426,25,Female,Kolkata,West Bengal,Returning,2025-08-01
CUST100427,39,Female,Warangal,Telangana,Returning,2024-01-07
CUST100428,21,Male,Thiruvananthapuram,Kerala,Returning,2024-08-20
CUST100429,28,Male,Chennai,Tamil Nadu,Returning,2026-05-18
CUST100430,25,Male,Nagpur,Maharashtra,New,2026-03-14
CUST100431,26,Male,Mumbai,Maharashtra,Returning,2026-02-06
CUST100432,43,Female,Lucknow,Uttar Pradesh,New,2025-08-01
CUST100433,19,Female,Jaipur,Rajasthan,New,2026-01-31
CUST100434,33,Male,Pune,Maharashtra,New,2024-03-17
CUST100435,48,Male,Nagpur,Maharashtra,New,2025-05-03
CUST100436,23,Male,Jabalpur,Madhya Pradesh,New,2024-03-27
CUST100437,38,Male,Pune,Maharashtra,Returning,2026-02-02
CUST100438,43,Female,Patna,Bihar,Returning,2024-08-09
CUST100439,36,Female,Lucknow,Uttar Pradesh,Returning,2025-02-16
CUST100440,45,Male,Nagpur,Maharashtra,Returning,2025-08-06
CUST100441,25,Male,Pune,Maharashtra,New,2024-07-20
CUST100442,31,Male,Gurugram,Haryana,New,2025-07-24
CUST100443,41,Female,Coimbatore,Tamil Nadu,Returning,2024-10-02
CUST100444,54,Female,Chennai,Tamil Nadu,Returning,2024-08-08
CUST100445,43,Male,Patna,Bihar,Returning,2024-06-05
CUST100446,48,Female,Ludhiana,Punjab,Returning,2024-06-29
CUST100447,49,Male,Gurugram,Haryana,Returning,2025-12-25
CUST100448,58,Male,Noida,Uttar Pradesh,Returning,2024-05-08
CUST100449,19,Male,Madurai,Tamil Nadu,Returning,2024-08-30
CUST100450,42,Female,Nashik,Maharashtra,New,2024-06-20
CUST100451,19,Male,Noida,Uttar Pradesh,Returning,2025-05-17
CUST100452,59,Female,Kolkata,West Bengal,Returning,2025-04-24
CUST100453,18,Female,Warangal,Telangana,Returning,2026-05-26
CUST100454,53,Female,Cuttack,Odisha,New,2024-09-26
CUST100455,29,Female,Nashik,Maharashtra,Returning,2025-02-24
CUST100456,26,Male,Ahmedabad,Gujarat,New,2024-06-11
CUST100457,53,Female,Pune,Maharashtra,Returning,2024-01-24
CUST100458,58,Female,Surat,Gujarat,New,2025-05-11
CUST100459,45,Male,Mumbai,Maharashtra,New,2024-07-11
CUST100460,55,Female,Nagpur,Maharashtra,Returning,2026-05-27
CUST100461,50,Male,Nashik,Maharashtra,New,2025-01-24
CUST100462,59,Female,Bhopal,Madhya Pradesh,New,2025-05-11
CUST100463,39,Female,Lucknow,Uttar Pradesh,New,2026-03-16
CUST100464,42,Male,Kolkata,West Bengal,New,2024-05-08
CUST100465,35,Female,Faridabad,Haryana,Returning,2025-07-06
CUST100466,23,Male,Madurai,Tamil Nadu,Returning,2025-06-26
CUST100467,35,Female,New Delhi,Delhi,Returning,2024-02-05
CUST100468,33,Female,Kochi,Kerala,Returning,2025-04-01
CUST100469,32,Female,Mangaluru,Karnataka,Returning,2024-12-26
CUST100470,25,Female,Faridabad,Haryana,Returning,2026-02-03
CUST100471,30,Female,Pune,Maharashtra,Returning,2026-05-26
CUST100472,60,Male,Faridabad,Haryana,Returning,2024-08-02
CUST100473,24,Male,Nagpur,Maharashtra,Returning,2024-10-13
CUST100474,34,Female,Thiruvananthapuram,Kerala,Returning,2026-02-06
CUST100475,49,Female,Ahmedabad,Gujarat,New,2025-01-03
CUST100476,39,Male,Faridabad,Haryana,New,2025-04-13
CUST100477,30,Male,Pune,Maharashtra,Returning,2026-06-17
CUST100478,40,Male,Kolkata,West Bengal,Returning,2024-07-04
CUST100479,46,Male,Gurugram,Haryana,New,2025-04-18
CUST100480,39,Female,Surat,Gujarat,Returning,2024-03-01
CUST100481,18,Female,Jaipur,Rajasthan,Returning,2024-09-18
CUST100482,46,Male,Jabalpur,Madhya Pradesh,Returning,2026-02-26
CUST100483,22,Male,Hyderabad,Telangana,New,2024-04-20
CUST100484,52,Male,Jodhpur,Rajasthan,New,2026-04-08
CUST100485,27,Female,Kolkata,West Bengal,Returning,2024-05-20
CUST100486,36,Other,Bhubaneswar,Odisha,Returning,2026-01-14
CUST100487,54,Male,Pune,Maharashtra,New,2025-06-18
CUST100488,24,Female,New Delhi,Delhi,Returning,2024-03-19
CUST100489,52,Male,Ludhiana,Punjab,Returning,2025-05-08
CUST100490,30,Female,Thiruvananthapuram,Kerala,Returning,2024-01-31
CUST100491,27,Female,Warangal,Telangana,Returning,2025-05-30
CUST100492,19,Female,Jodhpur,Rajasthan,Returning,2025-05-23
CUST100493,23,Female,New Delhi,Delhi,New,2025-09-21
CUST100494,25,Female,Mysuru,Karnataka,New,2024-03-06
CUST100495,53,Male,Vadodara,Gujarat,New,2025-05-24
CUST100496,42,Female,Madurai,Tamil Nadu,New,2025-01-05
CUST100497,57,Male,Kolkata,West Bengal,New,2024-10-13
CUST100498,24,Female,Nagpur,Maharashtra,Returning,2024-06-24
CUST100499,40,Female,Gurugram,Haryana,Returning,2024-05-02
CUST100500,36,Male,Faridabad,Haryana,Returning,2024-08-18
CUST100501,39,Male,Gwalior,Madhya Pradesh,Returning,2025-07-08
CUST100502,30,Male,Vadodara,Gujarat,Returning,2024-01-04
CUST100503,38,Other,New Delhi,Delhi,New,2025-12-02
CUST100504,18,Female,Patna,Bihar,New,2026-03-26
CUST100505,36,Female,Bhopal,Madhya Pradesh,New,2025-02-15
CUST100506,50,Male,Mangaluru,Karnataka,Returning,2024-09-06
CUST100507,21,Other,Cuttack,Odisha,New,2025-10-17
CUST100508,59,Male,Patna,Bihar,Returning,2025-05-01
CUST100509,20,Male,Amritsar,Punjab,Returning,2024-12-10
CUST100510,44,Male,Noida,Uttar Pradesh,New,2026-06-12
CUST100511,58,Female,Jaipur,Rajasthan,New,2024-11-28
CUST100512,52,Male,Hyderabad,Telangana,Returning,2025-03-28
CUST100513,45,Male,Ludhiana,Punjab,Returning,2024-06-06
CUST100514,23,Male,Kochi,Kerala,Returning,2025-07-30
CUST100515,23,Female,Nagpur,Maharashtra,New,2026-04-16
CUST100516,40,Female,Nashik,Maharashtra,Returning,2024-09-26
CUST100517,50,Female,Coimbatore,Tamil Nadu,New,2025-08-09
CUST100518,33,Female,Gaya,Bihar,Returning,2025-02-21
CUST100519,41,Male,Faridabad,Haryana,Returning,2025-03-15
CUST100520,22,Female,Mangaluru,Karnataka,Returning,2024-01-29
CUST100521,58,Female,Udaipur,Rajasthan,Returning,2024-11-30
CUST100522,59,Female,Chennai,Tamil Nadu,Returning,2024-08-25
CUST100523,30,Male,Faridabad,Haryana,New,2024-06-01
CUST100524,29,Male,Gaya,Bihar,New,2025-08-28
CUST100525,22,Female,Patna,Bihar,Returning,2026-01-18
CUST100526,54,Female,Surat,Gujarat,Returning,2026-04-13
CUST100527,48,Female,Hyderabad,Telangana,Returning,2024-04-24
CUST100528,45,Male,New Delhi,Delhi,New,2026-03-18
CUST100529,45,Female,Nashik,Maharashtra,Returning,2025-12-31
CUST100530,47,Male,Kochi,Kerala,New,2026-01-27
CUST100531,35,Female,Gaya,Bihar,New,2025-02-02
CUST100532,44,Female,Gurugram,Haryana,New,2024-02-01
CUST100533,52,Male,Gurugram,Haryana,Returning,2025-06-15
CUST100534,43,Female,Kolkata,West Bengal,Returning,2024-02-22
CUST100535,56,Male,Varanasi,Uttar Pradesh,Returning,2025-12-18
CUST100536,35,Female,Amritsar,Punjab,Returning,2025-12-31
CUST100537,50,Male,Kochi,Kerala,New,2024-07-13
CUST100538,42,Male,New Delhi,Delhi,Returning,2024-10-31
CUST100539,48,Male,Warangal,Telangana,New,2025-12-07
CUST100540,54,Female,Nagpur,Maharashtra,Returning,2024-12-10
CUST100541,19,Female,Amritsar,Punjab,Returning,2024-03-22
CUST100542,50,Female,Jodhpur,Rajasthan,Returning,2024-01-01
CUST100543,56,Male,Mysuru,Karnataka,Returning,2024-06-15
CUST100544,60,Male,Indore,Madhya Pradesh,Returning,2024-11-12
CUST100545,60,Female,Jodhpur,Rajasthan,New,2024-07-01
CUST100546,49,Female,Madurai,Tamil Nadu,Returning,2026-06-16
CUST100547,35,Male,Nashik,Maharashtra,New,2026-05-11
CUST100548,34,Female,Gwalior,Madhya Pradesh,New,2024-09-29
CUST100549,51,Female,Ahmedabad,Gujarat,Returning,2025-10-30
CUST100550,56,Female,Lucknow,Uttar Pradesh,Returning,2025-01-07
CUST100551,24,Male,Vadodara,Gujarat,New,2024-12-27
CUST100552,59,Male,Kochi,Kerala,Returning,2026-06-18
CUST100553,52,Other,Kolkata,West Bengal,Returning,2024-07-19
CUST100554,47,Female,Kolkata,West Bengal,Returning,2024-07-10
CUST100555,29,Male,Thiruvananthapuram,Kerala,Returning,2024-12-06
CUST100556,52,Male,Hyderabad,Telangana,Returning,2024-10-25
CUST100557,28,Female,Mumbai,Maharashtra,New,2025-05-20
CUST100558,21,Male,Nagpur,Maharashtra,Returning,2025-08-10
CUST100559,42,Female,Noida,Uttar Pradesh,Returning,2024-05-19
CUST100560,49,Female,Jaipur,Rajasthan,Returning,2024-11-01
CUST100561,37,Female,Bhopal,Madhya Pradesh,Returning,2024-07-14
CUST100562,48,Female,Mysuru,Karnataka,New,2024-03-01
CUST100563,21,Male,Pune,Maharashtra,New,2024-12-25
CUST100564,55,Female,Nashik,Maharashtra,New,2024-11-02
CUST100565,18,Female,Madurai,Tamil Nadu,Returning,2025-04-24
CUST100566,20,Female,Jaipur,Rajasthan,New,2024-11-28
CUST100567,54,Male,Madurai,Tamil Nadu,New,2026-05-15
CUST100568,39,Male,Hyderabad,Telangana,Returning,2024-03-23
CUST100569,34,Male,Cuttack,Odisha,Returning,2024-11-29
CUST100570,31,Male,Chennai,Tamil Nadu,Returning,2025-05-31
CUST100571,58,Female,Vadodara,Gujarat,Returning,2025-12-31
CUST100572,52,Female,Noida,Uttar Pradesh,New,2026-02-04
CUST100573,30,Male,Coimbatore,Tamil Nadu,New,2025-04-18
CUST100574,52,Female,Jaipur,Rajasthan,Returning,2025-01-28
CUST100575,60,Female,Kochi,Kerala,Returning,2025-08-22
CUST100576,19,Male,Amritsar,Punjab,Returning,2025-12-21
CUST100577,30,Female,Mysuru,Karnataka,New,2025-11-22
CUST100578,33,Female,Bhubaneswar,Odisha,New,2025-12-20
CUST100579,35,Male,Ahmedabad,Gujarat,Returning,2026-02-23
CUST100580,24,Female,New Delhi,Delhi,Returning,2025-07-30
CUST100581,53,Male,Hyderabad,Telangana,Returning,2025-01-14
CUST100582,58,Male,Gurugram,Haryana,Returning,2024-01-21
CUST100583,47,Male,Surat,Gujarat,Returning,2026-05-28
CUST100584,59,Male,Coimbatore,Tamil Nadu,Returning,2024-06-25
CUST100585,58,Female,Udaipur,Rajasthan,Returning,2024-12-28
CUST100586,24,Female,Mysuru,Karnataka,Returning,2024-01-22
CUST100587,32,Female,Nagpur,Maharashtra,Returning,2026-04-16
CUST100588,57,Female,Nashik,Maharashtra,Returning,2025-07-01
CUST100589,36,Other,Nashik,Maharashtra,Returning,2024-09-06
CUST100590,60,Male,Mangaluru,Karnataka,New,2025-10-22
CUST100591,54,Female,Mumbai,Maharashtra,Returning,2024-03-13
CUST100592,19,Female,Gwalior,Madhya Pradesh,Returning,2024-03-31
CUST100593,59,Female,Bengaluru,Karnataka,New,2024-06-24
CUST100594,30,Female,Chennai,Tamil Nadu,Returning,2024-05-05
CUST100595,57,Female,Bhubaneswar,Odisha,New,2024-07-22
CUST100596,58,Male,Surat,Gujarat,Returning,2024-09-02
CUST100597,60,Male,Indore,Madhya Pradesh,Returning,2025-09-02
CUST100598,60,Male,Mysuru,Karnataka,New,2024-09-27
CUST100599,48,Female,Bengaluru,Karnataka,Returning,2024-02-13
CUST100600,33,Female,Mumbai,Maharashtra,Returning,2026-01-03
CUST100601,59,Male,Bengaluru,Karnataka,Returning,2025-08-31
CUST100602,23,Male,New Delhi,Delhi,Returning,2025-07-01
CUST100603,45,Male,Bengaluru,Karnataka,Returning,2024-06-16
CUST100604,49,Male,Mumbai,Maharashtra,Returning,2025-03-10
CUST100605,27,Male,Pune,Maharashtra,Returning,2024-01-30
CUST100606,35,Male,Hyderabad,Telangana,New,2026-03-04
CUST100607,21,Female,Mysuru,Karnataka,Returning,2025-08-19
CUST100608,26,Male,Madurai,Tamil Nadu,New,2024-12-22
CUST100609,24,Female,Ahmedabad,Gujarat,Returning,2025-05-05
CUST100610,25,Female,Gwalior,Madhya Pradesh,Returning,2025-09-24
CUST100611,60,Male,Pune,Maharashtra,New,2026-03-09
CUST100612,24,Female,Kanpur,Uttar Pradesh,Returning,2024-09-04
CUST100613,58,Female,Jodhpur,Rajasthan,New,2025-11-26
CUST100614,57,Female,Nagpur,Maharashtra,Returning,2024-09-09
CUST100615,20,Female,Thiruvananthapuram,Kerala,Returning,2026-02-23
CUST100616,34,Female,Cuttack,Odisha,Returning,2025-12-21
CUST100617,19,Female,Mumbai,Maharashtra,Returning,2026-05-15
CUST100618,32,Female,New Delhi,Delhi,Returning,2025-01-16
CUST100619,46,Female,Patna,Bihar,Returning,2025-06-19
CUST100620,39,Other,Noida,Uttar Pradesh,Returning,2025-09-25
CUST100621,21,Female,Bengaluru,Karnataka,Returning,2026-01-06
CUST100622,23,Female,Mysuru,Karnataka,Returning,2026-06-18
CUST100623,55,Male,Chennai,Tamil Nadu,Returning,2026-06-16
CUST100624,43,Male,Vadodara,Gujarat,Returning,2025-02-22
CUST100625,28,Male,Jaipur,Rajasthan,New,2024-05-02
CUST100626,43,Female,Coimbatore,Tamil Nadu,Returning,2024-10-20
CUST100627,34,Male,Surat,Gujarat,Returning,2025-11-15
CUST100628,41,Male,Kanpur,Uttar Pradesh,New,2024-05-22
CUST100629,45,Male,Pune,Maharashtra,Returning,2026-06-17
CUST100630,52,Male,New Delhi,Delhi,Returning,2025-05-25
CUST100631,48,Male,Lucknow,Uttar Pradesh,Returning,2025-11-11
CUST100632,30,Male,Bhubaneswar,Odisha,New,2024-02-26
CUST100633,52,Male,Vadodara,Gujarat,Returning,2024-02-11
CUST100634,33,Female,Surat,Gujarat,Returning,2026-03-31
CUST100635,32,Male,Nagpur,Maharashtra,Returning,2025-09-22
CUST100636,60,Male,Hyderabad,Telangana,Returning,2024-04-30
CUST100637,35,Female,Vadodara,Gujarat,New,2026-04-03
CUST100638,54,Other,Mysuru,Karnataka,Returning,2026-02-01
CUST100639,58,Female,New Delhi,Delhi,Returning,2024-12-08
CUST100640,44,Male,Madurai,Tamil Nadu,New,2024-11-27
CUST100641,52,Male,Nashik,Maharashtra,New,2025-03-31
CUST100642,52,Female,New Delhi,Delhi,New,2025-03-12
CUST100643,45,Male,Mysuru,Karnataka,New,2024-12-06
CUST100644,56,Female,Coimbatore,Tamil Nadu,New,2024-12-06
CUST100645,55,Female,Mumbai,Maharashtra,Returning,2025-02-19
CUST100646,26,Female,Thiruvananthapuram,Kerala,Returning,2026-04-28
CUST100647,29,Female,Jaipur,Rajasthan,Returning,2024-06-30
CUST100648,32,Female,Gwalior,Madhya Pradesh,Returning,2025-11-07
CUST100649,38,Other,Lucknow,Uttar Pradesh,Returning,2024-09-20
CUST100650,52,Other,Surat,Gujarat,Returning,2024-07-28
CUST100651,59,Female,Nagpur,Maharashtra,Returning,2025-06-06
CUST100652,50,Male,Surat,Gujarat,Returning,2024-06-30
CUST100653,36,Female,Kolkata,West Bengal,Returning,2025-03-19
CUST100654,40,Female,Lucknow,Uttar Pradesh,Returning,2024-09-07
CUST100655,30,Female,Hyderabad,Telangana,New,2024-05-17
CUST100656,18,Male,Nagpur,Maharashtra,Returning,2024-08-05
CUST100657,46,Male,New Delhi,Delhi,Returning,2026-01-20
CUST100658,41,Female,Chennai,Tamil Nadu,Returning,2025-03-29
CUST100659,33,Female,Indore,Madhya Pradesh,New,2026-06-01
CUST100660,42,Female,Kolkata,West Bengal,Returning,2026-04-28
CUST100661,40,Male,Chennai,Tamil Nadu,New,2024-03-27
CUST100662,45,Male,Gurugram,Haryana,New,2026-03-20
CUST100663,33,Female,Udaipur,Rajasthan,New,2024-10-19
CUST100664,60,Male,Bengaluru,Karnataka,Returning,2024-04-01
CUST100665,55,Female,Nagpur,Maharashtra,Returning,2024-07-26
CUST100666,28,Male,Bengaluru,Karnataka,New,2024-07-22
CUST100667,20,Male,New Delhi,Delhi,Returning,2024-07-04
CUST100668,32,Female,Mangaluru,Karnataka,New,2024-03-25
CUST100669,18,Male,Bengaluru,Karnataka,New,2026-04-06
CUST100670,24,Male,New Delhi,Delhi,Returning,2025-10-25
CUST100671,18,Female,Mangaluru,Karnataka,New,2024-06-04
CUST100672,49,Female,Bhubaneswar,Odisha,Returning,2024-10-19
CUST100673,26,Male,Pune,Maharashtra,New,2025-06-16
CUST100674,46,Female,Ahmedabad,Gujarat,New,2024-06-09
CUST100675,43,Female,Hyderabad,Telangana,Returning,2025-01-20
CUST100676,40,Female,Faridabad,Haryana,Returning,2025-04-29
CUST100677,60,Male,Nashik,Maharashtra,New,2025-05-17
CUST100678,46,Male,Chennai,Tamil Nadu,Returning,2026-04-30
CUST100679,55,Male,Faridabad,Haryana,Returning,2024-06-04
CUST100680,50,Male,Kochi,Kerala,Returning,2024-05-22
CUST100681,24,Female,Gaya,Bihar,New,2026-02-07
CUST100682,29,Male,New Delhi,Delhi,Returning,2025-09-10
CUST100683,48,Male,Mangaluru,Karnataka,Returning,2024-10-10
CUST100684,49,Female,Gwalior,Madhya Pradesh,New,2025-07-15
CUST100685,37,Female,Bhubaneswar,Odisha,Returning,2024-02-04
CUST100686,34,Female,Kolkata,West Bengal,Returning,2024-08-11
CUST100687,53,Male,Kolkata,West Bengal,Returning,2025-10-29
CUST100688,20,Male,New Delhi,Delhi,Returning,2025-01-27
CUST100689,18,Male,Noida,Uttar Pradesh,Returning,2025-02-11
CUST100690,44,Other,Mangaluru,Karnataka,Returning,2025-12-03
CUST100691,57,Female,Chennai,Tamil Nadu,Returning,2025-01-22
CUST100692,50,Male,Hyderabad,Telangana,Returning,2025-11-26
CUST100693,37,Male,Ahmedabad,Gujarat,Returning,2026-01-18
CUST100694,31,Female,Mangaluru,Karnataka,New,2024-10-23
CUST100695,53,Male,Mumbai,Maharashtra,New,2024-11-18
CUST100696,22,Female,Jaipur,Rajasthan,Returning,2026-03-26
CUST100697,40,Male,New Delhi,Delhi,New,2026-05-03
CUST100698,32,Male,Kolkata,West Bengal,Returning,2025-05-02
CUST100699,23,Male,Bengaluru,Karnataka,Returning,2025-07-23
CUST100700,50,Male,Surat,Gujarat,Returning,2024-02-08
CUST100701,36,Female,Vadodara,Gujarat,Returning,2025-05-19
CUST100702,30,Male,Nagpur,Maharashtra,Returning,2025-05-17
CUST100703,46,Female,Madurai,Tamil Nadu,New,2026-01-22
CUST100704,23,Male,Pune,Maharashtra,Returning,2025-06-20
CUST100705,32,Male,Nagpur,Maharashtra,New,2024-11-11
CUST100706,33,Male,Faridabad,Haryana,Returning,2025-05-10
CUST100707,41,Female,New Delhi,Delhi,New,2024-04-26
CUST100708,40,Male,Gaya,Bihar,New,2024-12-07
CUST100709,27,Male,New Delhi,Delhi,Returning,2026-05-31
CUST100710,58,Male,Jabalpur,Madhya Pradesh,New,2024-08-27
CUST100711,58,Female,Varanasi,Uttar Pradesh,Returning,2025-11-17
CUST100712,34,Female,Jaipur,Rajasthan,Returning,2025-03-20
CUST100713,47,Female,Ahmedabad,Gujarat,New,2026-05-01
CUST100714,27,Male,Hyderabad,Telangana,New,2026-01-09
CUST100715,36,Male,Madurai,Tamil Nadu,Returning,2025-05-01
CUST100716,46,Other,Cuttack,Odisha,Returning,2026-02-03
CUST100717,19,Female,Patna,Bihar,Returning,2025-02-14
CUST100718,53,Female,Faridabad,Haryana,New,2026-06-10
CUST100719,36,Male,Nashik,Maharashtra,Returning,2025-09-14
CUST100720,24,Male,Kanpur,Uttar Pradesh,Returning,2026-01-22
CUST100721,43,Male,Ludhiana,Punjab,Returning,2026-01-05
CUST100722,32,Male,Bengaluru,Karnataka,New,2024-10-24
CUST100723,55,Female,Nagpur,Maharashtra,Returning,2024-02-21
CUST100724,20,Male,Noida,Uttar Pradesh,New,2026-01-02
CUST100725,55,Male,Kolkata,West Bengal,New,2024-10-30
CUST100726,33,Male,Patna,Bihar,Returning,2024-10-14
CUST100727,19,Female,Pune,Maharashtra,Returning,2025-10-25
CUST100728,48,Female,Kanpur,Uttar Pradesh,Returning,2026-06-17
CUST100729,45,Female,Mangaluru,Karnataka,Returning,2024-04-27
CUST100730,24,Male,Bengaluru,Karnataka,Returning,2025-02-27
CUST100731,47,Female,Mangaluru,Karnataka,Returning,2026-03-01
CUST100732,60,Female,Gaya,Bihar,Returning,2025-10-08
CUST100733,24,Female,Gwalior,Madhya Pradesh,Returning,2024-07-27
CUST100734,53,Male,Ahmedabad,Gujarat,New,2024-05-06
CUST100735,46,Female,Coimbatore,Tamil Nadu,New,2024-10-19
CUST100736,41,Male,Kochi,Kerala,Returning,2025-06-02
CUST100737,56,Female,Chennai,Tamil Nadu,Returning,2024-08-09
CUST100738,21,Female,Gaya,Bihar,New,2024-03-17
CUST100739,46,Male,Warangal,Telangana,Returning,2024-12-03
CUST100740,22,Female,Chennai,Tamil Nadu,Returning,2026-05-12
CUST100741,46,Female,Ahmedabad,Gujarat,Returning,2026-02-28
CUST100742,47,Female,New Delhi,Delhi,New,2026-04-25
CUST100743,46,Male,Varanasi,Uttar Pradesh,New,2026-04-29
CUST100744,43,Male,Vadodara,Gujarat,Returning,2026-01-08
CUST100745,36,Female,Mysuru,Karnataka,Returning,2024-10-01
CUST100746,43,Female,Bhubaneswar,Odisha,New,2026-05-12
CUST100747,54,Male,Coimbatore,Tamil Nadu,New,2026-03-17
CUST100748,44,Male,Kolkata,West Bengal,Returning,2024-04-26
CUST100749,47,Female,Cuttack,Odisha,New,2024-10-18
CUST100750,47,Male,Jaipur,Rajasthan,Returning,2024-09-27
CUST100751,20,Male,Nagpur,Maharashtra,Returning,2025-03-22
CUST100752,60,Male,Amritsar,Punjab,New,2024-06-05
CUST100753,24,Male,Udaipur,Rajasthan,New,2025-07-25
CUST100754,26,Female,Chennai,Tamil Nadu,Returning,2024-07-02
CUST100755,58,Female,Pune,Maharashtra,New,2025-02-27
CUST100756,59,Male,Varanasi,Uttar Pradesh,Returning,2025-10-17
CUST100757,30,Male,Jodhpur,Rajasthan,Returning,2025-11-03
CUST100758,32,Female,Vadodara,Gujarat,Returning,2025-08-23
CUST100759,22,Male,Bhubaneswar,Odisha,New,2024-01-16
CUST100760,46,Male,Lucknow,Uttar Pradesh,New,2026-01-30
CUST100761,52,Other,Bengaluru,Karnataka,Returning,2024-04-07
CUST100762,44,Male,New Delhi,Delhi,Returning,2025-09-07
CUST100763,44,Other,New Delhi,Delhi,New,2024-10-26
CUST100764,25,Female,Kanpur,Uttar Pradesh,Returning,2026-01-16
CUST100765,49,Male,Nashik,Maharashtra,Returning,2025-02-25
CUST100766,37,Male,Kolkata,West Bengal,Returning,2024-11-02
CUST100767,27,Female,Varanasi,Uttar Pradesh,New,2024-09-30
CUST100768,30,Female,Kochi,Kerala,Returning,2024-09-17
CUST100769,46,Male,Madurai,Tamil Nadu,Returning,2024-08-26
CUST100770,52,Female,Gaya,Bihar,Returning,2026-02-12
CUST100771,25,Male,Nashik,Maharashtra,Returning,2024-11-27
CUST100772,46,Female,Thiruvananthapuram,Kerala,New,2024-04-24
CUST100773,48,Female,Mumbai,Maharashtra,New,2024-09-24
CUST100774,58,Female,Madurai,Tamil Nadu,New,2024-01-12
CUST100775,47,Female,Noida,Uttar Pradesh,Returning,2024-03-13
CUST100776,39,Male,Mangaluru,Karnataka,Returning,2026-05-23
CUST100777,38,Male,Mangaluru,Karnataka,New,2025-02-09
CUST100778,29,Female,Lucknow,Uttar Pradesh,New,2026-03-27
CUST100779,28,Female,Varanasi,Uttar Pradesh,New,2024-06-26
CUST100780,19,Female,Gwalior,Madhya Pradesh,New,2026-02-10
CUST100781,58,Female,Indore,Madhya Pradesh,Returning,2024-09-15
CUST100782,19,Male,Kolkata,West Bengal,New,2025-02-03
CUST100783,51,Female,New Delhi,Delhi,New,2024-09-26
CUST100784,20,Female,Chennai,Tamil Nadu,Returning,2026-04-11
CUST100785,33,Male,Bengaluru,Karnataka,Returning,2025-09-23
CUST100786,21,Female,Bhubaneswar,Odisha,Returning,2025-11-11
CUST100787,40,Female,Kolkata,West Bengal,New,2025-04-30
CUST100788,37,Female,Chennai,Tamil Nadu,New,2025-08-02
CUST100789,42,Male,Surat,Gujarat,Returning,2024-02-28
CUST100790,47,Male,Ludhiana,Punjab,New,2025-10-03
CUST100791,35,Male,Mangaluru,Karnataka,New,2026-06-05
CUST100792,59,Female,Kolkata,West Bengal,Returning,2024-09-22
CUST100793,28,Female,Vadodara,Gujarat,Returning,2024-03-15
CUST100794,46,Male,Udaipur,Rajasthan,New,2024-03-30
CUST100795,34,Male,Nagpur,Maharashtra,New,2025-05-19
CUST100796,43,Other,Thiruvananthapuram,Kerala,Returning,2024-12-22
CUST100797,40,Female,Amritsar,Punjab,New,2024-06-02
CUST100798,37,Female,Kolkata,West Bengal,Returning,2026-06-18
CUST100799,19,Male,Bhopal,Madhya Pradesh,Returning,2024-08-05
CUST100800,41,Male,Cuttack,Odisha,Returning,2025-04-30
CUST100801,48,Male,Noida,Uttar Pradesh,Returning,2025-06-23
CUST100802,44,Male,Mangaluru,Karnataka,New,2024-05-09
CUST100803,19,Male,Kolkata,West Bengal,New,2024-03-06
CUST100804,31,Male,Udaipur,Rajasthan,Returning,2024-05-23
CUST100805,21,Male,Hyderabad,Telangana,Returning,2025-01-14
CUST100806,30,Male,Kanpur,Uttar Pradesh,Returning,2024-11-08
CUST100807,53,Male,Ludhiana,Punjab,Returning,2025-02-10
CUST100808,52,Female,Bhubaneswar,Odisha,Returning,2025-02-10
CUST100809,25,Female,Warangal,Telangana,Returning,2024-10-03
CUST100810,19,Male,Nashik,Maharashtra,Returning,2025-09-06
CUST100811,23,Female,Faridabad,Haryana,Returning,2025-02-12
CUST100812,48,Male,Gaya,Bihar,Returning,2024-11-09
CUST100813,27,Female,Nagpur,Maharashtra,New,2025-07-02
CUST100814,38,Female,Cuttack,Odisha,Returning,2024-09-05
CUST100815,59,Male,Thiruvananthapuram,Kerala,Returning,2025-04-05
CUST100816,27,Female,Vadodara,Gujarat,New,2025-02-02
CUST100817,40,Female,Udaipur,Rajasthan,Returning,2025-10-29
CUST100818,20,Female,Coimbatore,Tamil Nadu,Returning,2025-03-26
CUST100819,49,Male,Nagpur,Maharashtra,Returning,2025-04-15
CUST100820,37,Female,Madurai,Tamil Nadu,New,2025-10-05
CUST100821,27,Male,Lucknow,Uttar Pradesh,Returning,2025-07-12
CUST100822,46,Female,Nagpur,Maharashtra,New,2025-03-09
CUST100823,58,Male,Chennai,Tamil Nadu,Returning,2025-03-21
CUST100824,51,Female,Coimbatore,Tamil Nadu,New,2025-12-07
CUST100825,54,Female,Vadodara,Gujarat,Returning,2024-04-12
CUST100826,37,Female,Bhubaneswar,Odisha,Returning,2024-11-23
CUST100827,25,Female,Madurai,Tamil Nadu,New,2025-11-13
CUST100828,24,Male,Coimbatore,Tamil Nadu,Returning,2025-08-23
CUST100829,23,Female,Lucknow,Uttar Pradesh,Returning,2024-09-02
CUST100830,28,Female,Warangal,Telangana,New,2024-02-27
CUST100831,35,Male,Mysuru,Karnataka,New,2024-04-14
CUST100832,59,Female,Warangal,Telangana,New,2025-11-22
CUST100833,46,Female,Nagpur,Maharashtra,New,2024-03-09
CUST100834,42,Male,Bengaluru,Karnataka,Returning,2024-10-28
CUST100835,38,Male,Surat,Gujarat,Returning,2024-06-01
CUST100836,20,Female,Hyderabad,Telangana,New,2025-06-20
CUST100837,35,Female,Cuttack,Odisha,Returning,2026-06-07
CUST100838,41,Male,Coimbatore,Tamil Nadu,Returning,2024-02-04
CUST100839,55,Female,Kolkata,West Bengal,New,2024-01-15
CUST100840,27,Male,Jodhpur,Rajasthan,New,2024-04-15
CUST100841,44,Female,Nagpur,Maharashtra,New,2025-12-30
CUST100842,29,Male,Gwalior,Madhya Pradesh,Returning,2026-06-14
CUST100843,24,Female,Bengaluru,Karnataka,Returning,2024-03-14
CUST100844,34,Male,Faridabad,Haryana,Returning,2026-05-05
CUST100845,18,Female,Mangaluru,Karnataka,New,2024-10-11
CUST100846,43,Male,Warangal,Telangana,Returning,2025-07-03
CUST100847,32,Female,Nagpur,Maharashtra,Returning,2024-07-15
CUST100848,50,Female,Faridabad,Haryana,Returning,2024-10-06
CUST100849,54,Male,Ahmedabad,Gujarat,Returning,2026-02-25
CUST100850,48,Male,Jaipur,Rajasthan,Returning,2025-11-16
CUST100851,52,Male,Nagpur,Maharashtra,Returning,2026-03-27
CUST100852,18,Female,Lucknow,Uttar Pradesh,Returning,2025-07-09
CUST100853,25,Male,Mangaluru,Karnataka,Returning,2025-10-27
CUST100854,29,Female,Cuttack,Odisha,Returning,2024-06-01
CUST100855,36,Male,Mysuru,Karnataka,Returning,2024-10-17
CUST100856,42,Male,Bengaluru,Karnataka,Returning,2024-05-21
CUST100857,49,Female,Nashik,Maharashtra,Returning,2026-02-06
CUST100858,29,Male,Surat,Gujarat,Returning,2024-11-07
CUST100859,30,Male,Kolkata,West Bengal,New,2025-10-07
CUST100860,45,Female,Pune,Maharashtra,New,2024-02-01
CUST100861,18,Male,Noida,Uttar Pradesh,Returning,2024-01-26
CUST100862,23,Female,Warangal,Telangana,New,2024-09-11
CUST100863,25,Male,Vadodara,Gujarat,New,2026-01-04
CUST100864,21,Female,Warangal,Telangana,Returning,2024-02-25
CUST100865,22,Female,Coimbatore,Tamil Nadu,Returning,2024-10-19
CUST100866,42,Female,Kolkata,West Bengal,New,2025-09-28
CUST100867,39,Male,Mysuru,Karnataka,New,2024-08-17
CUST100868,45,Male,Mangaluru,Karnataka,Returning,2024-02-22
CUST100869,56,Male,Thiruvananthapuram,Kerala,New,2024-04-10
CUST100870,40,Female,Amritsar,Punjab,Returning,2025-04-11
CUST100871,21,Female,Coimbatore,Tamil Nadu,New,2026-04-25
CUST100872,21,Male,New Delhi,Delhi,Returning,2026-03-14
CUST100873,38,Male,Indore,Madhya Pradesh,Returning,2026-05-18
CUST100874,54,Female,Warangal,Telangana,Returning,2024-09-23
CUST100875,58,Female,Nagpur,Maharashtra,New,2026-03-05
CUST100876,19,Male,Mysuru,Karnataka,Returning,2024-01-02
CUST100877,24,Female,Lucknow,Uttar Pradesh,Returning,2024-01-22
CUST100878,33,Male,Jabalpur,Madhya Pradesh,New,2025-07-31
CUST100879,34,Male,Nagpur,Maharashtra,Returning,2024-07-30
CUST100880,37,Male,Mangaluru,Karnataka,Returning,2024-08-23
CUST100881,40,Male,Mangaluru,Karnataka,Returning,2026-05-29
CUST100882,51,Female,Jabalpur,Madhya Pradesh,New,2025-06-12
CUST100883,28,Male,Nagpur,Maharashtra,New,2025-01-22
CUST100884,51,Male,Pune,Maharashtra,Returning,2024-01-14
CUST100885,50,Female,Noida,Uttar Pradesh,Returning,2025-06-02
CUST100886,43,Male,Mysuru,Karnataka,Returning,2026-04-26
CUST100887,19,Female,Bhopal,Madhya Pradesh,Returning,2024-08-09
CUST100888,40,Male,Bengaluru,Karnataka,New,2025-09-07
CUST100889,58,Female,Pune,Maharashtra,Returning,2025-02-06
CUST100890,39,Male,Mangaluru,Karnataka,New,2025-05-27
CUST100891,51,Female,Noida,Uttar Pradesh,Returning,2024-10-13
CUST100892,32,Female,Thiruvananthapuram,Kerala,Returning,2025-01-18
CUST100893,27,Other,Gaya,Bihar,Returning,2024-09-03
CUST100894,32,Male,Madurai,Tamil Nadu,Returning,2026-06-18
CUST100895,59,Female,Bhopal,Madhya Pradesh,New,2024-03-31
CUST100896,46,Female,Mysuru,Karnataka,Returning,2026-04-05
CUST100897,40,Female,New Delhi,Delhi,New,2024-11-07
CUST100898,34,Male,Cuttack,Odisha,New,2025-03-12
CUST100899,26,Male,Mumbai,Maharashtra,New,2025-12-26
CUST100900,53,Male,Pune,Maharashtra,Returning,2024-02-12
CUST100901,26,Male,Mangaluru,Karnataka,New,2024-03-14
CUST100902,33,Male,Nagpur,Maharashtra,Returning,2026-01-23
CUST100903,53,Female,Mysuru,Karnataka,Returning,2025-07-14
CUST100904,50,Female,Kolkata,West Bengal,Returning,2026-05-29
CUST100905,48,Male,Warangal,Telangana,New,2026-05-25
CUST100906,23,Male,Cuttack,Odisha,New,2024-11-11
CUST100907,27,Male,Patna,Bihar,Returning,2026-01-03
CUST100908,33,Male,Madurai,Tamil Nadu,Returning,2026-05-11
CUST100909,21,Male,New Delhi,Delhi,New,2024-05-23
CUST100910,39,Male,Chennai,Tamil Nadu,Returning,2024-11-24
CUST100911,30,Female,Jaipur,Rajasthan,Returning,2024-07-27
CUST100912,33,Female,New Delhi,Delhi,Returning,2024-04-08
CUST100913,46,Male,Jaipur,Rajasthan,Returning,2025-11-30
CUST100914,23,Male,Hyderabad,Telangana,Returning,2024-04-23
CUST100915,43,Female,Kolkata,West Bengal,Returning,2024-06-23
CUST100916,28,Female,Hyderabad,Telangana,New,2024-09-27
CUST100917,41,Female,New Delhi,Delhi,Returning,2024-03-03
CUST100918,46,Female,Amritsar,Punjab,Returning,2026-03-06
CUST100919,20,Male,Noida,Uttar Pradesh,New,2025-02-07
CUST100920,27,Female,Nashik,Maharashtra,Returning,2024-08-12
CUST100921,18,Male,Thiruvananthapuram,Kerala,New,2024-06-09
CUST100922,60,Female,Vadodara,Gujarat,New,2024-02-05
CUST100923,43,Male,Cuttack,Odisha,New,2025-01-15
CUST100924,29,Female,Lucknow,Uttar Pradesh,Returning,2025-10-14
CUST100925,31,Male,Warangal,Telangana,Returning,2024-11-13
CUST100926,42,Male,Pune,Maharashtra,Returning,2025-12-08
CUST100927,25,Male,New Delhi,Delhi,Returning,2025-10-24
CUST100928,60,Female,Kolkata,West Bengal,New,2025-03-31
CUST100929,21,Female,Jodhpur,Rajasthan,Returning,2024-09-25
CUST100930,45,Female,New Delhi,Delhi,Returning,2024-12-09
CUST100931,24,Female,Mumbai,Maharashtra,Returning,2024-02-09
CUST100932,27,Male,Gaya,Bihar,Returning,2026-01-19
CUST100933,53,Male,Faridabad,Haryana,New,2025-02-17
CUST100934,19,Male,Ahmedabad,Gujarat,Returning,2025-01-14
CUST100935,43,Male,Mangaluru,Karnataka,Returning,2024-08-09
CUST100936,31,Female,New Delhi,Delhi,New,2024-10-07
CUST100937,33,Female,Mumbai,Maharashtra,Returning,2024-08-12
CUST100938,60,Female,Bhubaneswar,Odisha,Returning,2025-04-01
CUST100939,59,Male,Mumbai,Maharashtra,New,2024-06-02
CUST100940,34,Male,Kolkata,West Bengal,Returning,2024-10-06
CUST100941,39,Female,New Delhi,Delhi,Returning,2024-12-18
CUST100942,21,Female,Kolkata,West Bengal,Returning,2024-02-08
CUST100943,36,Male,Gwalior,Madhya Pradesh,New,2025-12-29
CUST100944,19,Male,Gaya,Bihar,New,2026-01-25
CUST100945,56,Male,Mangaluru,Karnataka,New,2025-09-12
CUST100946,26,Female,Nagpur,Maharashtra,Returning,2025-07-26
CUST100947,36,Female,Nagpur,Maharashtra,Returning,2025-05-03
CUST100948,33,Male,Cuttack,Odisha,Returning,2024-07-16
CUST100949,42,Male,Kochi,Kerala,New,2024-10-02
CUST100950,35,Female,Jaipur,Rajasthan,New,2024-06-20
CUST100951,40,Male,Udaipur,Rajasthan,Returning,2026-02-22
CUST100952,38,Male,Jabalpur,Madhya Pradesh,Returning,2025-05-22
CUST100953,28,Female,Mangaluru,Karnataka,Returning,2025-02-08
CUST100954,56,Female,Cuttack,Odisha,Returning,2024-09-27
CUST100955,58,Female,Warangal,Telangana,Returning,2025-07-07
CUST100956,21,Female,Chennai,Tamil Nadu,Returning,2025-12-01
CUST100957,42,Male,Ahmedabad,Gujarat,Returning,2026-02-10
CUST100958,49,Female,Nashik,Maharashtra,Returning,2025-10-25
CUST100959,47,Male,Mysuru,Karnataka,Returning,2024-05-10
CUST100960,43,Other,Noida,Uttar Pradesh,Returning,2025-09-17
CUST100961,53,Female,Mumbai,Maharashtra,Returning,2025-01-19
CUST100962,51,Male,Jodhpur,Rajasthan,New,2026-01-03
CUST100963,26,Male,New Delhi,Delhi,New,2025-01-31
CUST100964,29,Male,Coimbatore,Tamil Nadu,Returning,2025-07-19
CUST100965,19,Male,New Delhi,Delhi,New,2026-04-29
CUST100966,55,Female,Chennai,Tamil Nadu,New,2024-10-22
CUST100967,22,Female,Varanasi,Uttar Pradesh,Returning,2025-01-17
CUST100968,22,Male,New Delhi,Delhi,New,2025-05-26
CUST100969,39,Male,Kolkata,West Bengal,Returning,2025-01-29
CUST100970,22,Female,Ahmedabad,Gujarat,Returning,2025-07-07
CUST100971,21,Male,Jabalpur,Madhya Pradesh,Returning,2025-08-27
CUST100972,26,Female,Ludhiana,Punjab,New,2024-09-16
CUST100973,46,Other,Lucknow,Uttar Pradesh,New,2024-10-07
CUST100974,39,Male,Mysuru,Karnataka,Returning,2024-12-21
CUST100975,44,Female,Mumbai,Maharashtra,Returning,2025-02-23
CUST100976,27,Male,New Delhi,Delhi,Returning,2024-07-10
CUST100977,33,Female,Jaipur,Rajasthan,New,2025-09-28
CUST100978,59,Female,Nashik,Maharashtra,Returning,2025-03-03
CUST100979,59,Female,Surat,Gujarat,New,2026-03-18
CUST100980,27,Female,Jodhpur,Rajasthan,Returning,2024-12-13
CUST100981,23,Female,Madurai,Tamil Nadu,Returning,2025-03-04
CUST100982,22,Male,Noida,Uttar Pradesh,Returning,2025-01-26
CUST100983,23,Male,Pune,Maharashtra,Returning,2024-12-06
CUST100984,42,Female,Nagpur,Maharashtra,Returning,2025-06-30
CUST100985,21,Male,Kanpur,Uttar Pradesh,Returning,2025-02-05
CUST100986,57,Male,Vadodara,Gujarat,Returning,2024-02-16
CUST100987,49,Male,Jabalpur,Madhya Pradesh,Returning,2025-10-26
CUST100988,52,Male,Hyderabad,Telangana,Returning,2026-01-19
CUST100989,27,Female,New Delhi,Delhi,Returning,2025-02-28
CUST100990,51,Male,Gaya,Bihar,Returning,2025-05-31
CUST100991,53,Male,Noida,Uttar Pradesh,Returning,2025-09-28
CUST100992,23,Female,Gwalior,Madhya Pradesh,Returning,2026-05-28
CUST100993,60,Female,New Delhi,Delhi,New,2024-11-23
CUST100994,33,Female,Jaipur,Rajasthan,New,2024-03-27
CUST100995,36,Female,Madurai,Tamil Nadu,New,2025-05-29
CUST100996,51,Female,Nagpur,Maharashtra,Returning,2024-06-13
CUST100997,42,Male,Bhubaneswar,Odisha,Returning,2024-08-10
CUST100998,48,Female,Mumbai,Maharashtra,Returning,2026-05-10
CUST100999,58,Male,Ludhiana,Punjab,Returning,2024-10-23
CUST101000,34,Male,Hyderabad,Telangana,Returning,2025-03-26
CUST101001,47,Female,Bengaluru,Karnataka,New,2024-12-08
CUST101002,56,Female,Kolkata,West Bengal,Returning,2024-12-06
CUST101003,48,Female,Thiruvananthapuram,Kerala,Returning,2025-04-05
CUST101004,36,Female,Lucknow,Uttar Pradesh,Returning,2025-01-26
CUST101005,52,Female,Gaya,Bihar,New,2025-06-20
CUST101006,46,Female,Bhopal,Madhya Pradesh,Returning,2025-07-04
CUST101007,18,Male,Indore,Madhya Pradesh,Returning,2025-02-24
CUST101008,21,Male,Kochi,Kerala,Returning,2025-01-15
CUST101009,45,Female,New Delhi,Delhi,Returning,2025-09-08
CUST101010,35,Female,Surat,Gujarat,Returning,2024-01-05
CUST101011,43,Male,Bengaluru,Karnataka,Returning,2025-10-09
CUST101012,57,Male,Gurugram,Haryana,Returning,2024-01-04
CUST101013,36,Male,Ludhiana,Punjab,Returning,2025-11-11
CUST101014,23,Male,Nashik,Maharashtra,Returning,2024-11-11
CUST101015,18,Female,Indore,Madhya Pradesh,New,2026-04-01
CUST101016,25,Female,Cuttack,Odisha,Returning,2024-03-18
CUST101017,50,Male,Mangaluru,Karnataka,New,2025-06-14
CUST101018,60,Female,Kolkata,West Bengal,New,2025-12-17
CUST101019,38,Other,Cuttack,Odisha,New,2024-12-20
CUST101020,41,Male,Nagpur,Maharashtra,New,2026-04-15
CUST101021,42,Male,Indore,Madhya Pradesh,Returning,2024-02-02
CUST101022,60,Female,New Delhi,Delhi,Returning,2025-10-23
CUST101023,36,Male,Cuttack,Odisha,New,2025-12-05
CUST101024,46,Male,Faridabad,Haryana,Returning,2024-05-18
CUST101025,27,Female,Amritsar,Punjab,Returning,2024-09-28
CUST101026,29,Female,Surat,Gujarat,Returning,2024-07-14
CUST101027,50,Male,Kochi,Kerala,Returning,2024-05-06
CUST101028,24,Male,Thiruvananthapuram,Kerala,Returning,2024-12-14
CUST101029,34,Female,New Delhi,Delhi,New,2026-01-12
CUST101030,27,Female,Patna,Bihar,New,2024-02-13
CUST101031,48,Male,Nagpur,Maharashtra,New,2026-01-11
CUST101032,23,Male,Jaipur,Rajasthan,Returning,2025-12-28
CUST101033,34,Male,Mangaluru,Karnataka,Returning,2024-08-31
CUST101034,54,Male,Mumbai,Maharashtra,New,2024-01-09
CUST101035,35,Female,Pune,Maharashtra,New,2026-01-31
CUST101036,43,Male,Bhopal,Madhya Pradesh,New,2025-12-12
CUST101037,33,Female,Chennai,Tamil Nadu,Returning,2026-04-25
CUST101038,25,Male,Kanpur,Uttar Pradesh,New,2024-03-19
CUST101039,41,Male,Nashik,Maharashtra,Returning,2026-01-26
CUST101040,30,Female,New Delhi,Delhi,New,2024-07-08
CUST101041,46,Female,Kolkata,West Bengal,Returning,2024-03-26
CUST101042,49,Male,Varanasi,Uttar Pradesh,New,2025-04-29
CUST101043,41,Female,New Delhi,Delhi,Returning,2024-09-27
CUST101044,33,Female,Jaipur,Rajasthan,New,2026-02-12
CUST101045,28,Male,Thiruvananthapuram,Kerala,Returning,2025-05-27
CUST101046,49,Female,Udaipur,Rajasthan,Returning,2024-01-20
CUST101047,23,Male,Bengaluru,Karnataka,Returning,2025-05-03
CUST101048,52,Female,Nashik,Maharashtra,Returning,2024-05-09
CUST101049,50,Male,Kochi,Kerala,Returning,2026-04-17
CUST101050,35,Female,Nagpur,Maharashtra,New,2026-02-08
CUST101051,54,Female,Kochi,Kerala,Returning,2025-10-04
CUST101052,30,Male,Ahmedabad,Gujarat,Returning,2024-01-07
CUST101053,27,Male,Ludhiana,Punjab,Returning,2026-05-01
CUST101054,54,Female,Noida,Uttar Pradesh,Returning,2026-01-22
CUST101055,43,Female,Gurugram,Haryana,Returning,2025-12-04
CUST101056,34,Male,Madurai,Tamil Nadu,Returning,2024-11-05
CUST101057,18,Male,Kanpur,Uttar Pradesh,New,2026-03-19
CUST101058,42,Other,Coimbatore,Tamil Nadu,Returning,2025-09-18
CUST101059,51,Other,Surat,Gujarat,New,2025-04-17
CUST101060,56,Male,Udaipur,Rajasthan,Returning,2024-04-11
CUST101061,27,Female,Thiruvananthapuram,Kerala,Returning,2024-12-03
CUST101062,37,Male,Faridabad,Haryana,New,2024-11-14
CUST101063,24,Male,Noida,Uttar Pradesh,Returning,2025-05-27
CUST101064,33,Female,Warangal,Telangana,Returning,2024-01-25
CUST101065,54,Female,Hyderabad,Telangana,New,2025-12-21
CUST101066,46,Female,Kanpur,Uttar Pradesh,New,2025-03-05
CUST101067,29,Female,Bengaluru,Karnataka,Returning,2024-05-22
CUST101068,34,Female,Mumbai,Maharashtra,Returning,2025-12-09
CUST101069,37,Male,Chennai,Tamil Nadu,Returning,2025-10-18
CUST101070,43,Male,New Delhi,Delhi,Returning,2024-05-28
CUST101071,36,Male,New Delhi,Delhi,New,2025-11-23
CUST101072,29,Female,Bengaluru,Karnataka,Returning,2024-02-24
CUST101073,38,Female,Nashik,Maharashtra,Returning,2025-04-15
CUST101074,59,Male,Mumbai,Maharashtra,Returning,2024-12-28
CUST101075,51,Female,Faridabad,Haryana,New,2025-10-11
CUST101076,24,Male,Warangal,Telangana,Returning,2024-07-27
CUST101077,52,Male,Madurai,Tamil Nadu,Returning,2024-07-03
CUST101078,32,Female,Indore,Madhya Pradesh,Returning,2024-03-05
CUST101079,18,Female,Mangaluru,Karnataka,Returning,2025-07-02
CUST101080,43,Male,Amritsar,Punjab,Returning,2024-04-21
CUST101081,52,Male,Noida,Uttar Pradesh,Returning,2024-09-19
CUST101082,42,Male,Pune,Maharashtra,New,2024-03-16
CUST101083,59,Male,Hyderabad,Telangana,Returning,2024-10-22
CUST101084,32,Female,Kochi,Kerala,Returning,2024-06-26
CUST101085,39,Other,Amritsar,Punjab,Returning,2026-02-04
CUST101086,23,Female,Vadodara,Gujarat,New,2024-01-01
CUST101087,32,Female,Jodhpur,Rajasthan,Returning,2024-05-27
CUST101088,41,Male,Mysuru,Karnataka,New,2026-05-25
CUST101089,38,Male,Gurugram,Haryana,New,2025-11-01
CUST101090,24,Female,Mysuru,Karnataka,Returning,2026-04-15
CUST101091,46,Female,Ludhiana,Punjab,Returning,2026-02-18
CUST101092,49,Female,Gwalior,Madhya Pradesh,New,2025-10-23
CUST101093,49,Female,Udaipur,Rajasthan,Returning,2024-05-08
CUST101094,22,Female,Vadodara,Gujarat,Returning,2025-09-29
CUST101095,21,Male,Bengaluru,Karnataka,Returning,2025-05-27
CUST101096,39,Male,Mysuru,Karnataka,New,2026-06-17
CUST101097,35,Male,Mysuru,Karnataka,Returning,2025-09-20
CUST101098,52,Male,Mangaluru,Karnataka,Returning,2025-05-16
CUST101099,34,Male,Noida,Uttar Pradesh,New,2024-05-28
CUST101100,41,Male,Coimbatore,Tamil Nadu,Returning,2024-09-25
CUST101101,19,Male,Pune,Maharashtra,Returning,2025-12-01
CUST101102,30,Female,Gurugram,Haryana,New,2025-10-14
CUST101103,32,Male,Kochi,Kerala,Returning,2024-04-14
CUST101104,22,Male,Cuttack,Odisha,Returning,2025-04-10
CUST101105,20,Male,Gurugram,Haryana,Returning,2026-02-02
CUST101106,54,Other,Bengaluru,Karnataka,Returning,2024-10-07
CUST101107,54,Female,Madurai,Tamil Nadu,Returning,2025-02-10
CUST101108,54,Male,Varanasi,Uttar Pradesh,Returning,2026-05-05
CUST101109,20,Female,Indore,Madhya Pradesh,Returning,2025-09-04
CUST101110,52,Male,Mangaluru,Karnataka,Returning,2026-03-04
CUST101111,40,Female,Patna,Bihar,New,2026-06-18
CUST101112,45,Female,Bengaluru,Karnataka,New,2024-12-23
CUST101113,47,Female,Mangaluru,Karnataka,Returning,2025-11-05
CUST101114,35,Male,Surat,Gujarat,New,2024-07-21
CUST101115,53,Female,Udaipur,Rajasthan,Returning,2025-09-03
CUST101116,50,Male,Kolkata,West Bengal,Returning,2024-10-07
CUST101117,43,Female,Mumbai,Maharashtra,Returning,2024-09-13
CUST101118,57,Male,Kochi,Kerala,Returning,2024-04-03
CUST101119,34,Male,New Delhi,Delhi,New,2024-11-19
CUST101120,57,Female,Pune,Maharashtra,New,2026-03-01
CUST101121,24,Female,Thiruvananthapuram,Kerala,Returning,2026-01-08
CUST101122,25,Male,Ludhiana,Punjab,Returning,2024-12-27
CUST101123,48,Male,Thiruvananthapuram,Kerala,Returning,2025-10-23
CUST101124,29,Male,Patna,Bihar,New,2024-12-16
CUST101125,48,Female,Indore,Madhya Pradesh,New,2024-03-02
CUST101126,36,Male,Kolkata,West Bengal,New,2025-10-02
CUST101127,27,Other,Nagpur,Maharashtra,New,2024-07-05
CUST101128,56,Female,Warangal,Telangana,Returning,2025-08-02
CUST101129,29,Female,Chennai,Tamil Nadu,Returning,2025-06-25
CUST101130,37,Female,New Delhi,Delhi,New,2026-06-15
CUST101131,54,Male,Kanpur,Uttar Pradesh,Returning,2024-10-30
CUST101132,58,Male,Surat,Gujarat,Returning,2026-02-25
CUST101133,24,Female,Mumbai,Maharashtra,New,2025-09-30
CUST101134,31,Female,Mangaluru,Karnataka,Returning,2025-03-11
CUST101135,28,Female,Gwalior,Madhya Pradesh,Returning,2024-07-31
CUST101136,24,Female,Pune,Maharashtra,Returning,2025-02-09
CUST101137,46,Female,Thiruvananthapuram,Kerala,Returning,2026-03-28
CUST101138,27,Other,Vadodara,Gujarat,New,2024-05-13
CUST101139,46,Female,Vadodara,Gujarat,Returning,2024-08-06
CUST101140,26,Female,Jaipur,Rajasthan,Returning,2025-02-24
CUST101141,53,Male,Gaya,Bihar,Returning,2024-11-14
CUST101142,27,Male,Chennai,Tamil Nadu,Returning,2024-06-05
CUST101143,36,Male,Bhopal,Madhya Pradesh,Returning,2024-07-06
CUST101144,48,Female,Kolkata,West Bengal,Returning,2025-04-20
CUST101145,34,Female,New Delhi,Delhi,Returning,2024-06-10
CUST101146,26,Male,Kochi,Kerala,Returning,2024-05-08
CUST101147,50,Male,Noida,Uttar Pradesh,Returning,2024-10-30
CUST101148,51,Female,Jabalpur,Madhya Pradesh,New,2024-03-29
CUST101149,41,Male,Kochi,Kerala,New,2026-06-13
CUST101150,26,Male,Thiruvananthapuram,Kerala,Returning,2024-06-10
CUST101151,24,Female,Noida,Uttar Pradesh,New,2024-02-05
CUST101152,33,Male,Patna,Bihar,New,2024-08-14
CUST101153,36,Male,Gwalior,Madhya Pradesh,Returning,2024-05-30
CUST101154,56,Female,Gwalior,Madhya Pradesh,New,2025-08-15
CUST101155,23,Male,Jaipur,Rajasthan,New,2024-02-16
CUST101156,28,Male,Varanasi,Uttar Pradesh,Returning,2025-12-16
CUST101157,29,Male,Mangaluru,Karnataka,Returning,2025-10-21
CUST101158,59,Female,Kochi,Kerala,Returning,2024-08-18
CUST101159,30,Female,Thiruvananthapuram,Kerala,Returning,2025-06-22
CUST101160,29,Male,Pune,Maharashtra,Returning,2025-12-01
CUST101161,38,Female,Patna,Bihar,Returning,2024-06-13
CUST101162,27,Female,Nagpur,Maharashtra,Returning,2025-12-24
CUST101163,37,Female,Chennai,Tamil Nadu,Returning,2026-03-30
CUST101164,53,Female,Lucknow,Uttar Pradesh,Returning,2025-08-09
CUST101165,45,Male,Mangaluru,Karnataka,Returning,2025-08-26
CUST101166,41,Female,Patna,Bihar,Returning,2025-07-27
CUST101167,22,Male,Gaya,Bihar,New,2024-03-06
CUST101168,54,Female,Surat,Gujarat,Returning,2024-03-20
CUST101169,29,Male,Pune,Maharashtra,New,2024-05-19
CUST101170,52,Female,New Delhi,Delhi,Returning,2025-02-03
CUST101171,57,Male,Jodhpur,Rajasthan,Returning,2024-05-09
CUST101172,19,Male,Faridabad,Haryana,Returning,2026-02-04
CUST101173,58,Female,Jodhpur,Rajasthan,New,2025-03-21
CUST101174,56,Male,New Delhi,Delhi,Returning,2026-04-11
CUST101175,59,Female,Jodhpur,Rajasthan,New,2024-01-29
CUST101176,26,Male,Kolkata,West Bengal,Returning,2024-07-20
CUST101177,39,Other,Noida,Uttar Pradesh,Returning,2024-08-24
CUST101178,22,Male,Nagpur,Maharashtra,New,2025-08-21
CUST101179,29,Male,Lucknow,Uttar Pradesh,Returning,2025-08-30
CUST101180,18,Female,Kolkata,West Bengal,New,2026-03-09
CUST101181,39,Female,Gurugram,Haryana,Returning,2024-12-04
CUST101182,55,Female,Madurai,Tamil Nadu,New,2025-02-02
CUST101183,36,Male,Jodhpur,Rajasthan,New,2025-03-14
CUST101184,33,Male,Ludhiana,Punjab,New,2024-10-15
CUST101185,48,Female,Nashik,Maharashtra,New,2024-09-08
CUST101186,20,Male,Ludhiana,Punjab,Returning,2025-11-22
CUST101187,40,Female,Indore,Madhya Pradesh,Returning,2024-04-09
CUST101188,59,Female,Mumbai,Maharashtra,Returning,2025-08-07
CUST101189,35,Male,New Delhi,Delhi,New,2025-02-25
CUST101190,43,Female,Kanpur,Uttar Pradesh,Returning,2025-10-04
CUST101191,30,Male,Pune,Maharashtra,Returning,2025-11-24
CUST101192,35,Female,Kolkata,West Bengal,Returning,2025-12-06
CUST101193,20,Male,Madurai,Tamil Nadu,Returning,2024-01-18
CUST101194,40,Female,Jodhpur,Rajasthan,Returning,2025-04-15
CUST101195,20,Female,Nagpur,Maharashtra,New,2025-09-29
CUST101196,42,Male,Thiruvananthapuram,Kerala,Returning,2025-12-23
CUST101197,44,Male,Faridabad,Haryana,Returning,2024-01-07
CUST101198,44,Female,Faridabad,Haryana,Returning,2025-02-22
CUST101199,56,Female,Varanasi,Uttar Pradesh,New,2025-01-14
CUST101200,42,Male,Mumbai,Maharashtra,New,2025-05-22
CUST101201,41,Female,Varanasi,Uttar Pradesh,Returning,2024-04-23
CUST101202,25,Male,Pune,Maharashtra,New,2026-05-01
CUST101203,26,Male,Mumbai,Maharashtra,New,2025-05-25
CUST101204,54,Female,Chennai,Tamil Nadu,Returning,2025-08-18
CUST101205,47,Female,Surat,Gujarat,Returning,2026-04-30
CUST101206,36,Male,Noida,Uttar Pradesh,Returning,2026-05-22
CUST101207,33,Female,Gwalior,Madhya Pradesh,New,2025-09-05
CUST101208,41,Male,Warangal,Telangana,Returning,2025-04-13
CUST101209,38,Female,New Delhi,Delhi,New,2024-04-02
CUST101210,53,Male,Gurugram,Haryana,Returning,2025-05-06
CUST101211,57,Female,Hyderabad,Telangana,Returning,2026-04-07
CUST101212,56,Male,Warangal,Telangana,Returning,2024-04-11
CUST101213,23,Female,Mysuru,Karnataka,Returning,2025-05-07
CUST101214,22,Female,Varanasi,Uttar Pradesh,Returning,2026-02-01
CUST101215,31,Male,Gwalior,Madhya Pradesh,New,2025-06-19
CUST101216,59,Female,Mysuru,Karnataka,New,2025-04-29
CUST101217,21,Female,Mumbai,Maharashtra,New,2025-04-23
CUST101218,25,Female,Indore,Madhya Pradesh,New,2026-05-26
CUST101219,41,Female,Jabalpur,Madhya Pradesh,Returning,2024-06-15
CUST101220,28,Male,New Delhi,Delhi,New,2024-05-19
CUST101221,34,Male,Amritsar,Punjab,Returning,2024-04-03
CUST101222,38,Female,Bengaluru,Karnataka,New,2024-06-29
CUST101223,43,Male,Hyderabad,Telangana,Returning,2025-07-29
CUST101224,60,Male,Amritsar,Punjab,Returning,2024-01-04
CUST101225,44,Male,Hyderabad,Telangana,New,2025-08-28
CUST101226,33,Female,Bhopal,Madhya Pradesh,Returning,2025-01-23
CUST101227,43,Male,Coimbatore,Tamil Nadu,Returning,2024-09-28
CUST101228,50,Male,New Delhi,Delhi,New,2026-03-05
CUST101229,48,Male,Gurugram,Haryana,Returning,2024-05-11
CUST101230,23,Female,Hyderabad,Telangana,New,2025-08-06
CUST101231,25,Female,Bhubaneswar,Odisha,Returning,2026-03-26
CUST101232,24,Male,Mysuru,Karnataka,Returning,2025-08-15
CUST101233,51,Female,Mysuru,Karnataka,Returning,2025-05-26
CUST101234,31,Male,Nagpur,Maharashtra,Returning,2025-11-16
CUST101235,33,Female,Gwalior,Madhya Pradesh,New,2026-03-22
CUST101236,60,Male,Coimbatore,Tamil Nadu,Returning,2024-02-21
CUST101237,26,Male,Thiruvananthapuram,Kerala,Returning,2024-10-16
CUST101238,27,Male,Ahmedabad,Gujarat,Returning,2025-03-21
CUST101239,34,Male,Faridabad,Haryana,Returning,2024-08-24
CUST101240,29,Male,Mangaluru,Karnataka,Returning,2026-02-27
CUST101241,23,Female,Kochi,Kerala,Returning,2025-05-05
CUST101242,36,Male,Varanasi,Uttar Pradesh,New,2024-10-06
CUST101243,60,Female,Lucknow,Uttar Pradesh,Returning,2024-02-13
CUST101244,58,Male,Thiruvananthapuram,Kerala,New,2026-05-31
CUST101245,46,Female,Lucknow,Uttar Pradesh,Returning,2026-02-04
CUST101246,23,Male,Jodhpur,Rajasthan,Returning,2024-12-24
CUST101247,42,Male,Nashik,Maharashtra,Returning,2025-10-07
CUST101248,41,Female,Nagpur,Maharashtra,New,2025-07-21
CUST101249,42,Female,Bhubaneswar,Odisha,Returning,2025-06-09
CUST101250,33,Other,Jaipur,Rajasthan,Returning,2025-11-20
CUST101251,33,Female,Varanasi,Uttar Pradesh,Returning,2025-04-06
CUST101252,23,Female,Vadodara,Gujarat,New,2024-04-10
CUST101253,54,Female,Nagpur,Maharashtra,Returning,2025-11-22
CUST101254,38,Male,Mumbai,Maharashtra,New,2025-04-05
CUST101255,21,Male,Bhopal,Madhya Pradesh,Returning,2026-02-07
CUST101256,51,Male,Warangal,Telangana,New,2024-09-24
CUST101257,45,Male,Mangaluru,Karnataka,New,2026-06-01
CUST101258,55,Female,Surat,Gujarat,New,2024-12-27
CUST101259,58,Male,Pune,Maharashtra,New,2025-02-11
CUST101260,45,Female,Kolkata,West Bengal,New,2024-02-06
CUST101261,34,Female,New Delhi,Delhi,Returning,2025-04-12
CUST101262,31,Female,Noida,Uttar Pradesh,Returning,2025-12-16
CUST101263,24,Male,New Delhi,Delhi,Returning,2024-09-15
CUST101264,39,Male,Warangal,Telangana,Returning,2025-05-23
CUST101265,18,Female,Nagpur,Maharashtra,Returning,2025-10-28
CUST101266,46,Male,Pune,Maharashtra,Returning,2026-01-19
CUST101267,48,Female,Coimbatore,Tamil Nadu,New,2024-11-04
CUST101268,47,Female,Ahmedabad,Gujarat,New,2025-09-03
CUST101269,32,Female,Jodhpur,Rajasthan,Returning,2024-09-29
CUST101270,35,Male,New Delhi,Delhi,New,2025-09-16
CUST101271,52,Male,Gwalior,Madhya Pradesh,New,2024-04-19
CUST101272,47,Female,Thiruvananthapuram,Kerala,New,2025-10-16
CUST101273,51,Male,Lucknow,Uttar Pradesh,New,2025-11-09
CUST101274,59,Female,Mumbai,Maharashtra,Returning,2024-09-16
CUST101275,28,Male,Vadodara,Gujarat,New,2025-10-18
CUST101276,44,Other,Nashik,Maharashtra,Returning,2026-01-11
CUST101277,41,Female,Mysuru,Karnataka,Returning,2024-09-24
CUST101278,52,Male,Gurugram,Haryana,Returning,2024-02-01
CUST101279,56,Male,Nashik,Maharashtra,New,2026-03-21
CUST101280,25,Female,Vadodara,Gujarat,New,2025-12-31
CUST101281,35,Male,Udaipur,Rajasthan,Returning,2024-06-25
CUST101282,30,Male,Jabalpur,Madhya Pradesh,Returning,2024-04-13
CUST101283,41,Female,Kolkata,West Bengal,Returning,2024-08-23
CUST101284,40,Female,Mumbai,Maharashtra,Returning,2024-04-02
CUST101285,29,Female,Coimbatore,Tamil Nadu,Returning,2024-07-19
CUST101286,47,Male,Surat,Gujarat,Returning,2026-03-21
CUST101287,48,Male,Nagpur,Maharashtra,Returning,2026-06-17
CUST101288,45,Male,Coimbatore,Tamil Nadu,Returning,2026-01-12
CUST101289,39,Female,Mumbai,Maharashtra,New,2026-02-05
CUST101290,45,Female,Mumbai,Maharashtra,New,2025-08-19
CUST101291,30,Female,Chennai,Tamil Nadu,New,2024-02-04
CUST101292,42,Male,Nagpur,Maharashtra,New,2024-04-26
CUST101293,24,Other,Kolkata,West Bengal,Returning,2025-11-18
CUST101294,23,Male,Bhopal,Madhya Pradesh,New,2025-04-02
CUST101295,41,Female,Noida,Uttar Pradesh,Returning,2025-04-15
CUST101296,36,Male,Mysuru,Karnataka,Returning,2026-02-26
CUST101297,36,Male,Bengaluru,Karnataka,New,2025-02-02
CUST101298,53,Female,Pune,Maharashtra,Returning,2025-08-19
CUST101299,26,Male,Jaipur,Rajasthan,New,2024-04-26
CUST101300,53,Female,Noida,Uttar Pradesh,New,2024-12-27
CUST101301,55,Female,Mumbai,Maharashtra,Returning,2024-07-22
CUST101302,57,Female,Amritsar,Punjab,Returning,2024-05-25
CUST101303,46,Female,Nagpur,Maharashtra,Returning,2025-03-19
CUST101304,41,Female,Kolkata,West Bengal,New,2025-12-27
CUST101305,22,Female,Kanpur,Uttar Pradesh,Returning,2025-09-08
CUST101306,59,Female,Kochi,Kerala,New,2026-05-10
CUST101307,43,Male,Varanasi,Uttar Pradesh,New,2024-10-23
CUST101308,31,Other,Lucknow,Uttar Pradesh,Returning,2026-05-17
CUST101309,56,Male,Coimbatore,Tamil Nadu,New,2025-08-03
CUST101310,46,Female,Gaya,Bihar,Returning,2025-05-01
CUST101311,23,Female,Nashik,Maharashtra,Returning,2026-02-05
CUST101312,24,Female,Cuttack,Odisha,Returning,2024-08-18
CUST101313,54,Female,Kolkata,West Bengal,New,2024-07-21
CUST101314,35,Male,Patna,Bihar,Returning,2024-12-27
CUST101315,40,Male,Warangal,Telangana,New,2025-01-29
CUST101316,55,Male,Indore,Madhya Pradesh,Returning,2024-09-04
CUST101317,18,Male,Ahmedabad,Gujarat,New,2025-03-15
CUST101318,21,Female,Lucknow,Uttar Pradesh,Returning,2025-01-30
CUST101319,52,Female,Mumbai,Maharashtra,Returning,2026-01-30
CUST101320,40,Male,Mumbai,Maharashtra,New,2025-10-17
CUST101321,44,Female,New Delhi,Delhi,New,2026-03-05
CUST101322,43,Female,Mangaluru,Karnataka,New,2024-12-21
CUST101323,25,Female,Kochi,Kerala,Returning,2025-02-04
CUST101324,60,Female,Bengaluru,Karnataka,Returning,2024-08-28
CUST101325,33,Female,Faridabad,Haryana,New,2024-12-06
CUST101326,58,Male,Chennai,Tamil Nadu,Returning,2026-06-05
CUST101327,20,Male,Mangaluru,Karnataka,Returning,2024-08-16
CUST101328,49,Female,Lucknow,Uttar Pradesh,Returning,2025-06-26
CUST101329,22,Female,Jabalpur,Madhya Pradesh,New,2025-09-12
CUST101330,37,Male,Vadodara,Gujarat,Returning,2025-06-22
CUST101331,31,Female,Kolkata,West Bengal,New,2026-05-04
CUST101332,49,Female,Lucknow,Uttar Pradesh,Returning,2025-11-02
CUST101333,43,Female,Bengaluru,Karnataka,Returning,2025-06-12
CUST101334,23,Female,Faridabad,Haryana,Returning,2024-09-23
CUST101335,53,Male,Gurugram,Haryana,Returning,2024-05-08
CUST101336,57,Male,Bhopal,Madhya Pradesh,Returning,2024-08-07
CUST101337,22,Female,Bengaluru,Karnataka,New,2024-03-22
CUST101338,30,Female,Jabalpur,Madhya Pradesh,Returning,2025-07-14
CUST101339,49,Female,Pune,Maharashtra,New,2025-07-06
CUST101340,33,Female,Pune,Maharashtra,New,2024-01-20
CUST101341,18,Other,New Delhi,Delhi,Returning,2024-11-22
CUST101342,30,Male,Surat,Gujarat,Returning,2024-02-06
CUST101343,28,Male,Kochi,Kerala,Returning,2025-01-16
CUST101344,25,Male,Lucknow,Uttar Pradesh,Returning,2024-02-08
CUST101345,42,Male,Lucknow,Uttar Pradesh,Returning,2024-04-18
CUST101346,57,Male,Hyderabad,Telangana,New,2025-03-04
CUST101347,49,Female,Chennai,Tamil Nadu,New,2024-03-04
CUST101348,41,Female,Madurai,Tamil Nadu,Returning,2024-06-23
CUST101349,45,Male,Faridabad,Haryana,New,2026-03-01
CUST101350,31,Female,Pune,Maharashtra,Returning,2024-02-01
CUST101351,20,Other,Thiruvananthapuram,Kerala,Returning,2025-12-21
CUST101352,53,Male,Kolkata,West Bengal,Returning,2026-06-09
CUST101353,44,Male,Hyderabad,Telangana,Returning,2025-06-14
CUST101354,37,Female,Noida,Uttar Pradesh,New,2024-04-15
CUST101355,32,Male,Ahmedabad,Gujarat,Returning,2025-04-26
CUST101356,44,Female,Kochi,Kerala,New,2024-07-24
CUST101357,58,Other,Cuttack,Odisha,Returning,2024-09-03
CUST101358,45,Female,Hyderabad,Telangana,New,2026-04-14
CUST101359,42,Male,New Delhi,Delhi,Returning,2025-11-09
CUST101360,59,Male,Udaipur,Rajasthan,Returning,2024-03-29
CUST101361,50,Female,Cuttack,Odisha,Returning,2024-11-11
CUST101362,31,Female,Bengaluru,Karnataka,Returning,2024-01-11
CUST101363,25,Other,Udaipur,Rajasthan,Returning,2024-02-18
CUST101364,31,Female,Udaipur,Rajasthan,Returning,2026-06-14
CUST101365,18,Male,Noida,Uttar Pradesh,Returning,2025-07-26
CUST101366,33,Female,Pune,Maharashtra,Returning,2024-06-19
CUST101367,35,Male,Kanpur,Uttar Pradesh,Returning,2024-05-22
CUST101368,24,Male,Cuttack,Odisha,Returning,2024-07-25
CUST101369,32,Female,Mysuru,Karnataka,Returning,2025-04-07
CUST101370,41,Female,Bengaluru,Karnataka,New,2025-05-23
CUST101371,30,Male,Faridabad,Haryana,Returning,2024-07-19
CUST101372,26,Female,Mangaluru,Karnataka,Returning,2024-01-05
CUST101373,32,Female,Thiruvananthapuram,Kerala,Returning,2024-07-29
CUST101374,52,Male,Ahmedabad,Gujarat,Returning,2024-01-29
CUST101375,41,Female,New Delhi,Delhi,Returning,2024-07-08
CUST101376,50,Female,Kochi,Kerala,Returning,2024-07-06
CUST101377,33,Male,Hyderabad,Telangana,Returning,2026-04-16
CUST101378,25,Female,Vadodara,Gujarat,Returning,2026-02-05
CUST101379,46,Female,Chennai,Tamil Nadu,Returning,2024-05-29
CUST101380,40,Female,Jaipur,Rajasthan,Returning,2025-06-08
CUST101381,48,Male,Bengaluru,Karnataka,Returning,2026-06-02
CUST101382,57,Male,Coimbatore,Tamil Nadu,New,2024-12-31
CUST101383,31,Male,Gurugram,Haryana,Returning,2024-06-05
CUST101384,47,Female,New Delhi,Delhi,Returning,2024-03-20
CUST101385,56,Female,Jabalpur,Madhya Pradesh,New,2026-05-17
CUST101386,44,Female,Madurai,Tamil Nadu,Returning,2024-09-29
CUST101387,33,Female,Noida,Uttar Pradesh,Returning,2025-10-21
CUST101388,23,Male,Nagpur,Maharashtra,Returning,2025-12-18
CUST101389,50,Female,Gurugram,Haryana,Returning,2025-09-17
CUST101390,35,Female,Warangal,Telangana,Returning,2025-06-01
CUST101391,33,Female,Mysuru,Karnataka,Returning,2026-02-28
CUST101392,29,Male,Nashik,Maharashtra,Returning,2024-08-19
CUST101393,37,Male,Bengaluru,Karnataka,Returning,2025-10-10
CUST101394,57,Male,Surat,Gujarat,Returning,2024-06-08
CUST101395,46,Male,Chennai,Tamil Nadu,Returning,2024-12-09
CUST101396,47,Male,Patna,Bihar,Returning,2024-10-15
CUST101397,43,Female,Warangal,Telangana,New,2024-07-23
CUST101398,39,Female,New Delhi,Delhi,Returning,2026-04-17
CUST101399,50,Male,Jodhpur,Rajasthan,Returning,2024-10-31
CUST101400,56,Male,Noida,Uttar Pradesh,Returning,2024-12-25
CUST101401,46,Male,Mangaluru,Karnataka,New,2025-10-31
CUST101402,39,Male,Mangaluru,Karnataka,New,2026-05-19
CUST101403,30,Male,Mumbai,Maharashtra,New,2025-02-03
CUST101404,26,Male,Kanpur,Uttar Pradesh,Returning,2025-03-24
CUST101405,41,Male,Bhopal,Madhya Pradesh,Returning,2024-04-15
CUST101406,32,Male,Vadodara,Gujarat,Returning,2024-03-22
CUST101407,53,Female,Thiruvananthapuram,Kerala,Returning,2024-12-07
CUST101408,30,Male,Patna,Bihar,Returning,2026-02-20
CUST101409,44,Male,Kolkata,West Bengal,New,2025-02-24
CUST101410,54,Female,Kochi,Kerala,Returning,2024-02-18
CUST101411,24,Male,Mysuru,Karnataka,Returning,2024-07-24
CUST101412,25,Male,Nagpur,Maharashtra,Returning,2024-08-05
CUST101413,54,Female,New Delhi,Delhi,Returning,2026-03-28
CUST101414,58,Male,Mumbai,Maharashtra,Returning,2025-11-06
CUST101415,31,Female,Vadodara,Gujarat,Returning,2025-03-11
CUST101416,29,Male,Amritsar,Punjab,Returning,2026-03-01
CUST101417,53,Male,Nagpur,Maharashtra,Returning,2024-11-17
CUST101418,57,Female,Nashik,Maharashtra,Returning,2024-08-18
CUST101419,34,Female,Hyderabad,Telangana,New,2025-12-11
CUST101420,57,Male,Ludhiana,Punjab,Returning,2025-05-01
CUST101421,46,Female,New Delhi,Delhi,Returning,2025-03-04
CUST101422,44,Female,Vadodara,Gujarat,New,2026-06-01
CUST101423,18,Male,Mumbai,Maharashtra,New,2025-12-26
CUST101424,51,Female,Mysuru,Karnataka,New,2024-10-10
CUST101425,21,Female,Gurugram,Haryana,Returning,2025-04-30
CUST101426,41,Male,Faridabad,Haryana,Returning,2024-10-02
CUST101427,38,Male,Pune,Maharashtra,New,2025-03-08
CUST101428,50,Male,Ludhiana,Punjab,New,2024-07-03
CUST101429,24,Male,Indore,Madhya Pradesh,Returning,2025-12-22
CUST101430,18,Female,Thiruvananthapuram,Kerala,New,2025-09-24
CUST101431,58,Female,Warangal,Telangana,New,2024-08-03
CUST101432,20,Female,Vadodara,Gujarat,Returning,2024-04-06
CUST101433,32,Male,Vadodara,Gujarat,Returning,2024-04-28
CUST101434,48,Male,Jabalpur,Madhya Pradesh,New,2024-12-30
CUST101435,33,Male,Nagpur,Maharashtra,Returning,2026-03-04
CUST101436,27,Male,Nagpur,Maharashtra,New,2025-02-06
CUST101437,46,Male,New Delhi,Delhi,Returning,2025-09-09
CUST101438,23,Female,Gwalior,Madhya Pradesh,New,2025-01-31
CUST101439,46,Female,Mangaluru,Karnataka,New,2025-04-02
CUST101440,34,Female,Indore,Madhya Pradesh,Returning,2024-11-13
CUST101441,39,Female,Faridabad,Haryana,Returning,2025-01-16
CUST101442,41,Male,Mumbai,Maharashtra,New,2024-05-21
CUST101443,34,Female,Indore,Madhya Pradesh,New,2025-04-01
CUST101444,38,Male,Warangal,Telangana,Returning,2025-05-15
CUST101445,28,Male,Kochi,Kerala,Returning,2024-11-18
CUST101446,24,Female,Mysuru,Karnataka,New,2024-09-24
CUST101447,59,Male,Indore,Madhya Pradesh,Returning,2026-03-13
CUST101448,56,Male,Patna,Bihar,New,2025-05-01
CUST101449,22,Female,Ludhiana,Punjab,Returning,2026-05-27
CUST101450,38,Male,Gwalior,Madhya Pradesh,New,2025-11-09
CUST101451,35,Female,Surat,Gujarat,Returning,2024-06-08
CUST101452,52,Male,Jaipur,Rajasthan,New,2026-01-12
CUST101453,37,Male,Thiruvananthapuram,Kerala,Returning,2024-01-14
CUST101454,32,Male,Kolkata,West Bengal,Returning,2025-12-05
CUST101455,22,Male,Nashik,Maharashtra,Returning,2024-06-03
CUST101456,30,Female,Cuttack,Odisha,New,2024-04-10
CUST101457,29,Female,Indore,Madhya Pradesh,New,2025-07-25
CUST101458,38,Female,Indore,Madhya Pradesh,Returning,2024-02-12
CUST101459,54,Female,Mangaluru,Karnataka,New,2024-07-11
CUST101460,23,Male,Gwalior,Madhya Pradesh,Returning,2024-11-06
CUST101461,24,Male,Coimbatore,Tamil Nadu,New,2025-09-12
CUST101462,43,Female,Bhopal,Madhya Pradesh,Returning,2025-08-27
CUST101463,59,Female,Nashik,Maharashtra,Returning,2025-12-28
CUST101464,25,Female,Indore,Madhya Pradesh,Returning,2025-04-09
CUST101465,26,Male,Gurugram,Haryana,New,2024-06-11
CUST101466,44,Male,Mumbai,Maharashtra,New,2024-12-16
CUST101467,21,Male,Faridabad,Haryana,Returning,2024-08-21
CUST101468,38,Male,Warangal,Telangana,Returning,2025-02-06
CUST101469,48,Female,Kochi,Kerala,Returning,2024-12-16
CUST101470,38,Female,Lucknow,Uttar Pradesh,Returning,2024-06-15
CUST101471,57,Female,Kolkata,West Bengal,Returning,2024-05-27
CUST101472,42,Female,Lucknow,Uttar Pradesh,Returning,2024-01-28
CUST101473,56,Male,Thiruvananthapuram,Kerala,Returning,2024-09-15
CUST101474,32,Male,Hyderabad,Telangana,Returning,2025-08-20
CUST101475,52,Male,Coimbatore,Tamil Nadu,Returning,2025-09-11
CUST101476,60,Male,Gwalior,Madhya Pradesh,Returning,2025-03-17
CUST101477,58,Female,Patna,Bihar,Returning,2025-09-20
CUST101478,54,Female,Lucknow,Uttar Pradesh,Returning,2026-05-25
CUST101479,59,Male,Varanasi,Uttar Pradesh,Returning,2025-06-10
CUST101480,45,Male,Hyderabad,Telangana,Returning,2024-07-29
CUST101481,31,Female,Patna,Bihar,Returning,2026-04-09
CUST101482,21,Male,Nashik,Maharashtra,New,2025-06-26
CUST101483,37,Male,Kolkata,West Bengal,New,2025-03-20
CUST101484,51,Female,Nashik,Maharashtra,Returning,2026-03-04
CUST101485,29,Male,Chennai,Tamil Nadu,Returning,2025-03-28
CUST101486,50,Female,Coimbatore,Tamil Nadu,New,2025-11-27
CUST101487,41,Male,Coimbatore,Tamil Nadu,Returning,2025-02-07
CUST101488,37,Male,Gwalior,Madhya Pradesh,New,2024-03-06
CUST101489,22,Other,Chennai,Tamil Nadu,New,2025-02-08
CUST101490,55,Female,Warangal,Telangana,Returning,2026-06-01
CUST101491,47,Female,Mysuru,Karnataka,Returning,2026-04-07
CUST101492,41,Female,Coimbatore,Tamil Nadu,New,2025-07-28
CUST101493,60,Female,Bengaluru,Karnataka,Returning,2025-03-10
CUST101494,57,Male,Nashik,Maharashtra,New,2024-08-15
CUST101495,24,Male,Jodhpur,Rajasthan,Returning,2025-04-20
CUST101496,53,Female,Jabalpur,Madhya Pradesh,New,2025-04-12
CUST101497,55,Female,Jodhpur,Rajasthan,New,2024-04-10
CUST101498,33,Female,Ahmedabad,Gujarat,Returning,2025-02-26
CUST101499,32,Female,Coimbatore,Tamil Nadu,Returning,2024-12-21
CUST101500,40,Female,Thiruvananthapuram,Kerala,New,2024-05-18
CUST101501,29,Female,Ahmedabad,Gujarat,Returning,2025-09-22
CUST101502,46,Male,Ahmedabad,Gujarat,New,2025-07-22
CUST101503,32,Female,Nashik,Maharashtra,Returning,2024-05-10
CUST101504,46,Male,Madurai,Tamil Nadu,New,2025-07-02
CUST101505,60,Male,Madurai,Tamil Nadu,Returning,2025-04-12
CUST101506,38,Female,Chennai,Tamil Nadu,Returning,2025-04-24
CUST101507,32,Male,Kolkata,West Bengal,Returning,2024-04-20
CUST101508,31,Male,Vadodara,Gujarat,Returning,2024-06-01
CUST101509,59,Male,Udaipur,Rajasthan,Returning,2026-01-31
CUST101510,33,Female,Lucknow,Uttar Pradesh,Returning,2024-08-29
CUST101511,32,Female,Patna,Bihar,New,2025-12-20
CUST101512,59,Male,Noida,Uttar Pradesh,Returning,2026-05-29
CUST101513,21,Male,Amritsar,Punjab,Returning,2025-11-12
CUST101514,44,Female,Nashik,Maharashtra,Returning,2026-02-07
CUST101515,40,Female,Mysuru,Karnataka,Returning,2024-10-05
CUST101516,46,Female,Pune,Maharashtra,New,2024-12-28
CUST101517,58,Female,Jabalpur,Madhya Pradesh,Returning,2025-09-16
CUST101518,26,Male,Bhubaneswar,Odisha,Returning,2025-02-11
CUST101519,60,Female,Mangaluru,Karnataka,New,2024-06-23
CUST101520,60,Female,Cuttack,Odisha,Returning,2025-08-23
CUST101521,24,Male,Nagpur,Maharashtra,Returning,2024-05-14
CUST101522,59,Female,Amritsar,Punjab,Returning,2025-05-20
CUST101523,21,Male,Madurai,Tamil Nadu,New,2024-10-20
CUST101524,22,Male,Nagpur,Maharashtra,Returning,2025-05-09
CUST101525,22,Female,Surat,Gujarat,New,2026-03-25
CUST101526,28,Male,New Delhi,Delhi,Returning,2026-05-20
CUST101527,58,Male,New Delhi,Delhi,Returning,2025-02-22
CUST101528,45,Female,New Delhi,Delhi,Returning,2024-07-24
CUST101529,33,Female,Kanpur,Uttar Pradesh,New,2024-11-13
CUST101530,58,Male,Ahmedabad,Gujarat,Returning,2024-03-13
CUST101531,47,Male,New Delhi,Delhi,Returning,2024-09-15
CUST101532,21,Male,Jodhpur,Rajasthan,New,2024-12-23
CUST101533,19,Female,Kanpur,Uttar Pradesh,Returning,2024-05-27
CUST101534,20,Male,New Delhi,Delhi,Returning,2024-08-12
CUST101535,38,Female,Hyderabad,Telangana,Returning,2024-04-14
CUST101536,23,Male,Pune,Maharashtra,New,2025-07-09
CUST101537,60,Male,Bengaluru,Karnataka,New,2024-12-21
CUST101538,35,Male,Jabalpur,Madhya Pradesh,Returning,2025-06-21
CUST101539,22,Male,Mysuru,Karnataka,New,2026-03-26
CUST101540,26,Male,Vadodara,Gujarat,New,2024-09-17
CUST101541,37,Male,Varanasi,Uttar Pradesh,Returning,2025-07-24
CUST101542,45,Female,Nagpur,Maharashtra,New,2025-07-26
CUST101543,43,Male,Kolkata,West Bengal,Returning,2026-03-27
CUST101544,35,Male,New Delhi,Delhi,Returning,2024-03-10
CUST101545,36,Female,Gurugram,Haryana,Returning,2025-03-22
CUST101546,20,Male,Ahmedabad,Gujarat,Returning,2025-03-22
CUST101547,26,Female,Gaya,Bihar,New,2026-02-21
CUST101548,53,Male,Kolkata,West Bengal,Returning,2024-09-13
CUST101549,48,Male,Pune,Maharashtra,Returning,2026-06-14
CUST101550,34,Female,Udaipur,Rajasthan,Returning,2025-09-28
CUST101551,40,Male,Ludhiana,Punjab,Returning,2025-06-14
CUST101552,51,Female,Jaipur,Rajasthan,Returning,2024-04-28
CUST101553,58,Male,Patna,Bihar,New,2026-04-11
CUST101554,58,Female,Kochi,Kerala,Returning,2024-03-06
CUST101555,22,Female,Mysuru,Karnataka,New,2024-09-01
CUST101556,32,Female,Bengaluru,Karnataka,New,2024-02-26
CUST101557,20,Female,Jaipur,Rajasthan,Returning,2024-02-13
CUST101558,36,Male,Hyderabad,Telangana,Returning,2025-06-07
CUST101559,45,Male,Gaya,Bihar,Returning,2026-06-08
CUST101560,20,Female,Cuttack,Odisha,New,2025-02-27
CUST101561,55,Female,Coimbatore,Tamil Nadu,New,2026-01-17
CUST101562,21,Female,Bengaluru,Karnataka,New,2025-06-19
CUST101563,41,Male,Noida,Uttar Pradesh,New,2025-01-29
CUST101564,48,Male,New Delhi,Delhi,New,2025-03-25
CUST101565,28,Female,Patna,Bihar,Returning,2024-09-13
CUST101566,54,Male,Hyderabad,Telangana,Returning,2026-03-06
CUST101567,18,Female,Indore,Madhya Pradesh,New,2026-04-15
CUST101568,26,Male,Pune,Maharashtra,New,2024-12-26
CUST101569,34,Male,Udaipur,Rajasthan,Returning,2026-02-01
CUST101570,18,Male,Hyderabad,Telangana,Returning,2025-08-28
CUST101571,20,Male,Kolkata,West Bengal,Returning,2025-01-14
CUST101572,43,Male,Mangaluru,Karnataka,New,2025-03-18
CUST101573,48,Male,Noida,Uttar Pradesh,New,2026-06-10
CUST101574,43,Male,Thiruvananthapuram,Kerala,Returning,2025-06-17
CUST101575,40,Female,Mysuru,Karnataka,Returning,2025-04-18
CUST101576,47,Female,Mumbai,Maharashtra,Returning,2024-06-05
CUST101577,27,Female,Nagpur,Maharashtra,Returning,2024-03-29
CUST101578,25,Male,Indore,Madhya Pradesh,New,2024-07-20
CUST101579,42,Female,Udaipur,Rajasthan,Returning,2025-04-06
CUST101580,39,Female,Kolkata,West Bengal,Returning,2025-04-25
CUST101581,32,Female,Mysuru,Karnataka,Returning,2025-12-09
CUST101582,58,Female,Chennai,Tamil Nadu,Returning,2025-07-10
CUST101583,27,Male,Jaipur,Rajasthan,Returning,2025-03-29
CUST101584,37,Male,Vadodara,Gujarat,New,2025-04-14
CUST101585,58,Male,Faridabad,Haryana,New,2025-01-14
CUST101586,40,Male,Nagpur,Maharashtra,Returning,2025-02-04
CUST101587,18,Male,Bhopal,Madhya Pradesh,New,2024-03-19
CUST101588,19,Male,Hyderabad,Telangana,Returning,2025-07-04
CUST101589,36,Female,Hyderabad,Telangana,Returning,2026-03-06
CUST101590,31,Male,Noida,Uttar Pradesh,New,2025-01-20
CUST101591,25,Female,Bhopal,Madhya Pradesh,New,2025-10-28
CUST101592,55,Female,Faridabad,Haryana,Returning,2025-10-22
CUST101593,29,Male,Nashik,Maharashtra,New,2024-12-08
CUST101594,43,Female,Pune,Maharashtra,New,2025-03-20
CUST101595,44,Female,Lucknow,Uttar Pradesh,New,2024-02-21
CUST101596,46,Female,Kolkata,West Bengal,Returning,2024-09-07
CUST101597,32,Female,New Delhi,Delhi,New,2026-06-12
CUST101598,18,Female,Pune,Maharashtra,Returning,2025-10-20
CUST101599,60,Female,Pune,Maharashtra,Returning,2024-11-24
CUST101600,45,Male,Cuttack,Odisha,New,2025-05-08
CUST101601,20,Male,Mangaluru,Karnataka,New,2024-12-15
CUST101602,35,Female,New Delhi,Delhi,Returning,2026-02-08
CUST101603,51,Male,Mysuru,Karnataka,Returning,2026-02-23
CUST101604,49,Female,Chennai,Tamil Nadu,New,2025-04-03
CUST101605,46,Female,Mumbai,Maharashtra,New,2025-05-12
CUST101606,42,Female,Surat,Gujarat,Returning,2024-05-04
CUST101607,43,Male,Mumbai,Maharashtra,Returning,2024-07-22
CUST101608,56,Female,Varanasi,Uttar Pradesh,New,2026-02-06
CUST101609,25,Male,Mangaluru,Karnataka,Returning,2025-10-04
CUST101610,36,Male,Kolkata,West Bengal,New,2024-01-21
CUST101611,59,Male,Thiruvananthapuram,Kerala,New,2025-08-12
CUST101612,39,Male,Indore,Madhya Pradesh,New,2026-04-26
CUST101613,46,Male,Ahmedabad,Gujarat,Returning,2025-07-16
CUST101614,50,Female,Coimbatore,Tamil Nadu,Returning,2024-12-27
CUST101615,55,Female,Chennai,Tamil Nadu,Returning,2024-12-26
CUST101616,52,Male,Bhopal,Madhya Pradesh,Returning,2026-02-16
CUST101617,60,Male,Gurugram,Haryana,Returning,2024-04-25
CUST101618,20,Female,Jabalpur,Madhya Pradesh,New,2024-02-24
CUST101619,36,Female,Kolkata,West Bengal,New,2024-10-18
CUST101620,27,Female,Lucknow,Uttar Pradesh,Returning,2024-02-20
CUST101621,44,Female,Ahmedabad,Gujarat,Returning,2026-04-21
CUST101622,32,Female,Pune,Maharashtra,Returning,2026-02-23
CUST101623,28,Male,Kolkata,West Bengal,New,2024-09-10
CUST101624,43,Male,Amritsar,Punjab,New,2025-05-06
CUST101625,41,Male,Bengaluru,Karnataka,Returning,2025-07-26
CUST101626,30,Male,Bhopal,Madhya Pradesh,New,2026-05-08
CUST101627,49,Male,Mangaluru,Karnataka,Returning,2026-05-12
CUST101628,54,Female,Surat,Gujarat,Returning,2024-08-12
CUST101629,21,Female,Pune,Maharashtra,New,2025-04-13
CUST101630,30,Male,Warangal,Telangana,New,2026-04-27
CUST101631,26,Male,Lucknow,Uttar Pradesh,New,2024-04-12
CUST101632,51,Female,Madurai,Tamil Nadu,New,2024-02-17
CUST101633,54,Other,Bhopal,Madhya Pradesh,Returning,2026-01-06
CUST101634,24,Female,Lucknow,Uttar Pradesh,New,2024-12-07
CUST101635,18,Female,Bhubaneswar,Odisha,New,2024-08-20
CUST101636,29,Female,Mysuru,Karnataka,Returning,2025-08-04
CUST101637,38,Female,Chennai,Tamil Nadu,Returning,2025-07-12
CUST101638,28,Male,Mysuru,Karnataka,Returning,2024-08-15
CUST101639,31,Male,Faridabad,Haryana,Returning,2025-06-05
CUST101640,51,Female,Cuttack,Odisha,Returning,2025-11-27
CUST101641,51,Male,Kolkata,West Bengal,New,2025-08-14
CUST101642,42,Male,Patna,Bihar,Returning,2024-01-13
CUST101643,21,Male,Surat,Gujarat,Returning,2025-05-13
CUST101644,43,Male,Jaipur,Rajasthan,New,2025-03-20
CUST101645,33,Female,Nagpur,Maharashtra,Returning,2026-04-05
CUST101646,27,Male,Lucknow,Uttar Pradesh,Returning,2024-12-05
CUST101647,19,Female,Nagpur,Maharashtra,Returning,2024-11-19
CUST101648,52,Male,Gaya,Bihar,New,2025-08-18
CUST101649,36,Female,Kanpur,Uttar Pradesh,New,2025-08-20
CUST101650,23,Male,Kanpur,Uttar Pradesh,Returning,2024-06-05
CUST101651,36,Male,Nagpur,Maharashtra,Returning,2025-10-17
CUST101652,25,Female,New Delhi,Delhi,New,2025-07-28
CUST101653,31,Female,New Delhi,Delhi,Returning,2025-03-06
CUST101654,27,Male,Chennai,Tamil Nadu,New,2025-07-08
CUST101655,20,Male,Pune,Maharashtra,New,2025-02-10
CUST101656,55,Female,Ludhiana,Punjab,Returning,2024-06-06
CUST101657,46,Male,Kolkata,West Bengal,New,2024-07-03
CUST101658,32,Female,New Delhi,Delhi,New,2026-03-08
CUST101659,40,Female,Coimbatore,Tamil Nadu,New,2025-05-05
CUST101660,40,Female,Hyderabad,Telangana,Returning,2026-04-14
CUST101661,35,Female,Jodhpur,Rajasthan,New,2025-06-19
CUST101662,36,Male,Vadodara,Gujarat,Returning,2024-12-22
CUST101663,45,Male,Cuttack,Odisha,Returning,2025-12-17
CUST101664,43,Female,Surat,Gujarat,Returning,2024-12-27
CUST101665,27,Male,Gurugram,Haryana,New,2024-08-11
CUST101666,21,Female,Thiruvananthapuram,Kerala,Returning,2025-09-04
CUST101667,19,Male,Bengaluru,Karnataka,New,2024-07-22
CUST101668,20,Female,Cuttack,Odisha,Returning,2024-01-08
CUST101669,24,Male,Pune,Maharashtra,Returning,2025-04-16
CUST101670,33,Male,Gaya,Bihar,New,2024-06-20
CUST101671,48,Female,Coimbatore,Tamil Nadu,Returning,2025-12-20
CUST101672,27,Male,Thiruvananthapuram,Kerala,New,2024-04-05
CUST101673,36,Female,Thiruvananthapuram,Kerala,New,2025-11-04
CUST101674,45,Female,Patna,Bihar,New,2026-03-13
CUST101675,34,Female,Kanpur,Uttar Pradesh,Returning,2025-08-30
CUST101676,45,Female,New Delhi,Delhi,New,2024-11-01
CUST101677,36,Female,Mumbai,Maharashtra,New,2025-10-18
CUST101678,54,Female,Warangal,Telangana,New,2024-09-14
CUST101679,40,Female,Bengaluru,Karnataka,Returning,2025-04-18
CUST101680,37,Female,Bhopal,Madhya Pradesh,Returning,2024-10-26
CUST101681,30,Male,Madurai,Tamil Nadu,New,2025-04-09
CUST101682,30,Male,Gurugram,Haryana,New,2025-09-05
CUST101683,60,Female,Bhopal,Madhya Pradesh,Returning,2025-11-19
CUST101684,28,Female,Gaya,Bihar,Returning,2026-06-16
CUST101685,32,Female,Nagpur,Maharashtra,Returning,2024-11-23
CUST101686,34,Male,Kochi,Kerala,Returning,2024-04-19
CUST101687,45,Male,Bhubaneswar,Odisha,New,2025-12-10
CUST101688,36,Female,Vadodara,Gujarat,Returning,2024-05-08
CUST101689,21,Female,Udaipur,Rajasthan,New,2026-05-20
CUST101690,39,Female,Lucknow,Uttar Pradesh,Returning,2024-05-16
CUST101691,39,Female,Mysuru,Karnataka,New,2025-06-22
CUST101692,54,Male,Ahmedabad,Gujarat,Returning,2025-10-10
CUST101693,56,Male,Coimbatore,Tamil Nadu,New,2024-06-12
CUST101694,51,Female,Nagpur,Maharashtra,New,2024-12-14
CUST101695,50,Male,Coimbatore,Tamil Nadu,Returning,2025-04-07
CUST101696,59,Female,Mumbai,Maharashtra,Returning,2026-05-17
CUST101697,57,Female,Pune,Maharashtra,Returning,2025-10-04
CUST101698,50,Male,Nashik,Maharashtra,Returning,2025-05-18
CUST101699,29,Male,Gurugram,Haryana,Returning,2026-06-03
CUST101700,19,Female,Kolkata,West Bengal,New,2024-05-30
CUST101701,45,Female,Faridabad,Haryana,Returning,2026-06-08
CUST101702,27,Male,Warangal,Telangana,Returning,2024-09-02
CUST101703,39,Male,New Delhi,Delhi,Returning,2024-04-19
CUST101704,34,Female,Vadodara,Gujarat,Returning,2025-08-07
CUST101705,43,Female,Hyderabad,Telangana,Returning,2026-03-08
CUST101706,20,Female,Pune,Maharashtra,Returning,2024-10-01
CUST101707,24,Male,Bhopal,Madhya Pradesh,New,2026-05-19
CUST101708,25,Male,Mysuru,Karnataka,New,2024-03-07
CUST101709,37,Female,Jaipur,Rajasthan,New,2024-02-19
CUST101710,29,Male,Gwalior,Madhya Pradesh,Returning,2026-03-26
CUST101711,52,Male,Mysuru,Karnataka,New,2025-05-29
CUST101712,34,Female,Nashik,Maharashtra,New,2024-08-13
CUST101713,45,Female,Noida,Uttar Pradesh,New,2025-07-31
CUST101714,58,Male,Hyderabad,Telangana,Returning,2025-05-20
CUST101715,27,Male,Nagpur,Maharashtra,Returning,2024-06-03
CUST101716,39,Male,Faridabad,Haryana,New,2026-05-23
CUST101717,55,Male,Pune,Maharashtra,Returning,2025-04-24
CUST101718,50,Female,Jabalpur,Madhya Pradesh,Returning,2024-04-20
CUST101719,39,Female,Gurugram,Haryana,New,2025-04-27
CUST101720,54,Male,Bengaluru,Karnataka,Returning,2026-03-18
CUST101721,30,Female,Nashik,Maharashtra,Returning,2026-06-11
CUST101722,44,Male,Pune,Maharashtra,New,2026-02-06
CUST101723,32,Male,New Delhi,Delhi,New,2024-09-30
CUST101724,39,Male,Nashik,Maharashtra,Returning,2024-06-03
CUST101725,47,Female,Bhopal,Madhya Pradesh,Returning,2025-10-12
CUST101726,60,Male,Mumbai,Maharashtra,New,2024-06-15
CUST101727,57,Male,Vadodara,Gujarat,Returning,2024-01-19
CUST101728,54,Male,Gurugram,Haryana,Returning,2024-12-10
CUST101729,51,Male,Patna,Bihar,Returning,2026-01-04
CUST101730,51,Female,Jaipur,Rajasthan,New,2025-07-22
CUST101731,52,Female,New Delhi,Delhi,Returning,2026-06-16
CUST101732,59,Female,Jodhpur,Rajasthan,New,2024-10-20
CUST101733,36,Female,Ahmedabad,Gujarat,Returning,2025-10-06
CUST101734,25,Male,Hyderabad,Telangana,Returning,2025-04-06
CUST101735,56,Male,Nagpur,Maharashtra,Returning,2024-12-03
CUST101736,50,Male,Thiruvananthapuram,Kerala,New,2026-03-14
CUST101737,45,Male,Warangal,Telangana,Returning,2025-03-27
CUST101738,54,Female,Mangaluru,Karnataka,Returning,2024-12-09
CUST101739,42,Male,Madurai,Tamil Nadu,Returning,2025-12-17
CUST101740,53,Female,Hyderabad,Telangana,New,2025-09-22
CUST101741,34,Female,Gaya,Bihar,Returning,2026-02-03
CUST101742,41,Male,Varanasi,Uttar Pradesh,New,2024-03-25
CUST101743,38,Male,Noida,Uttar Pradesh,Returning,2025-11-27
CUST101744,19,Male,Nagpur,Maharashtra,Returning,2026-01-06
CUST101745,48,Female,Warangal,Telangana,Returning,2025-10-21
CUST101746,50,Male,Vadodara,Gujarat,New,2025-01-23
CUST101747,47,Female,Nashik,Maharashtra,Returning,2026-03-02
CUST101748,29,Female,New Delhi,Delhi,Returning,2024-08-14
CUST101749,29,Male,Noida,Uttar Pradesh,New,2024-10-12
CUST101750,41,Male,Pune,Maharashtra,Returning,2024-10-10
CUST101751,41,Male,Ahmedabad,Gujarat,Returning,2025-11-23
CUST101752,28,Male,Mangaluru,Karnataka,Returning,2024-04-18
CUST101753,30,Male,Nashik,Maharashtra,Returning,2024-05-14
CUST101754,44,Male,Bengaluru,Karnataka,Returning,2024-10-17
CUST101755,25,Male,Gurugram,Haryana,Returning,2026-06-05
CUST101756,27,Male,Kanpur,Uttar Pradesh,New,2026-03-12
CUST101757,25,Male,Ludhiana,Punjab,New,2025-09-06
CUST101758,37,Other,Vadodara,Gujarat,Returning,2025-12-13
CUST101759,25,Female,Mumbai,Maharashtra,Returning,2025-05-22
CUST101760,26,Male,Kolkata,West Bengal,New,2025-09-20
CUST101761,24,Male,Hyderabad,Telangana,New,2026-04-23
CUST101762,31,Female,Thiruvananthapuram,Kerala,New,2026-04-01
CUST101763,45,Male,Nagpur,Maharashtra,Returning,2024-01-29
CUST101764,19,Female,Vadodara,Gujarat,New,2025-01-28
CUST101765,60,Male,Mysuru,Karnataka,Returning,2024-01-27
CUST101766,25,Male,Chennai,Tamil Nadu,New,2025-04-11
CUST101767,30,Female,Noida,Uttar Pradesh,Returning,2024-01-13
CUST101768,38,Female,Ahmedabad,Gujarat,Returning,2025-07-07
CUST101769,45,Male,Chennai,Tamil Nadu,Returning,2025-03-20
CUST101770,52,Female,Chennai,Tamil Nadu,New,2024-08-11
CUST101771,40,Female,Warangal,Telangana,Returning,2025-04-07
CUST101772,32,Female,Lucknow,Uttar Pradesh,New,2024-01-21
CUST101773,19,Male,Thiruvananthapuram,Kerala,New,2025-01-21
CUST101774,29,Male,Ludhiana,Punjab,Returning,2025-10-09
CUST101775,53,Male,Lucknow,Uttar Pradesh,Returning,2024-11-21
CUST101776,20,Female,New Delhi,Delhi,Returning,2026-01-02
CUST101777,22,Male,Gwalior,Madhya Pradesh,Returning,2025-04-11
CUST101778,20,Male,Hyderabad,Telangana,Returning,2025-10-18
CUST101779,36,Female,New Delhi,Delhi,New,2025-06-05
CUST101780,19,Male,Patna,Bihar,Returning,2024-08-12
CUST101781,54,Male,Nagpur,Maharashtra,Returning,2025-10-14
CUST101782,34,Male,Bhubaneswar,Odisha,Returning,2025-04-19
CUST101783,31,Female,Vadodara,Gujarat,Returning,2025-09-09
CUST101784,45,Female,Udaipur,Rajasthan,Returning,2026-02-18
CUST101785,44,Female,Bhopal,Madhya Pradesh,Returning,2025-12-06
CUST101786,27,Female,Bhubaneswar,Odisha,Returning,2025-04-02
CUST101787,20,Male,Udaipur,Rajasthan,New,2025-10-01
CUST101788,53,Female,Udaipur,Rajasthan,Returning,2024-07-31
CUST101789,55,Male,Nashik,Maharashtra,Returning,2025-10-24
CUST101790,42,Female,Ahmedabad,Gujarat,Returning,2025-04-25
CUST101791,39,Female,Mangaluru,Karnataka,New,2026-06-14
CUST101792,56,Male,Lucknow,Uttar Pradesh,Returning,2024-06-28
CUST101793,47,Female,Surat,Gujarat,Returning,2026-04-08
CUST101794,38,Male,Gwalior,Madhya Pradesh,Returning,2025-06-21
CUST101795,47,Female,Mumbai,Maharashtra,New,2025-06-10
CUST101796,45,Female,Mumbai,Maharashtra,Returning,2024-01-22
CUST101797,48,Male,Noida,Uttar Pradesh,Returning,2024-12-10
CUST101798,43,Male,Pune,Maharashtra,New,2025-07-30
CUST101799,60,Female,Mumbai,Maharashtra,New,2026-02-01
CUST101800,39,Female,Pune,Maharashtra,Returning,2024-01-21
CUST101801,38,Male,Amritsar,Punjab,Returning,2026-01-14
CUST101802,18,Male,Noida,Uttar Pradesh,New,2025-02-11
CUST101803,54,Male,Coimbatore,Tamil Nadu,Returning,2025-05-01
CUST101804,30,Female,New Delhi,Delhi,New,2025-06-11
CUST101805,38,Other,Coimbatore,Tamil Nadu,Returning,2025-02-19
CUST101806,26,Female,Varanasi,Uttar Pradesh,New,2024-09-28
CUST101807,34,Female,Bhopal,Madhya Pradesh,New,2024-07-23
CUST101808,38,Male,Mangaluru,Karnataka,Returning,2024-10-24
CUST101809,48,Female,Bengaluru,Karnataka,New,2025-11-02
CUST101810,56,Female,Nashik,Maharashtra,Returning,2025-07-06
CUST101811,39,Female,Gwalior,Madhya Pradesh,Returning,2024-04-17
CUST101812,29,Female,Noida,Uttar Pradesh,Returning,2025-09-28
CUST101813,23,Male,New Delhi,Delhi,Returning,2024-05-31
CUST101814,33,Male,Mumbai,Maharashtra,Returning,2024-01-13
CUST101815,43,Female,Nagpur,Maharashtra,New,2025-12-15
CUST101816,22,Male,Faridabad,Haryana,New,2024-03-19
CUST101817,26,Male,New Delhi,Delhi,Returning,2025-07-07
CUST101818,57,Male,Lucknow,Uttar Pradesh,New,2024-06-17
CUST101819,31,Female,Udaipur,Rajasthan,Returning,2024-09-05
CUST101820,59,Other,Coimbatore,Tamil Nadu,Returning,2024-04-30
CUST101821,47,Male,Mysuru,Karnataka,New,2025-01-21
CUST101822,43,Female,Pune,Maharashtra,Returning,2025-03-14
CUST101823,46,Female,Udaipur,Rajasthan,New,2024-09-28
CUST101824,36,Female,Noida,Uttar Pradesh,Returning,2024-10-26
CUST101825,25,Male,Bhopal,Madhya Pradesh,Returning,2025-12-21
CUST101826,40,Female,Vadodara,Gujarat,Returning,2025-04-17
CUST101827,59,Male,Nashik,Maharashtra,New,2024-06-06
CUST101828,52,Female,Gurugram,Haryana,Returning,2025-09-24
CUST101829,48,Male,Noida,Uttar Pradesh,New,2024-08-14
CUST101830,52,Female,New Delhi,Delhi,Returning,2025-02-24
CUST101831,49,Male,Faridabad,Haryana,Returning,2024-01-24
CUST101832,22,Male,Jodhpur,Rajasthan,Returning,2026-01-11
CUST101833,33,Female,Kolkata,West Bengal,Returning,2025-06-21
CUST101834,34,Female,Kanpur,Uttar Pradesh,Returning,2025-07-23
CUST101835,49,Female,Gaya,Bihar,New,2026-02-15
CUST101836,55,Male,Jabalpur,Madhya Pradesh,New,2025-09-29
CUST101837,49,Male,Nashik,Maharashtra,Returning,2026-02-25
CUST101838,37,Female,Coimbatore,Tamil Nadu,New,2025-06-23
CUST101839,19,Female,Bhubaneswar,Odisha,Returning,2026-03-23
CUST101840,37,Female,Bengaluru,Karnataka,Returning,2024-05-07
CUST101841,35,Male,Chennai,Tamil Nadu,Returning,2024-04-03
CUST101842,18,Male,Hyderabad,Telangana,Returning,2025-12-03
CUST101843,46,Male,Warangal,Telangana,Returning,2025-02-24
CUST101844,46,Female,Jaipur,Rajasthan,Returning,2024-09-28
CUST101845,36,Female,Ludhiana,Punjab,Returning,2025-04-28
CUST101846,57,Male,Mangaluru,Karnataka,Returning,2024-01-05
CUST101847,23,Female,Mumbai,Maharashtra,Returning,2024-06-05
CUST101848,56,Male,Mangaluru,Karnataka,Returning,2024-02-21
CUST101849,25,Female,Thiruvananthapuram,Kerala,Returning,2024-08-30
CUST101850,41,Female,Bhopal,Madhya Pradesh,Returning,2025-10-24
CUST101851,37,Male,New Delhi,Delhi,New,2026-02-12
CUST101852,31,Other,Patna,Bihar,New,2025-02-23
CUST101853,22,Male,Kochi,Kerala,Returning,2026-03-27
CUST101854,58,Female,Thiruvananthapuram,Kerala,Returning,2025-02-28
CUST101855,57,Female,Bhubaneswar,Odisha,New,2024-03-20
CUST101856,51,Male,New Delhi,Delhi,Returning,2025-11-25
CUST101857,33,Male,Noida,Uttar Pradesh,Returning,2024-12-19
CUST101858,24,Male,Warangal,Telangana,Returning,2025-09-10
CUST101859,33,Female,Patna,Bihar,Returning,2025-10-27
CUST101860,24,Male,Noida,Uttar Pradesh,New,2024-10-19
CUST101861,44,Male,Kanpur,Uttar Pradesh,Returning,2025-12-17
CUST101862,31,Male,Jabalpur,Madhya Pradesh,Returning,2024-04-25
CUST101863,31,Male,Mysuru,Karnataka,Returning,2025-06-12
CUST101864,50,Female,Kolkata,West Bengal,New,2025-04-24
CUST101865,50,Male,Faridabad,Haryana,New,2024-10-14
CUST101866,37,Male,Ludhiana,Punjab,Returning,2025-10-29
CUST101867,53,Male,Pune,Maharashtra,New,2025-04-21
CUST101868,24,Male,Mangaluru,Karnataka,Returning,2024-01-25
CUST101869,49,Male,Nashik,Maharashtra,Returning,2025-03-06
CUST101870,20,Male,Varanasi,Uttar Pradesh,Returning,2024-10-04
CUST101871,56,Female,Patna,Bihar,Returning,2024-11-12
CUST101872,46,Female,Mangaluru,Karnataka,Returning,2025-09-29
CUST101873,41,Female,Vadodara,Gujarat,Returning,2026-03-22
CUST101874,39,Female,Gaya,Bihar,Returning,2024-12-23
CUST101875,23,Female,Kanpur,Uttar Pradesh,Returning,2024-10-02
CUST101876,41,Female,Kolkata,West Bengal,Returning,2026-05-26
CUST101877,57,Female,Jaipur,Rajasthan,Returning,2025-11-20
CUST101878,40,Female,Ahmedabad,Gujarat,Returning,2024-12-09
CUST101879,55,Female,New Delhi,Delhi,New,2025-03-06
CUST101880,27,Female,Kolkata,West Bengal,Returning,2025-07-12
CUST101881,33,Male,Jabalpur,Madhya Pradesh,Returning,2025-12-12
CUST101882,28,Male,Kochi,Kerala,Returning,2025-07-16
CUST101883,49,Female,Jaipur,Rajasthan,Returning,2025-03-14
CUST101884,23,Male,Noida,Uttar Pradesh,Returning,2025-04-06
CUST101885,41,Male,Bengaluru,Karnataka,Returning,2026-03-17
CUST101886,50,Female,Ahmedabad,Gujarat,Returning,2024-09-26
CUST101887,29,Male,Nagpur,Maharashtra,Returning,2025-12-09
CUST101888,44,Male,New Delhi,Delhi,Returning,2025-03-06
CUST101889,55,Male,Varanasi,Uttar Pradesh,New,2024-01-21
CUST101890,35,Female,Gurugram,Haryana,Returning,2024-05-22
CUST101891,56,Male,Mumbai,Maharashtra,Returning,2026-01-29
CUST101892,30,Female,Coimbatore,Tamil Nadu,Returning,2026-05-17
CUST101893,57,Male,Varanasi,Uttar Pradesh,New,2024-12-18
CUST101894,47,Other,Bengaluru,Karnataka,New,2025-04-09
CUST101895,58,Male,Kolkata,West Bengal,Returning,2025-04-12
CUST101896,30,Male,Lucknow,Uttar Pradesh,New,2025-05-27
CUST101897,51,Female,Udaipur,Rajasthan,Returning,2025-04-08
CUST101898,53,Other,Bengaluru,Karnataka,Returning,2026-05-26
CUST101899,47,Male,Chennai,Tamil Nadu,Returning,2026-04-29
CUST101900,42,Female,Varanasi,Uttar Pradesh,New,2025-01-28
CUST101901,19,Male,Kolkata,West Bengal,Returning,2026-02-24
CUST101902,53,Female,Nashik,Maharashtra,Returning,2026-01-22
CUST101903,35,Female,Varanasi,Uttar Pradesh,Returning,2024-02-27
CUST101904,22,Male,Nagpur,Maharashtra,Returning,2024-05-05
CUST101905,36,Female,Noida,Uttar Pradesh,Returning,2026-04-20
CUST101906,59,Male,Mangaluru,Karnataka,New,2026-05-27
CUST101907,35,Female,Ludhiana,Punjab,Returning,2025-04-05
CUST101908,49,Female,Coimbatore,Tamil Nadu,Returning,2024-02-21
CUST101909,38,Male,Coimbatore,Tamil Nadu,Returning,2026-01-04
CUST101910,27,Female,Bengaluru,Karnataka,Returning,2026-03-24
CUST101911,54,Male,New Delhi,Delhi,Returning,2026-05-24
CUST101912,39,Male,Kochi,Kerala,New,2024-09-25
CUST101913,30,Male,Faridabad,Haryana,Returning,2024-04-05
CUST101914,34,Male,Coimbatore,Tamil Nadu,Returning,2024-09-29
CUST101915,26,Male,Hyderabad,Telangana,Returning,2024-11-18
CUST101916,41,Female,Varanasi,Uttar Pradesh,Returning,2025-07-26
CUST101917,31,Male,Kochi,Kerala,Returning,2026-04-12
CUST101918,25,Female,Udaipur,Rajasthan,Returning,2025-11-23
CUST101919,54,Male,Chennai,Tamil Nadu,Returning,2024-05-12
CUST101920,36,Male,Hyderabad,Telangana,New,2024-03-29
CUST101921,45,Male,Gwalior,Madhya Pradesh,Returning,2025-11-15
CUST101922,58,Male,Pune,Maharashtra,Returning,2026-04-03
CUST101923,47,Male,Jaipur,Rajasthan,Returning,2024-01-05
CUST101924,24,Male,Madurai,Tamil Nadu,New,2024-12-22
CUST101925,43,Male,Noida,Uttar Pradesh,Returning,2024-12-08
CUST101926,57,Female,Nashik,Maharashtra,New,2024-07-22
CUST101927,28,Female,Kolkata,West Bengal,Returning,2025-11-04
CUST101928,31,Male,Vadodara,Gujarat,Returning,2025-07-26
CUST101929,38,Male,Bhopal,Madhya Pradesh,Returning,2025-04-15
CUST101930,25,Female,Pune,Maharashtra,Returning,2025-04-08
CUST101931,20,Female,Kolkata,West Bengal,Returning,2025-05-11
CUST101932,45,Female,Kolkata,West Bengal,Returning,2025-12-02
CUST101933,46,Male,Kolkata,West Bengal,New,2026-04-16
CUST101934,40,Male,Jodhpur,Rajasthan,New,2024-03-03
CUST101935,35,Female,Jabalpur,Madhya Pradesh,New,2025-07-09
CUST101936,52,Female,Gaya,Bihar,Returning,2024-08-26
CUST101937,30,Female,New Delhi,Delhi,Returning,2025-06-23
CUST101938,29,Female,Gaya,Bihar,New,2024-07-16
CUST101939,22,Female,Ahmedabad,Gujarat,New,2026-02-19
CUST101940,56,Male,Nagpur,Maharashtra,Returning,2025-11-13
CUST101941,28,Other,Pune,Maharashtra,Returning,2024-01-30
CUST101942,28,Female,Coimbatore,Tamil Nadu,New,2025-10-27
CUST101943,59,Female,Varanasi,Uttar Pradesh,Returning,2024-07-27
CUST101944,48,Female,Lucknow,Uttar Pradesh,New,2024-03-03
CUST101945,48,Female,Varanasi,Uttar Pradesh,New,2026-04-20
CUST101946,30,Female,Ahmedabad,Gujarat,New,2024-02-26
CUST101947,31,Female,Hyderabad,Telangana,Returning,2026-04-11
CUST101948,59,Female,Mangaluru,Karnataka,New,2025-12-20
CUST101949,42,Male,Coimbatore,Tamil Nadu,New,2025-03-08
CUST101950,50,Male,Warangal,Telangana,New,2024-11-03
CUST101951,50,Male,Pune,Maharashtra,Returning,2025-07-28
CUST101952,32,Female,Bengaluru,Karnataka,New,2026-01-29
CUST101953,33,Male,Udaipur,Rajasthan,New,2025-04-10
CUST101954,55,Male,Kanpur,Uttar Pradesh,Returning,2025-10-14
CUST101955,23,Female,Gurugram,Haryana,New,2025-08-27
CUST101956,42,Female,Ludhiana,Punjab,Returning,2024-04-16
CUST101957,32,Male,Indore,Madhya Pradesh,New,2026-05-26
CUST101958,21,Female,Hyderabad,Telangana,New,2025-08-22
CUST101959,21,Female,Jodhpur,Rajasthan,Returning,2024-10-27
CUST101960,47,Male,Noida,Uttar Pradesh,New,2025-09-11
CUST101961,51,Male,Nagpur,Maharashtra,New,2024-02-15
CUST101962,44,Female,Warangal,Telangana,Returning,2024-03-17
CUST101963,48,Male,Patna,Bihar,Returning,2025-12-29
CUST101964,49,Male,Chennai,Tamil Nadu,Returning,2024-06-17
CUST101965,56,Female,Kolkata,West Bengal,Returning,2026-03-24
CUST101966,26,Male,Kolkata,West Bengal,Returning,2024-05-08
CUST101967,58,Female,Bengaluru,Karnataka,Returning,2025-12-13
CUST101968,25,Female,Madurai,Tamil Nadu,Returning,2025-12-08
CUST101969,31,Male,Madurai,Tamil Nadu,Returning,2026-05-09
CUST101970,50,Female,Nashik,Maharashtra,New,2024-09-24
CUST101971,40,Female,Pune,Maharashtra,New,2025-08-22
CUST101972,38,Female,Gaya,Bihar,Returning,2026-02-03
CUST101973,29,Male,New Delhi,Delhi,Returning,2026-01-19
CUST101974,19,Male,Vadodara,Gujarat,Returning,2025-08-07
CUST101975,30,Female,New Delhi,Delhi,Returning,2025-02-22
CUST101976,21,Male,Amritsar,Punjab,Returning,2026-05-19
CUST101977,37,Female,New Delhi,Delhi,Returning,2026-05-16
CUST101978,31,Male,Hyderabad,Telangana,Returning,2024-06-09
CUST101979,47,Female,Thiruvananthapuram,Kerala,Returning,2024-02-27
CUST101980,46,Male,Gaya,Bihar,New,2025-01-18
CUST101981,25,Other,Mysuru,Karnataka,Returning,2026-06-03
CUST101982,29,Male,Noida,Uttar Pradesh,Returning,2026-03-13
CUST101983,58,Female,Hyderabad,Telangana,Returning,2025-05-24
CUST101984,55,Male,Surat,Gujarat,New,2025-03-05
CUST101985,43,Female,Mumbai,Maharashtra,Returning,2024-12-05
CUST101986,19,Male,Mumbai,Maharashtra,New,2025-07-31
CUST101987,57,Female,Lucknow,Uttar Pradesh,New,2024-01-26
CUST101988,31,Female,Vadodara,Gujarat,Returning,2026-03-20
CUST101989,23,Female,Hyderabad,Telangana,New,2025-08-11
CUST101990,59,Female,Kanpur,Uttar Pradesh,New,2026-03-08
CUST101991,57,Male,Kanpur,Uttar Pradesh,New,2025-01-06
CUST101992,48,Male,Bengaluru,Karnataka,Returning,2024-02-05
CUST101993,34,Male,Udaipur,Rajasthan,New,2025-06-14
CUST101994,42,Male,Nashik,Maharashtra,Returning,2026-02-28
CUST101995,49,Male,Kanpur,Uttar Pradesh,Returning,2026-04-12
CUST101996,29,Female,Indore,Madhya Pradesh,Returning,2026-04-04
CUST101997,30,Female,Ludhiana,Punjab,Returning,2024-09-23
CUST101998,36,Female,Pune,Maharashtra,Returning,2026-03-04
CUST101999,42,Female,Pune,Maharashtra,New,2025-03-07
CUST102000,48,Female,New Delhi,Delhi,New,2024-01-19
CUST102001,54,Female,New Delhi,Delhi,Returning,2024-12-04
CUST102002,42,Female,New Delhi,Delhi,Returning,2024-05-19
CUST102003,33,Female,Bhubaneswar,Odisha,New,2024-03-07
CUST102004,55,Male,New Delhi,Delhi,New,2026-04-03
CUST102005,60,Female,New Delhi,Delhi,Returning,2025-06-13
CUST102006,40,Male,Kanpur,Uttar Pradesh,Returning,2025-01-03
CUST102007,31,Male,Warangal,Telangana,Returning,2024-09-17
CUST102008,23,Male,Varanasi,Uttar Pradesh,Returning,2025-09-15
CUST102009,42,Female,Nagpur,Maharashtra,Returning,2025-09-18
CUST102010,40,Female,Vadodara,Gujarat,Returning,2025-11-08
CUST102011,60,Female,Nagpur,Maharashtra,Returning,2025-08-01
CUST102012,29,Female,Mumbai,Maharashtra,Returning,2026-02-05
CUST102013,30,Female,Cuttack,Odisha,Returning,2025-08-04
CUST102014,53,Male,Nashik,Maharashtra,New,2026-03-30
CUST102015,56,Male,Ahmedabad,Gujarat,New,2024-07-21
CUST102016,51,Male,Hyderabad,Telangana,Returning,2025-09-30
CUST102017,23,Female,Madurai,Tamil Nadu,Returning,2025-02-13
CUST102018,55,Female,Cuttack,Odisha,New,2026-04-12
CUST102019,57,Male,Nagpur,Maharashtra,New,2024-03-20
CUST102020,25,Female,Indore,Madhya Pradesh,Returning,2025-11-18
CUST102021,25,Male,Gurugram,Haryana,Returning,2024-04-22
CUST102022,57,Male,Kolkata,West Bengal,New,2025-09-14
CUST102023,50,Female,Amritsar,Punjab,New,2026-03-31
CUST102024,51,Female,Mumbai,Maharashtra,Returning,2024-05-16
CUST102025,32,Male,Warangal,Telangana,New,2025-10-06
CUST102026,53,Female,New Delhi,Delhi,Returning,2026-06-02
CUST102027,52,Female,Lucknow,Uttar Pradesh,New,2026-04-19
CUST102028,39,Female,Gurugram,Haryana,New,2024-07-07
CUST102029,40,Female,New Delhi,Delhi,New,2024-10-03
CUST102030,57,Male,Indore,Madhya Pradesh,New,2026-01-06
CUST102031,39,Male,Mangaluru,Karnataka,New,2024-04-12
CUST102032,22,Female,Kolkata,West Bengal,New,2024-04-16
CUST102033,48,Male,Ahmedabad,Gujarat,Returning,2025-07-28
CUST102034,30,Male,Faridabad,Haryana,New,2026-01-26
CUST102035,45,Male,Udaipur,Rajasthan,Returning,2024-06-21
CUST102036,37,Male,Chennai,Tamil Nadu,New,2026-04-24
CUST102037,50,Female,Pune,Maharashtra,Returning,2024-11-26
CUST102038,33,Female,Bengaluru,Karnataka,New,2025-12-22
CUST102039,46,Male,Mysuru,Karnataka,New,2024-07-09
CUST102040,40,Male,New Delhi,Delhi,Returning,2025-10-31
CUST102041,41,Male,Thiruvananthapuram,Kerala,Returning,2026-04-10
CUST102042,51,Other,Kolkata,West Bengal,Returning,2024-08-12
CUST102043,24,Male,Ahmedabad,Gujarat,Returning,2025-11-14
CUST102044,55,Female,Mumbai,Maharashtra,Returning,2024-11-18
CUST102045,54,Female,Kochi,Kerala,Returning,2025-05-22
CUST102046,21,Female,Lucknow,Uttar Pradesh,Returning,2025-07-01
CUST102047,51,Male,Mumbai,Maharashtra,Returning,2024-05-13
CUST102048,59,Male,Kanpur,Uttar Pradesh,Returning,2024-02-06
CUST102049,39,Male,Kolkata,West Bengal,Returning,2024-04-02
CUST102050,22,Male,Mumbai,Maharashtra,New,2024-03-15
CUST102051,59,Male,Hyderabad,Telangana,New,2026-01-25
CUST102052,40,Male,Vadodara,Gujarat,Returning,2024-07-01
CUST102053,32,Male,Bengaluru,Karnataka,Returning,2025-12-17
CUST102054,48,Female,Ludhiana,Punjab,Returning,2025-04-03
CUST102055,26,Male,Kochi,Kerala,Returning,2025-11-29
CUST102056,60,Male,Jabalpur,Madhya Pradesh,New,2025-11-08
CUST102057,42,Female,Surat,Gujarat,New,2025-09-18
CUST102058,42,Female,Hyderabad,Telangana,New,2025-02-12
CUST102059,38,Male,Bhopal,Madhya Pradesh,Returning,2024-07-25
CUST102060,26,Female,Kolkata,West Bengal,Returning,2024-09-01
CUST102061,55,Female,Pune,Maharashtra,New,2024-11-28
CUST102062,39,Female,Vadodara,Gujarat,Returning,2025-11-03
CUST102063,60,Male,Patna,Bihar,New,2025-06-08
CUST102064,40,Male,Hyderabad,Telangana,New,2024-10-20
CUST102065,21,Female,Nagpur,Maharashtra,Returning,2026-01-17
CUST102066,46,Female,Noida,Uttar Pradesh,New,2024-09-29
CUST102067,32,Other,Mangaluru,Karnataka,Returning,2025-01-13
CUST102068,18,Male,New Delhi,Delhi,Returning,2025-09-17
CUST102069,47,Male,Bengaluru,Karnataka,Returning,2025-10-25
CUST102070,46,Female,Madurai,Tamil Nadu,New,2024-01-26
CUST102071,37,Female,Lucknow,Uttar Pradesh,Returning,2025-11-10
CUST102072,50,Female,Surat,Gujarat,Returning,2025-06-27
CUST102073,58,Male,Bengaluru,Karnataka,Returning,2026-01-02
CUST102074,53,Female,Thiruvananthapuram,Kerala,Returning,2025-12-18
CUST102075,39,Female,Thiruvananthapuram,Kerala,New,2026-05-03
CUST102076,30,Female,Thiruvananthapuram,Kerala,New,2025-09-01
CUST102077,24,Female,Mysuru,Karnataka,Returning,2024-03-31
CUST102078,25,Male,Warangal,Telangana,Returning,2025-04-20
CUST102079,45,Female,Faridabad,Haryana,New,2026-06-07
CUST102080,60,Male,Lucknow,Uttar Pradesh,New,2025-12-26
CUST102081,26,Male,Mumbai,Maharashtra,Returning,2024-07-06
CUST102082,42,Female,Pune,Maharashtra,New,2025-07-22
CUST102083,33,Male,Vadodara,Gujarat,New,2025-09-10
CUST102084,27,Male,Bhubaneswar,Odisha,New,2024-07-13
CUST102085,28,Male,Surat,Gujarat,New,2025-06-17
CUST102086,48,Female,Surat,Gujarat,Returning,2025-11-28
CUST102087,29,Female,Nashik,Maharashtra,New,2026-05-29
CUST102088,48,Female,Gwalior,Madhya Pradesh,New,2024-03-25
CUST102089,31,Male,Patna,Bihar,New,2025-08-14
CUST102090,49,Male,Chennai,Tamil Nadu,New,2026-04-20
CUST102091,34,Male,Varanasi,Uttar Pradesh,Returning,2024-03-17
CUST102092,52,Female,Faridabad,Haryana,New,2024-11-25
CUST102093,18,Female,Mangaluru,Karnataka,Returning,2025-01-17
CUST102094,46,Male,Surat,Gujarat,New,2025-03-08
CUST102095,21,Male,New Delhi,Delhi,New,2025-01-11
CUST102096,40,Male,Lucknow,Uttar Pradesh,New,2024-12-06
CUST102097,45,Female,Kolkata,West Bengal,New,2024-06-25
CUST102098,33,Female,Jodhpur,Rajasthan,Returning,2025-03-01
CUST102099,29,Female,Varanasi,Uttar Pradesh,Returning,2025-02-27
CUST102100,38,Female,Coimbatore,Tamil Nadu,Returning,2024-06-22
CUST102101,34,Female,Bhubaneswar,Odisha,New,2025-02-09
CUST102102,57,Female,Ahmedabad,Gujarat,New,2024-03-22
CUST102103,30,Female,Mangaluru,Karnataka,New,2024-01-21
CUST102104,49,Female,Indore,Madhya Pradesh,Returning,2025-11-21
CUST102105,54,Female,Noida,Uttar Pradesh,New,2025-02-01
CUST102106,32,Male,New Delhi,Delhi,Returning,2024-11-25
CUST102107,29,Female,Thiruvananthapuram,Kerala,New,2024-08-12
CUST102108,32,Male,Bhubaneswar,Odisha,New,2026-02-15
CUST102109,51,Male,New Delhi,Delhi,Returning,2025-02-05
CUST102110,23,Male,Faridabad,Haryana,Returning,2026-02-19
CUST102111,34,Male,Nashik,Maharashtra,Returning,2026-02-01
CUST102112,37,Female,Mysuru,Karnataka,Returning,2026-02-23
CUST102113,26,Male,Bengaluru,Karnataka,Returning,2026-06-12
CUST102114,22,Male,Cuttack,Odisha,New,2026-05-04
CUST102115,40,Male,Jabalpur,Madhya Pradesh,Returning,2025-03-13
CUST102116,50,Female,Mysuru,Karnataka,New,2024-09-28
CUST102117,55,Female,Hyderabad,Telangana,Returning,2024-10-06
CUST102118,31,Female,Jodhpur,Rajasthan,Returning,2024-08-10
CUST102119,34,Male,Nashik,Maharashtra,Returning,2025-08-09
CUST102120,36,Male,Kochi,Kerala,Returning,2025-10-24
CUST102121,50,Female,Varanasi,Uttar Pradesh,Returning,2026-05-20
CUST102122,18,Male,Surat,Gujarat,New,2025-05-23
CUST102123,30,Male,Faridabad,Haryana,New,2024-12-07
CUST102124,44,Female,Hyderabad,Telangana,New,2025-09-08
CUST102125,23,Male,Gurugram,Haryana,Returning,2024-02-11
CUST102126,23,Male,Indore,Madhya Pradesh,Returning,2024-06-24
CUST102127,50,Female,Udaipur,Rajasthan,New,2024-09-01
CUST102128,47,Male,Mangaluru,Karnataka,New,2024-09-09
CUST102129,52,Female,Kochi,Kerala,Returning,2024-09-30
CUST102130,40,Male,Hyderabad,Telangana,Returning,2024-11-29
CUST102131,27,Male,Bengaluru,Karnataka,Returning,2025-08-26
CUST102132,36,Male,Mumbai,Maharashtra,New,2024-01-11
CUST102133,45,Female,Kolkata,West Bengal,Returning,2024-05-31
CUST102134,40,Female,Ahmedabad,Gujarat,Returning,2024-07-07
CUST102135,21,Female,Kanpur,Uttar Pradesh,New,2025-11-06
CUST102136,37,Male,Kochi,Kerala,Returning,2025-09-29
CUST102137,36,Female,Nagpur,Maharashtra,Returning,2024-07-29
CUST102138,59,Male,Lucknow,Uttar Pradesh,New,2024-04-06
CUST102139,44,Female,Mysuru,Karnataka,Returning,2026-03-31
CUST102140,51,Female,Thiruvananthapuram,Kerala,Returning,2024-12-04
CUST102141,21,Female,Patna,Bihar,Returning,2024-02-16
CUST102142,55,Male,Kolkata,West Bengal,New,2026-03-30
CUST102143,24,Male,Varanasi,Uttar Pradesh,Returning,2026-01-05
CUST102144,24,Female,New Delhi,Delhi,New,2024-02-26
CUST102145,43,Female,Surat,Gujarat,Returning,2024-03-15
CUST102146,43,Male,Patna,Bihar,Returning,2024-09-10
CUST102147,36,Female,Hyderabad,Telangana,New,2025-10-24
CUST102148,26,Male,Madurai,Tamil Nadu,New,2025-07-24
CUST102149,37,Male,Ahmedabad,Gujarat,Returning,2026-04-16
CUST102150,59,Male,Gaya,Bihar,Returning,2025-08-20
CUST102151,33,Male,Madurai,Tamil Nadu,Returning,2024-06-18
CUST102152,34,Male,Mysuru,Karnataka,Returning,2024-05-25
CUST102153,39,Male,Noida,Uttar Pradesh,Returning,2026-04-18
CUST102154,30,Male,Patna,Bihar,Returning,2024-02-02
CUST102155,29,Male,Nagpur,Maharashtra,New,2025-05-29
CUST102156,27,Female,Mysuru,Karnataka,New,2026-03-06
CUST102157,18,Female,Mumbai,Maharashtra,Returning,2024-09-13
CUST102158,49,Female,Chennai,Tamil Nadu,Returning,2024-05-05
CUST102159,47,Male,Warangal,Telangana,New,2024-04-22
CUST102160,25,Male,Lucknow,Uttar Pradesh,Returning,2026-03-25
CUST102161,38,Female,Bhopal,Madhya Pradesh,Returning,2026-03-15
CUST102162,39,Female,Jaipur,Rajasthan,New,2024-12-07
CUST102163,35,Male,Madurai,Tamil Nadu,Returning,2024-02-17
CUST102164,19,Male,Patna,Bihar,Returning,2024-12-29
CUST102165,26,Male,Surat,Gujarat,New,2026-02-25
CUST102166,20,Male,Gurugram,Haryana,New,2025-02-01
CUST102167,43,Female,Jaipur,Rajasthan,Returning,2024-07-13
CUST102168,38,Male,Pune,Maharashtra,Returning,2026-04-30
CUST102169,47,Female,Gwalior,Madhya Pradesh,New,2026-01-06
CUST102170,45,Male,Chennai,Tamil Nadu,New,2025-12-25
CUST102171,53,Female,Gwalior,Madhya Pradesh,New,2024-11-16
CUST102172,43,Male,Pune,Maharashtra,Returning,2026-03-04
CUST102173,51,Female,Mysuru,Karnataka,New,2024-05-17
CUST102174,25,Female,Thiruvananthapuram,Kerala,New,2024-12-20
CUST102175,27,Male,Bengaluru,Karnataka,Returning,2026-04-24
CUST102176,60,Female,Patna,Bihar,Returning,2024-03-10
CUST102177,31,Female,New Delhi,Delhi,Returning,2026-03-21
CUST102178,57,Male,Jabalpur,Madhya Pradesh,New,2025-08-04
CUST102179,32,Male,Gwalior,Madhya Pradesh,Returning,2025-04-27
CUST102180,34,Female,Surat,Gujarat,Returning,2025-12-20
CUST102181,35,Male,New Delhi,Delhi,Returning,2025-12-12
CUST102182,49,Male,Bengaluru,Karnataka,Returning,2024-02-28
CUST102183,55,Female,Mumbai,Maharashtra,New,2026-02-09
CUST102184,40,Female,New Delhi,Delhi,Returning,2025-01-23
CUST102185,40,Female,Bhopal,Madhya Pradesh,Returning,2026-05-02
CUST102186,52,Male,Ludhiana,Punjab,Returning,2024-12-16
CUST102187,56,Female,Kochi,Kerala,Returning,2026-04-25
CUST102188,32,Female,Varanasi,Uttar Pradesh,Returning,2026-05-18
CUST102189,41,Male,Kanpur,Uttar Pradesh,Returning,2024-12-04
CUST102190,45,Male,Gwalior,Madhya Pradesh,Returning,2025-11-07
CUST102191,33,Female,New Delhi,Delhi,Returning,2026-01-26
CUST102192,33,Male,Bhubaneswar,Odisha,Returning,2025-08-18
CUST102193,57,Female,Bhopal,Madhya Pradesh,Returning,2025-03-11
CUST102194,56,Female,Kolkata,West Bengal,Returning,2025-03-25
CUST102195,23,Male,Nashik,Maharashtra,New,2025-01-11
CUST102196,19,Male,Warangal,Telangana,New,2025-01-25
CUST102197,30,Female,Warangal,Telangana,Returning,2025-04-25
CUST102198,26,Male,Thiruvananthapuram,Kerala,Returning,2026-03-31
CUST102199,51,Male,Kolkata,West Bengal,Returning,2024-04-23
CUST102200,34,Female,Madurai,Tamil Nadu,New,2026-01-15
CUST102201,44,Male,Gurugram,Haryana,Returning,2026-02-12
CUST102202,46,Female,Mumbai,Maharashtra,New,2024-06-20
CUST102203,54,Other,Warangal,Telangana,Returning,2024-01-18
CUST102204,60,Male,Nagpur,Maharashtra,New,2024-08-22
CUST102205,39,Female,Varanasi,Uttar Pradesh,New,2024-11-05
CUST102206,41,Female,Cuttack,Odisha,New,2026-06-13
CUST102207,24,Female,New Delhi,Delhi,Returning,2025-10-30
CUST102208,51,Female,Kochi,Kerala,New,2025-12-23
CUST102209,29,Female,New Delhi,Delhi,New,2024-10-07
CUST102210,40,Female,Cuttack,Odisha,New,2026-04-10
CUST102211,32,Male,Lucknow,Uttar Pradesh,New,2024-07-14
CUST102212,50,Female,Gaya,Bihar,Returning,2024-04-24
CUST102213,30,Male,Nashik,Maharashtra,New,2025-01-31
CUST102214,40,Male,Gurugram,Haryana,New,2025-11-02
CUST102215,55,Male,Varanasi,Uttar Pradesh,Returning,2025-10-28
CUST102216,49,Male,New Delhi,Delhi,Returning,2025-07-16
CUST102217,52,Female,Patna,Bihar,Returning,2025-02-21
CUST102218,18,Female,New Delhi,Delhi,Returning,2024-10-10
CUST102219,22,Male,Thiruvananthapuram,Kerala,Returning,2025-08-07
CUST102220,30,Female,Mumbai,Maharashtra,New,2024-11-23
CUST102221,22,Male,Gwalior,Madhya Pradesh,Returning,2024-12-06
CUST102222,49,Male,Kolkata,West Bengal,Returning,2025-09-13
CUST102223,38,Male,Mumbai,Maharashtra,Returning,2026-03-08
CUST102224,41,Male,Bengaluru,Karnataka,Returning,2024-08-08
CUST102225,35,Male,Pune,Maharashtra,Returning,2024-01-09
CUST102226,38,Female,Vadodara,Gujarat,New,2024-03-22
CUST102227,27,Female,New Delhi,Delhi,New,2026-04-11
CUST102228,41,Male,Udaipur,Rajasthan,Returning,2024-10-20
CUST102229,57,Female,New Delhi,Delhi,Returning,2025-01-09
CUST102230,38,Female,New Delhi,Delhi,New,2025-06-17
CUST102231,42,Female,Kanpur,Uttar Pradesh,Returning,2025-02-18
CUST102232,40,Male,Mumbai,Maharashtra,Returning,2024-04-08
CUST102233,39,Female,Bhubaneswar,Odisha,New,2025-11-12
CUST102234,21,Male,Kochi,Kerala,Returning,2025-12-02
CUST102235,51,Female,Indore,Madhya Pradesh,Returning,2025-09-09
CUST102236,23,Female,Udaipur,Rajasthan,New,2026-04-11
CUST102237,45,Female,Bhubaneswar,Odisha,Returning,2026-02-15
CUST102238,48,Female,Mysuru,Karnataka,New,2025-01-16
CUST102239,52,Male,Nagpur,Maharashtra,Returning,2026-05-12
CUST102240,56,Female,Mangaluru,Karnataka,New,2025-05-18
CUST102241,59,Female,Lucknow,Uttar Pradesh,Returning,2025-03-22
CUST102242,40,Male,Pune,Maharashtra,New,2025-11-10
CUST102243,23,Male,Kolkata,West Bengal,New,2024-12-09
CUST102244,33,Female,Gurugram,Haryana,Returning,2025-02-28
CUST102245,19,Female,Thiruvananthapuram,Kerala,New,2025-09-16
CUST102246,41,Other,Surat,Gujarat,Returning,2026-04-19
CUST102247,34,Male,Pune,Maharashtra,Returning,2024-11-01
CUST102248,18,Female,Patna,Bihar,Returning,2024-05-27
CUST102249,23,Male,Udaipur,Rajasthan,Returning,2026-04-28
CUST102250,22,Female,Nagpur,Maharashtra,New,2026-01-01
CUST102251,46,Female,Pune,Maharashtra,New,2025-03-29
CUST102252,29,Male,Bhubaneswar,Odisha,Returning,2024-02-02
CUST102253,56,Male,Gwalior,Madhya Pradesh,Returning,2026-01-01
CUST102254,20,Female,Patna,Bihar,New,2025-05-15
CUST102255,18,Male,Kochi,Kerala,Returning,2024-11-14
CUST102256,44,Female,Kolkata,West Bengal,Returning,2025-11-27
CUST102257,41,Female,Ahmedabad,Gujarat,Returning,2024-07-11
CUST102258,36,Female,Warangal,Telangana,Returning,2026-05-22
CUST102259,25,Female,New Delhi,Delhi,Returning,2024-06-28
CUST102260,19,Male,Warangal,Telangana,Returning,2026-05-16
CUST102261,47,Female,Lucknow,Uttar Pradesh,Returning,2025-06-01
CUST102262,47,Female,Udaipur,Rajasthan,New,2025-01-25
CUST102263,56,Male,Cuttack,Odisha,Returning,2025-06-04
CUST102264,49,Male,Warangal,Telangana,Returning,2024-12-22
CUST102265,18,Male,Udaipur,Rajasthan,Returning,2025-07-26
CUST102266,55,Male,Jaipur,Rajasthan,Returning,2025-04-08
CUST102267,30,Female,Jodhpur,Rajasthan,New,2025-11-05
CUST102268,28,Male,Bhopal,Madhya Pradesh,Returning,2024-04-08
CUST102269,27,Male,Mangaluru,Karnataka,Returning,2024-05-27
CUST102270,43,Male,Ahmedabad,Gujarat,New,2025-07-23
CUST102271,37,Male,Nagpur,Maharashtra,Returning,2025-12-27
CUST102272,34,Female,Coimbatore,Tamil Nadu,Returning,2024-11-11
CUST102273,34,Male,Surat,Gujarat,New,2024-06-30
CUST102274,21,Female,Bhopal,Madhya Pradesh,New,2025-06-30
CUST102275,22,Female,Ludhiana,Punjab,New,2024-10-29
CUST102276,40,Female,Udaipur,Rajasthan,Returning,2025-07-11
CUST102277,27,Male,Lucknow,Uttar Pradesh,Returning,2025-08-21
CUST102278,45,Female,Vadodara,Gujarat,New,2024-01-04
CUST102279,50,Male,Udaipur,Rajasthan,Returning,2026-02-16
CUST102280,60,Female,Pune,Maharashtra,Returning,2024-04-16
CUST102281,43,Male,New Delhi,Delhi,New,2024-03-15
CUST102282,46,Female,Coimbatore,Tamil Nadu,New,2024-02-09
CUST102283,44,Male,Vadodara,Gujarat,Returning,2025-09-30
CUST102284,35,Male,Pune,Maharashtra,Returning,2025-11-25
CUST102285,57,Female,Mumbai,Maharashtra,Returning,2024-04-28
CUST102286,27,Female,New Delhi,Delhi,Returning,2024-03-13
CUST102287,59,Male,Faridabad,Haryana,New,2025-07-05
CUST102288,22,Male,Madurai,Tamil Nadu,Returning,2024-07-22
CUST102289,27,Male,Vadodara,Gujarat,New,2024-04-05
CUST102290,38,Female,Mangaluru,Karnataka,Returning,2024-10-05
CUST102291,41,Male,Jodhpur,Rajasthan,New,2024-05-22
CUST102292,55,Female,New Delhi,Delhi,New,2024-04-24
CUST102293,20,Male,Mangaluru,Karnataka,Returning,2025-04-20
CUST102294,57,Male,Ahmedabad,Gujarat,New,2026-06-02
CUST102295,48,Female,Nashik,Maharashtra,Returning,2024-05-12
CUST102296,58,Male,Nagpur,Maharashtra,New,2024-06-16
CUST102297,54,Male,Mysuru,Karnataka,Returning,2024-09-01
CUST102298,19,Male,Nagpur,Maharashtra,Returning,2024-10-03
CUST102299,19,Female,Nagpur,Maharashtra,New,2024-09-15
CUST102300,56,Female,Madurai,Tamil Nadu,Returning,2024-02-15
CUST102301,59,Male,Kanpur,Uttar Pradesh,New,2024-12-11
CUST102302,51,Female,Kolkata,West Bengal,New,2026-04-26
CUST102303,59,Female,Vadodara,Gujarat,Returning,2026-06-13
CUST102304,37,Other,New Delhi,Delhi,Returning,2024-08-24
CUST102305,50,Female,Ludhiana,Punjab,Returning,2024-02-22
CUST102306,21,Male,Chennai,Tamil Nadu,New,2024-05-27
CUST102307,28,Female,Nagpur,Maharashtra,Returning,2025-11-29
CUST102308,59,Female,Jaipur,Rajasthan,Returning,2025-06-16
CUST102309,22,Male,Pune,Maharashtra,New,2024-03-30
CUST102310,42,Male,Madurai,Tamil Nadu,New,2024-08-20
CUST102311,54,Male,Surat,Gujarat,Returning,2025-12-27
CUST102312,51,Male,Thiruvananthapuram,Kerala,Returning,2026-05-30
CUST102313,26,Male,Surat,Gujarat,New,2024-02-20
CUST102314,23,Female,Gwalior,Madhya Pradesh,New,2025-10-26
CUST102315,35,Female,Gurugram,Haryana,New,2026-04-15
CUST102316,31,Female,Nashik,Maharashtra,Returning,2025-09-19
CUST102317,36,Male,New Delhi,Delhi,Returning,2025-01-28
CUST102318,31,Female,Coimbatore,Tamil Nadu,Returning,2024-08-01
CUST102319,57,Female,Warangal,Telangana,Returning,2025-03-26
CUST102320,34,Male,Warangal,Telangana,Returning,2024-12-04
CUST102321,52,Female,Bhubaneswar,Odisha,Returning,2024-12-16
CUST102322,46,Female,Kanpur,Uttar Pradesh,Returning,2025-10-10
CUST102323,59,Male,Udaipur,Rajasthan,New,2024-10-11
CUST102324,34,Female,New Delhi,Delhi,Returning,2026-05-27
CUST102325,60,Male,Patna,Bihar,Returning,2025-08-05
CUST102326,25,Male,Ludhiana,Punjab,Returning,2024-09-01
CUST102327,18,Female,Gaya,Bihar,Returning,2025-07-03
CUST102328,53,Male,Nashik,Maharashtra,Returning,2025-12-28
CUST102329,24,Female,Udaipur,Rajasthan,Returning,2025-09-30
CUST102330,22,Male,Nagpur,Maharashtra,Returning,2025-08-06
CUST102331,41,Other,New Delhi,Delhi,Returning,2024-08-13
CUST102332,45,Male,Nashik,Maharashtra,New,2026-04-06
CUST102333,60,Male,Jaipur,Rajasthan,New,2025-03-16
CUST102334,34,Female,Jabalpur,Madhya Pradesh,Returning,2025-04-18
CUST102335,54,Female,Mumbai,Maharashtra,Returning,2025-03-19
CUST102336,37,Male,Coimbatore,Tamil Nadu,Returning,2026-03-06
CUST102337,20,Female,Hyderabad,Telangana,New,2025-02-15
CUST102338,54,Female,Coimbatore,Tamil Nadu,Returning,2026-03-24
CUST102339,43,Female,Pune,Maharashtra,Returning,2024-09-02
CUST102340,32,Male,Warangal,Telangana,Returning,2025-08-05
CUST102341,25,Female,Noida,Uttar Pradesh,Returning,2025-12-07
CUST102342,30,Male,Pune,Maharashtra,Returning,2025-05-14
CUST102343,20,Female,Nagpur,Maharashtra,New,2025-07-03
CUST102344,18,Female,Chennai,Tamil Nadu,New,2024-04-26
CUST102345,26,Male,Ludhiana,Punjab,New,2026-01-19
CUST102346,48,Female,Jabalpur,Madhya Pradesh,Returning,2024-12-29
CUST102347,58,Male,Jabalpur,Madhya Pradesh,New,2024-07-22
CUST102348,43,Female,Madurai,Tamil Nadu,Returning,2024-12-16
CUST102349,34,Female,Jaipur,Rajasthan,Returning,2024-11-14
CUST102350,51,Female,Nagpur,Maharashtra,Returning,2024-12-24
CUST102351,26,Male,Udaipur,Rajasthan,Returning,2025-05-31
CUST102352,30,Male,Cuttack,Odisha,Returning,2025-05-03
CUST102353,22,Male,Jodhpur,Rajasthan,Returning,2025-10-30
CUST102354,58,Female,Kochi,Kerala,New,2024-04-16
CUST102355,30,Male,Lucknow,Uttar Pradesh,Returning,2026-01-09
CUST102356,18,Male,Mumbai,Maharashtra,Returning,2025-10-15
CUST102357,42,Male,Cuttack,Odisha,Returning,2026-04-05
CUST102358,21,Male,Nagpur,Maharashtra,Returning,2024-06-20
CUST102359,53,Male,Vadodara,Gujarat,Returning,2025-10-19
CUST102360,27,Female,Nagpur,Maharashtra,Returning,2025-06-02
CUST102361,45,Male,Nashik,Maharashtra,New,2026-05-04
CUST102362,23,Female,Warangal,Telangana,Returning,2026-05-14
CUST102363,44,Male,New Delhi,Delhi,Returning,2026-03-23
CUST102364,29,Female,Ahmedabad,Gujarat,New,2025-06-11
CUST102365,20,Female,Kolkata,West Bengal,New,2024-11-15
CUST102366,50,Female,Nashik,Maharashtra,New,2024-02-06
CUST102367,27,Female,Nashik,Maharashtra,New,2025-05-13
CUST102368,48,Female,Kolkata,West Bengal,Returning,2025-10-26
CUST102369,32,Male,Coimbatore,Tamil Nadu,Returning,2024-09-21
CUST102370,24,Male,Kanpur,Uttar Pradesh,New,2025-11-25
CUST102371,53,Male,Indore,Madhya Pradesh,Returning,2025-10-29
CUST102372,31,Male,Kochi,Kerala,New,2025-10-10
CUST102373,31,Female,Gwalior,Madhya Pradesh,New,2025-02-05
CUST102374,20,Male,Warangal,Telangana,Returning,2025-08-24
CUST102375,20,Female,Bhopal,Madhya Pradesh,Returning,2024-08-05
CUST102376,39,Male,New Delhi,Delhi,New,2024-11-25
CUST102377,36,Female,New Delhi,Delhi,New,2024-07-04
CUST102378,52,Female,Varanasi,Uttar Pradesh,Returning,2025-01-15
CUST102379,29,Female,Hyderabad,Telangana,New,2024-07-27
CUST102380,22,Female,Lucknow,Uttar Pradesh,Returning,2025-07-16
CUST102381,27,Female,Patna,Bihar,Returning,2024-10-14
CUST102382,58,Female,Kochi,Kerala,New,2024-03-28
CUST102383,50,Male,Bhubaneswar,Odisha,Returning,2024-05-15
CUST102384,30,Male,Hyderabad,Telangana,New,2024-06-06
CUST102385,52,Female,New Delhi,Delhi,Returning,2026-03-04
CUST102386,49,Female,Kolkata,West Bengal,Returning,2024-06-03
CUST102387,28,Male,Coimbatore,Tamil Nadu,Returning,2025-04-07
CUST102388,55,Female,Udaipur,Rajasthan,Returning,2024-08-07
CUST102389,41,Male,Indore,Madhya Pradesh,Returning,2025-04-03
CUST102390,52,Female,Gwalior,Madhya Pradesh,New,2024-06-15
CUST102391,36,Male,Madurai,Tamil Nadu,Returning,2024-11-17
CUST102392,23,Male,Bengaluru,Karnataka,Returning,2025-11-21
CUST102393,57,Male,Warangal,Telangana,Returning,2026-04-20
CUST102394,59,Male,Mumbai,Maharashtra,Returning,2025-07-15
CUST102395,52,Female,Kochi,Kerala,New,2026-03-23
CUST102396,21,Female,Madurai,Tamil Nadu,Returning,2025-05-26
CUST102397,50,Male,Mysuru,Karnataka,Returning,2024-03-27
CUST102398,30,Male,Pune,Maharashtra,Returning,2025-06-28
CUST102399,53,Female,Bhopal,Madhya Pradesh,Returning,2024-10-01
CUST102400,60,Male,Udaipur,Rajasthan,New,2024-05-20
CUST102401,36,Female,Madurai,Tamil Nadu,Returning,2025-12-18
CUST102402,60,Female,Nashik,Maharashtra,New,2026-01-05
CUST102403,29,Male,Warangal,Telangana,Returning,2025-09-16
CUST102404,28,Female,New Delhi,Delhi,Returning,2026-02-28
CUST102405,23,Male,Gwalior,Madhya Pradesh,Returning,2024-12-18
CUST102406,29,Female,Jaipur,Rajasthan,Returning,2024-01-05
CUST102407,44,Female,Coimbatore,Tamil Nadu,Returning,2025-01-16
CUST102408,58,Male,Mysuru,Karnataka,New,2025-12-24
CUST102409,42,Male,Gurugram,Haryana,New,2026-02-06
CUST102410,59,Female,Hyderabad,Telangana,New,2024-11-29
CUST102411,20,Female,Indore,Madhya Pradesh,Returning,2025-04-19
CUST102412,20,Female,Mumbai,Maharashtra,Returning,2024-01-30
CUST102413,37,Female,Vadodara,Gujarat,Returning,2024-12-12
CUST102414,45,Male,Pune,Maharashtra,Returning,2025-08-16
CUST102415,40,Male,Surat,Gujarat,Returning,2025-05-07
CUST102416,20,Female,Faridabad,Haryana,New,2026-01-17
CUST102417,59,Female,Coimbatore,Tamil Nadu,New,2025-05-09
CUST102418,41,Male,Mumbai,Maharashtra,New,2026-05-05
CUST102419,60,Male,Nashik,Maharashtra,Returning,2025-01-22
CUST102420,57,Male,Coimbatore,Tamil Nadu,New,2026-05-22
CUST102421,23,Male,Mysuru,Karnataka,Returning,2026-04-14
CUST102422,37,Female,Nagpur,Maharashtra,Returning,2024-09-09
CUST102423,28,Male,Varanasi,Uttar Pradesh,Returning,2025-09-21
CUST102424,49,Male,Warangal,Telangana,New,2024-01-30
CUST102425,44,Male,New Delhi,Delhi,New,2025-09-14
CUST102426,38,Female,Bhubaneswar,Odisha,New,2026-02-04
CUST102427,30,Female,Pune,Maharashtra,Returning,2025-12-11
CUST102428,39,Female,Amritsar,Punjab,New,2026-03-17
CUST102429,52,Male,New Delhi,Delhi,Returning,2024-12-07
CUST102430,39,Female,Kochi,Kerala,Returning,2026-03-19
CUST102431,45,Female,Udaipur,Rajasthan,New,2024-10-13
CUST102432,38,Male,Gaya,Bihar,Returning,2025-01-31
CUST102433,35,Female,Faridabad,Haryana,Returning,2025-05-23
CUST102434,48,Female,New Delhi,Delhi,Returning,2024-08-31
CUST102435,54,Female,Gurugram,Haryana,New,2024-08-08
CUST102436,38,Female,Madurai,Tamil Nadu,New,2024-06-04
CUST102437,31,Female,Madurai,Tamil Nadu,New,2025-01-17
CUST102438,42,Male,Coimbatore,Tamil Nadu,New,2026-01-17
CUST102439,44,Male,Kolkata,West Bengal,Returning,2024-11-15
CUST102440,57,Female,Mysuru,Karnataka,Returning,2025-01-07
CUST102441,40,Female,Kolkata,West Bengal,Returning,2025-06-14
CUST102442,48,Male,Kolkata,West Bengal,New,2024-08-02
CUST102443,46,Female,Varanasi,Uttar Pradesh,New,2025-01-01
CUST102444,47,Female,Patna,Bihar,Returning,2024-04-23
CUST102445,43,Male,Warangal,Telangana,New,2024-07-18
CUST102446,37,Female,New Delhi,Delhi,New,2024-01-25
CUST102447,55,Female,New Delhi,Delhi,Returning,2024-04-30
CUST102448,36,Male,Bengaluru,Karnataka,New,2026-01-11
CUST102449,44,Male,Nagpur,Maharashtra,Returning,2025-09-02
CUST102450,42,Female,Madurai,Tamil Nadu,New,2026-05-07
CUST102451,57,Female,New Delhi,Delhi,Returning,2024-01-03
CUST102452,55,Female,Gurugram,Haryana,Returning,2026-06-16
CUST102453,40,Male,Kolkata,West Bengal,New,2026-02-11
CUST102454,46,Female,Chennai,Tamil Nadu,Returning,2025-03-20
CUST102455,32,Female,Kolkata,West Bengal,Returning,2024-09-10
CUST102456,20,Male,Pune,Maharashtra,Returning,2024-01-20
CUST102457,27,Male,Hyderabad,Telangana,New,2024-07-22
CUST102458,32,Female,Udaipur,Rajasthan,Returning,2026-03-16
CUST102459,33,Female,Surat,Gujarat,Returning,2024-12-22
CUST102460,34,Male,Madurai,Tamil Nadu,Returning,2024-05-07
CUST102461,36,Male,Faridabad,Haryana,Returning,2024-12-23
CUST102462,28,Female,Kochi,Kerala,Returning,2024-10-18
CUST102463,22,Female,Udaipur,Rajasthan,Returning,2024-06-22
CUST102464,22,Female,Kolkata,West Bengal,New,2026-01-02
CUST102465,31,Female,Jodhpur,Rajasthan,New,2024-12-20
CUST102466,43,Male,Mysuru,Karnataka,Returning,2026-05-30
CUST102467,25,Female,Coimbatore,Tamil Nadu,Returning,2024-02-06
CUST102468,22,Male,Pune,Maharashtra,Returning,2024-11-05
CUST102469,24,Male,Surat,Gujarat,Returning,2025-10-22
CUST102470,33,Female,Kolkata,West Bengal,Returning,2025-08-26
CUST102471,31,Female,Mysuru,Karnataka,Returning,2025-08-04
CUST102472,54,Male,Gurugram,Haryana,New,2024-03-24
CUST102473,58,Female,Bhubaneswar,Odisha,New,2025-05-24
CUST102474,21,Male,Varanasi,Uttar Pradesh,Returning,2025-03-19
CUST102475,53,Other,Vadodara,Gujarat,Returning,2025-02-23
CUST102476,34,Female,Thiruvananthapuram,Kerala,Returning,2024-07-23
CUST102477,53,Female,Mumbai,Maharashtra,New,2025-05-02
CUST102478,23,Female,Lucknow,Uttar Pradesh,Returning,2026-02-17
CUST102479,33,Male,Mumbai,Maharashtra,Returning,2024-03-28
CUST102480,46,Male,Noida,Uttar Pradesh,New,2024-09-08
CUST102481,53,Male,New Delhi,Delhi,Returning,2025-12-23
CUST102482,55,Male,Thiruvananthapuram,Kerala,Returning,2026-05-04
CUST102483,54,Female,Amritsar,Punjab,Returning,2024-01-31
CUST102484,27,Male,Mangaluru,Karnataka,Returning,2026-05-18
CUST102485,58,Male,Vadodara,Gujarat,Returning,2025-02-24
CUST102486,53,Male,Gurugram,Haryana,Returning,2026-04-07
CUST102487,46,Male,Surat,Gujarat,Returning,2024-03-01
CUST102488,31,Male,Kochi,Kerala,Returning,2025-08-01
CUST102489,21,Male,Jaipur,Rajasthan,Returning,2024-08-13
CUST102490,59,Male,Coimbatore,Tamil Nadu,Returning,2024-11-30
CUST102491,53,Male,New Delhi,Delhi,Returning,2026-04-18
CUST102492,30,Male,Mangaluru,Karnataka,New,2025-08-01
CUST102493,35,Male,Kanpur,Uttar Pradesh,Returning,2025-10-01
CUST102494,50,Male,Madurai,Tamil Nadu,New,2024-04-20
CUST102495,38,Male,Surat,Gujarat,Returning,2025-05-05
CUST102496,33,Female,Vadodara,Gujarat,New,2024-09-28
CUST102497,32,Female,Kolkata,West Bengal,New,2026-03-23
CUST102498,22,Female,Thiruvananthapuram,Kerala,Returning,2024-02-03
CUST102499,23,Male,Gurugram,Haryana,Returning,2024-07-30
CUST102500,55,Male,Warangal,Telangana,Returning,2024-10-26
CUST102501,20,Male,Patna,Bihar,Returning,2025-01-07
CUST102502,29,Female,Noida,Uttar Pradesh,Returning,2024-05-04
CUST102503,53,Female,Kolkata,West Bengal,Returning,2024-04-12
CUST102504,50,Female,Amritsar,Punjab,Returning,2025-12-18
CUST102505,53,Female,Mysuru,Karnataka,Returning,2024-04-29
CUST102506,50,Male,Pune,Maharashtra,New,2025-11-12
CUST102507,48,Female,Thiruvananthapuram,Kerala,Returning,2025-06-30
CUST102508,38,Male,Warangal,Telangana,Returning,2026-06-12
CUST102509,44,Male,Kochi,Kerala,Returning,2024-11-26
CUST102510,44,Male,Bhubaneswar,Odisha,New,2026-01-27
CUST102511,25,Male,Pune,Maharashtra,Returning,2026-05-01
CUST102512,54,Female,Thiruvananthapuram,Kerala,Returning,2024-11-04
CUST102513,49,Female,Hyderabad,Telangana,Returning,2025-07-23
CUST102514,43,Male,Vadodara,Gujarat,Returning,2025-02-15
CUST102515,19,Male,Jodhpur,Rajasthan,Returning,2025-02-02
CUST102516,29,Female,Bhubaneswar,Odisha,New,2024-11-01
CUST102517,39,Female,Pune,Maharashtra,Returning,2025-10-14
CUST102518,34,Female,Surat,Gujarat,Returning,2025-09-14
CUST102519,24,Female,Gwalior,Madhya Pradesh,Returning,2024-06-11
CUST102520,60,Male,Kanpur,Uttar Pradesh,New,2025-09-14
CUST102521,21,Male,Gwalior,Madhya Pradesh,Returning,2025-10-25
CUST102522,54,Female,Nashik,Maharashtra,Returning,2026-06-06
CUST102523,55,Male,New Delhi,Delhi,Returning,2024-03-05
CUST102524,49,Female,Madurai,Tamil Nadu,Returning,2025-09-09
CUST102525,28,Female,Gaya,Bihar,Returning,2024-08-03
CUST102526,18,Male,New Delhi,Delhi,New,2025-08-25
CUST102527,42,Male,Mangaluru,Karnataka,Returning,2024-01-26
CUST102528,59,Male,Ludhiana,Punjab,Returning,2025-10-30
CUST102529,41,Male,Nagpur,Maharashtra,New,2025-08-06
CUST102530,60,Male,Gurugram,Haryana,New,2024-02-13
CUST102531,34,Female,Indore,Madhya Pradesh,New,2024-03-30
CUST102532,25,Male,Patna,Bihar,Returning,2024-05-12
CUST102533,44,Other,New Delhi,Delhi,New,2024-06-09
CUST102534,35,Female,Pune,Maharashtra,Returning,2026-01-13
CUST102535,44,Male,Noida,Uttar Pradesh,New,2025-01-14
CUST102536,39,Male,Gaya,Bihar,Returning,2024-09-17
CUST102537,33,Female,Kanpur,Uttar Pradesh,Returning,2025-01-17
CUST102538,19,Male,Pune,Maharashtra,Returning,2025-01-03
CUST102539,22,Female,Lucknow,Uttar Pradesh,Returning,2024-04-20
CUST102540,35,Male,Varanasi,Uttar Pradesh,Returning,2025-11-06
CUST102541,20,Female,Jabalpur,Madhya Pradesh,Returning,2024-03-17
CUST102542,44,Male,Noida,Uttar Pradesh,Returning,2024-07-27
CUST102543,34,Female,Kochi,Kerala,New,2024-01-13
CUST102544,33,Female,Jaipur,Rajasthan,New,2025-07-23
CUST102545,23,Female,Pune,Maharashtra,Returning,2026-06-16
CUST102546,24,Male,Ahmedabad,Gujarat,New,2026-05-05
CUST102547,31,Male,Nashik,Maharashtra,Returning,2025-07-01
CUST102548,55,Male,Warangal,Telangana,New,2024-01-25
CUST102549,57,Male,Warangal,Telangana,Returning,2025-06-29
CUST102550,32,Male,Mumbai,Maharashtra,New,2024-05-19
CUST102551,50,Female,Madurai,Tamil Nadu,Returning,2024-10-01
CUST102552,60,Male,Nagpur,Maharashtra,New,2025-01-04
CUST102553,44,Female,Patna,Bihar,Returning,2026-05-23
CUST102554,46,Male,Ludhiana,Punjab,Returning,2024-08-09
CUST102555,54,Male,Nashik,Maharashtra,Returning,2024-02-06
CUST102556,22,Female,Ludhiana,Punjab,Returning,2026-05-24
CUST102557,46,Female,Surat,Gujarat,Returning,2024-05-08
CUST102558,49,Male,New Delhi,Delhi,Returning,2024-11-11
CUST102559,23,Female,Nagpur,Maharashtra,Returning,2024-11-18
CUST102560,19,Female,Vadodara,Gujarat,New,2025-03-08
CUST102561,23,Female,Kanpur,Uttar Pradesh,Returning,2024-08-05
CUST102562,60,Male,Kanpur,Uttar Pradesh,Returning,2026-04-26
CUST102563,21,Male,Nashik,Maharashtra,New,2024-09-04
CUST102564,46,Female,Mumbai,Maharashtra,New,2024-04-20
CUST102565,42,Female,Hyderabad,Telangana,Returning,2026-03-26
CUST102566,26,Female,New Delhi,Delhi,Returning,2026-01-01
CUST102567,20,Male,Mangaluru,Karnataka,Returning,2025-12-08
CUST102568,43,Female,New Delhi,Delhi,Returning,2024-05-26
CUST102569,60,Female,Noida,Uttar Pradesh,Returning,2024-12-09
CUST102570,44,Male,Bhubaneswar,Odisha,New,2025-05-23
CUST102571,53,Male,Warangal,Telangana,New,2025-05-19
CUST102572,49,Other,Cuttack,Odisha,New,2025-07-05
CUST102573,18,Male,New Delhi,Delhi,New,2024-05-13
CUST102574,33,Female,Vadodara,Gujarat,New,2025-04-08
CUST102575,28,Female,Mysuru,Karnataka,Returning,2026-05-13
CUST102576,43,Female,Bhopal,Madhya Pradesh,Returning,2024-07-09
CUST102577,57,Female,Gurugram,Haryana,Returning,2024-06-11
CUST102578,18,Male,Jaipur,Rajasthan,Returning,2025-03-31
CUST102579,43,Male,Chennai,Tamil Nadu,Returning,2024-03-01
CUST102580,45,Male,Bhopal,Madhya Pradesh,Returning,2024-01-05
CUST102581,26,Female,Nagpur,Maharashtra,Returning,2024-02-06
CUST102582,39,Male,Thiruvananthapuram,Kerala,Returning,2025-04-04
CUST102583,25,Male,Surat,Gujarat,New,2024-08-04
CUST102584,59,Female,Warangal,Telangana,Returning,2026-01-06
CUST102585,44,Male,Kolkata,West Bengal,Returning,2025-12-28
CUST102586,56,Female,Udaipur,Rajasthan,Returning,2024-05-18
CUST102587,36,Female,Pune,Maharashtra,New,2025-09-09
CUST102588,42,Male,Jabalpur,Madhya Pradesh,Returning,2024-04-08
CUST102589,55,Male,Mangaluru,Karnataka,Returning,2025-11-10
CUST102590,38,Female,Varanasi,Uttar Pradesh,New,2024-09-20
CUST102591,41,Female,Gaya,Bihar,Returning,2025-08-21
CUST102592,41,Other,Patna,Bihar,New,2025-08-18
CUST102593,36,Male,Kolkata,West Bengal,New,2024-08-11
CUST102594,19,Male,Vadodara,Gujarat,New,2024-01-11
CUST102595,31,Female,Pune,Maharashtra,Returning,2024-11-22
CUST102596,49,Female,Noida,Uttar Pradesh,New,2025-11-28
CUST102597,59,Female,New Delhi,Delhi,Returning,2024-12-15
CUST102598,49,Female,Ahmedabad,Gujarat,New,2025-01-13
CUST102599,45,Female,New Delhi,Delhi,New,2024-08-18
CUST102600,56,Female,Nagpur,Maharashtra,Returning,2024-05-20
CUST102601,57,Male,Udaipur,Rajasthan,New,2025-09-09
CUST102602,59,Female,Mumbai,Maharashtra,New,2026-02-03
CUST102603,57,Male,Lucknow,Uttar Pradesh,New,2024-02-18
CUST102604,30,Female,New Delhi,Delhi,Returning,2025-03-26
CUST102605,29,Female,Pune,Maharashtra,Returning,2026-02-13
CUST102606,25,Female,Surat,Gujarat,New,2025-05-05
CUST102607,32,Male,Nashik,Maharashtra,New,2024-07-23
CUST102608,43,Female,New Delhi,Delhi,Returning,2026-05-18
CUST102609,29,Male,Kanpur,Uttar Pradesh,New,2025-02-12
CUST102610,60,Male,Nashik,Maharashtra,Returning,2025-02-10
CUST102611,44,Male,Patna,Bihar,Returning,2024-02-20
CUST102612,35,Female,Pune,Maharashtra,Returning,2024-06-23
CUST102613,53,Male,New Delhi,Delhi,New,2026-01-06
CUST102614,44,Male,Varanasi,Uttar Pradesh,Returning,2024-09-17
CUST102615,26,Female,New Delhi,Delhi,Returning,2025-04-24
CUST102616,56,Male,Mumbai,Maharashtra,Returning,2026-01-03
CUST102617,18,Male,Madurai,Tamil Nadu,Returning,2024-08-10
CUST102618,24,Male,New Delhi,Delhi,Returning,2024-09-25
CUST102619,43,Male,Gaya,Bihar,Returning,2026-03-20
CUST102620,24,Male,New Delhi,Delhi,New,2026-06-11
CUST102621,24,Male,Varanasi,Uttar Pradesh,Returning,2024-11-13
CUST102622,25,Female,Kochi,Kerala,New,2025-01-19
CUST102623,33,Male,Warangal,Telangana,Returning,2025-08-08
CUST102624,20,Male,Bhubaneswar,Odisha,Returning,2025-09-17
CUST102625,27,Male,Madurai,Tamil Nadu,Returning,2024-08-06
CUST102626,24,Other,Faridabad,Haryana,Returning,2024-02-23
CUST102627,38,Female,Nagpur,Maharashtra,New,2024-07-18
CUST102628,54,Female,Indore,Madhya Pradesh,New,2026-06-02
CUST102629,48,Female,Vadodara,Gujarat,Returning,2025-10-04
CUST102630,40,Female,Chennai,Tamil Nadu,Returning,2024-12-04
CUST102631,44,Female,Udaipur,Rajasthan,Returning,2025-12-04
CUST102632,39,Male,Gwalior,Madhya Pradesh,New,2025-11-21
CUST102633,56,Female,Nashik,Maharashtra,Returning,2026-06-16
CUST102634,44,Male,Bengaluru,Karnataka,Returning,2024-10-31
CUST102635,21,Male,Lucknow,Uttar Pradesh,Returning,2026-03-09
CUST102636,41,Female,Bhopal,Madhya Pradesh,Returning,2026-01-21
CUST102637,40,Female,Faridabad,Haryana,Returning,2024-09-01
CUST102638,36,Male,Lucknow,Uttar Pradesh,Returning,2026-04-21
CUST102639,59,Male,Amritsar,Punjab,Returning,2025-09-20
CUST102640,20,Male,Bhopal,Madhya Pradesh,New,2024-07-26
CUST102641,44,Male,New Delhi,Delhi,Returning,2025-12-24
CUST102642,20,Male,Mumbai,Maharashtra,Returning,2025-05-25
CUST102643,45,Male,Varanasi,Uttar Pradesh,Returning,2024-09-15
CUST102644,34,Male,Jabalpur,Madhya Pradesh,Returning,2025-01-14
CUST102645,48,Male,Nagpur,Maharashtra,Returning,2024-06-11
CUST102646,27,Male,Coimbatore,Tamil Nadu,Returning,2026-01-07
CUST102647,39,Female,Ludhiana,Punjab,Returning,2024-12-06
CUST102648,47,Male,Vadodara,Gujarat,Returning,2025-07-29
CUST102649,38,Male,Hyderabad,Telangana,Returning,2026-01-27
CUST102650,53,Male,Warangal,Telangana,New,2025-06-13
CUST102651,40,Female,Mysuru,Karnataka,Returning,2024-02-03
CUST102652,55,Female,Chennai,Tamil Nadu,Returning,2026-04-03
CUST102653,29,Female,Madurai,Tamil Nadu,New,2024-11-18
CUST102654,42,Female,Nashik,Maharashtra,New,2024-06-29
CUST102655,37,Female,Noida,Uttar Pradesh,Returning,2024-12-12
CUST102656,59,Male,Hyderabad,Telangana,Returning,2025-12-06
CUST102657,24,Female,Gaya,Bihar,Returning,2024-07-10
CUST102658,46,Female,Thiruvananthapuram,Kerala,New,2025-08-01
CUST102659,46,Female,Mysuru,Karnataka,New,2025-12-21
CUST102660,30,Male,Bhopal,Madhya Pradesh,Returning,2026-05-27
CUST102661,20,Female,Surat,Gujarat,New,2025-11-09
CUST102662,19,Female,Kochi,Kerala,New,2024-09-02
CUST102663,33,Male,Mangaluru,Karnataka,New,2024-09-01
CUST102664,47,Male,Jabalpur,Madhya Pradesh,New,2025-11-08
CUST102665,55,Female,Jodhpur,Rajasthan,New,2026-03-18
CUST102666,23,Female,New Delhi,Delhi,Returning,2025-12-23
CUST102667,24,Female,Mumbai,Maharashtra,New,2024-05-12
CUST102668,22,Male,Bhopal,Madhya Pradesh,Returning,2024-07-15
CUST102669,24,Female,Noida,Uttar Pradesh,Returning,2024-12-12
CUST102670,51,Male,New Delhi,Delhi,Returning,2024-02-18
CUST102671,49,Female,Gwalior,Madhya Pradesh,Returning,2024-03-04
CUST102672,30,Male,Coimbatore,Tamil Nadu,Returning,2025-09-15
CUST102673,47,Female,Lucknow,Uttar Pradesh,Returning,2026-05-17
CUST102674,42,Female,Mangaluru,Karnataka,Returning,2025-11-27
CUST102675,38,Female,Thiruvananthapuram,Kerala,Returning,2024-04-13
CUST102676,38,Female,New Delhi,Delhi,Returning,2024-07-31
CUST102677,45,Female,Coimbatore,Tamil Nadu,Returning,2025-05-31
CUST102678,37,Male,Nashik,Maharashtra,New,2024-04-28
CUST102679,51,Other,Nagpur,Maharashtra,Returning,2026-05-05
CUST102680,22,Female,Vadodara,Gujarat,Returning,2026-01-30
CUST102681,35,Male,New Delhi,Delhi,Returning,2025-11-09
CUST102682,56,Male,Patna,Bihar,New,2026-06-13
CUST102683,60,Male,Mumbai,Maharashtra,Returning,2024-08-29
CUST102684,28,Female,Madurai,Tamil Nadu,Returning,2024-10-06
CUST102685,34,Male,Coimbatore,Tamil Nadu,New,2025-02-27
CUST102686,39,Female,Nashik,Maharashtra,Returning,2024-12-28
CUST102687,54,Male,Pune,Maharashtra,Returning,2026-01-19
CUST102688,37,Female,Warangal,Telangana,Returning,2024-11-01
CUST102689,23,Female,Ahmedabad,Gujarat,Returning,2025-12-17
CUST102690,51,Female,Hyderabad,Telangana,Returning,2025-04-30
CUST102691,31,Female,Ahmedabad,Gujarat,Returning,2024-11-09
CUST102692,40,Male,Jaipur,Rajasthan,Returning,2025-05-27
CUST102693,37,Female,Mumbai,Maharashtra,Returning,2025-11-13
CUST102694,30,Male,Ahmedabad,Gujarat,Returning,2024-06-15
CUST102695,58,Female,Gurugram,Haryana,Returning,2025-01-28
CUST102696,49,Female,Surat,Gujarat,Returning,2026-02-08
CUST102697,43,Male,Indore,Madhya Pradesh,New,2024-03-03
CUST102698,31,Other,New Delhi,Delhi,New,2024-09-28
CUST102699,53,Female,Lucknow,Uttar Pradesh,Returning,2024-02-06
CUST102700,25,Female,Noida,Uttar Pradesh,Returning,2024-01-16
CUST102701,57,Male,Surat,Gujarat,Returning,2026-02-04
CUST102702,39,Female,Faridabad,Haryana,New,2024-12-08
CUST102703,39,Male,Nagpur,Maharashtra,Returning,2024-12-11
CUST102704,33,Male,Mumbai,Maharashtra,New,2026-04-27
CUST102705,44,Female,Lucknow,Uttar Pradesh,Returning,2025-06-22
CUST102706,27,Female,Patna,Bihar,New,2025-09-14
CUST102707,42,Female,Nashik,Maharashtra,Returning,2024-08-20
CUST102708,48,Female,New Delhi,Delhi,New,2025-07-29
CUST102709,38,Male,Mumbai,Maharashtra,New,2025-08-31
CUST102710,44,Male,New Delhi,Delhi,Returning,2025-02-19
CUST102711,34,Male,Kanpur,Uttar Pradesh,New,2024-09-23
CUST102712,50,Male,Surat,Gujarat,New,2024-11-21
CUST102713,48,Female,Coimbatore,Tamil Nadu,Returning,2026-01-13
CUST102714,59,Male,Chennai,Tamil Nadu,New,2025-03-18
CUST102715,43,Female,Mumbai,Maharashtra,Returning,2025-07-13
CUST102716,38,Male,New Delhi,Delhi,New,2026-05-11
CUST102717,53,Female,Indore,Madhya Pradesh,New,2025-12-22
CUST102718,18,Male,Gurugram,Haryana,Returning,2024-03-16
CUST102719,21,Male,Kochi,Kerala,New,2024-09-03
CUST102720,21,Female,Nashik,Maharashtra,Returning,2026-04-07
CUST102721,43,Female,Cuttack,Odisha,Returning,2025-08-02
CUST102722,21,Male,Lucknow,Uttar Pradesh,New,2024-11-08
CUST102723,26,Female,Lucknow,Uttar Pradesh,Returning,2025-07-29
CUST102724,47,Male,Hyderabad,Telangana,New,2025-11-24
CUST102725,21,Male,Chennai,Tamil Nadu,New,2025-08-14
CUST102726,22,Male,New Delhi,Delhi,New,2024-12-08
CUST102727,40,Female,Nagpur,Maharashtra,Returning,2025-12-15
CUST102728,33,Male,Mysuru,Karnataka,Returning,2024-06-30
CUST102729,39,Female,New Delhi,Delhi,New,2025-12-26
CUST102730,54,Female,Surat,Gujarat,Returning,2025-09-23
CUST102731,25,Male,Varanasi,Uttar Pradesh,Returning,2025-02-02
CUST102732,50,Male,Vadodara,Gujarat,New,2024-08-28
CUST102733,55,Female,Mumbai,Maharashtra,Returning,2026-04-26
CUST102734,60,Female,Amritsar,Punjab,Returning,2025-12-14
CUST102735,33,Male,Amritsar,Punjab,New,2024-10-18
CUST102736,22,Male,Kanpur,Uttar Pradesh,New,2024-02-23
CUST102737,33,Male,Faridabad,Haryana,Returning,2024-05-24
CUST102738,24,Female,Kolkata,West Bengal,Returning,2024-12-21
CUST102739,18,Male,Faridabad,Haryana,Returning,2025-08-20
CUST102740,26,Male,Mumbai,Maharashtra,New,2025-04-21
CUST102741,35,Male,Coimbatore,Tamil Nadu,Returning,2024-01-22
CUST102742,20,Male,Bengaluru,Karnataka,Returning,2024-11-26
CUST102743,41,Female,Mysuru,Karnataka,Returning,2024-10-18
CUST102744,45,Male,Nashik,Maharashtra,New,2024-08-23
CUST102745,27,Female,Jodhpur,Rajasthan,Returning,2024-01-29
CUST102746,26,Female,Lucknow,Uttar Pradesh,New,2025-11-25
CUST102747,30,Male,Kolkata,West Bengal,Returning,2024-06-08
CUST102748,52,Male,Nashik,Maharashtra,Returning,2025-06-13
CUST102749,40,Male,Patna,Bihar,Returning,2025-07-03
CUST102750,34,Male,Udaipur,Rajasthan,New,2024-04-10
CUST102751,24,Female,Madurai,Tamil Nadu,Returning,2024-10-16
CUST102752,33,Male,Jabalpur,Madhya Pradesh,Returning,2025-01-11
CUST102753,57,Female,New Delhi,Delhi,Returning,2024-06-21
CUST102754,53,Male,Madurai,Tamil Nadu,Returning,2024-12-08
CUST102755,37,Female,Cuttack,Odisha,New,2026-05-27
CUST102756,41,Male,New Delhi,Delhi,Returning,2025-08-01
CUST102757,22,Female,Ahmedabad,Gujarat,Returning,2024-07-09
CUST102758,23,Male,Kochi,Kerala,Returning,2025-03-14
CUST102759,45,Male,Varanasi,Uttar Pradesh,Returning,2025-07-08
CUST102760,22,Male,Mumbai,Maharashtra,Returning,2025-09-26
CUST102761,56,Male,Mysuru,Karnataka,Returning,2026-02-28
CUST102762,55,Male,Mumbai,Maharashtra,New,2024-12-08
CUST102763,19,Male,Jodhpur,Rajasthan,Returning,2025-12-08
CUST102764,60,Male,Hyderabad,Telangana,Returning,2026-04-24
CUST102765,56,Female,Nashik,Maharashtra,Returning,2024-05-04
CUST102766,38,Female,Ludhiana,Punjab,Returning,2025-08-30
CUST102767,57,Female,Vadodara,Gujarat,New,2026-06-08
CUST102768,54,Female,Mangaluru,Karnataka,Returning,2025-10-30
CUST102769,35,Female,Vadodara,Gujarat,New,2025-07-05
CUST102770,29,Male,Bhopal,Madhya Pradesh,New,2024-12-25
CUST102771,34,Female,Pune,Maharashtra,New,2025-05-17
CUST102772,54,Female,New Delhi,Delhi,Returning,2024-06-21
CUST102773,55,Female,Gaya,Bihar,Returning,2026-06-05
CUST102774,32,Male,Warangal,Telangana,New,2025-01-28
CUST102775,24,Male,Kolkata,West Bengal,Returning,2025-04-05
CUST102776,31,Female,Warangal,Telangana,Returning,2025-11-15
CUST102777,18,Male,Mumbai,Maharashtra,Returning,2024-04-29
CUST102778,55,Female,Bengaluru,Karnataka,Returning,2024-09-29
CUST102779,20,Other,Warangal,Telangana,Returning,2024-12-23
CUST102780,54,Male,Bengaluru,Karnataka,New,2025-01-20
CUST102781,48,Female,Mumbai,Maharashtra,Returning,2026-05-25
CUST102782,60,Male,Kochi,Kerala,Returning,2026-05-07
CUST102783,30,Male,Gurugram,Haryana,Returning,2026-06-05
CUST102784,35,Female,Varanasi,Uttar Pradesh,New,2024-11-14
CUST102785,34,Male,Kochi,Kerala,Returning,2024-09-17
CUST102786,34,Female,Bengaluru,Karnataka,Returning,2024-10-07
CUST102787,28,Female,Amritsar,Punjab,New,2024-11-24
CUST102788,37,Female,Bengaluru,Karnataka,Returning,2024-05-03
CUST102789,27,Female,Ludhiana,Punjab,Returning,2025-04-20
CUST102790,46,Female,Gurugram,Haryana,Returning,2024-10-04
CUST102791,51,Male,Noida,Uttar Pradesh,Returning,2024-04-02
CUST102792,34,Female,Faridabad,Haryana,New,2025-06-30
CUST102793,59,Female,Kolkata,West Bengal,Returning,2026-04-02
CUST102794,30,Male,New Delhi,Delhi,Returning,2024-05-07
CUST102795,56,Male,Warangal,Telangana,Returning,2025-06-15
CUST102796,44,Other,Jodhpur,Rajasthan,Returning,2026-02-11
CUST102797,43,Male,Nagpur,Maharashtra,New,2024-06-15
CUST102798,45,Male,Jodhpur,Rajasthan,Returning,2026-04-10
CUST102799,30,Male,Faridabad,Haryana,Returning,2024-08-23
CUST102800,29,Male,Mangaluru,Karnataka,New,2024-02-01
CUST102801,45,Male,Lucknow,Uttar Pradesh,Returning,2024-08-18
CUST102802,19,Female,Cuttack,Odisha,Returning,2024-07-09
CUST102803,54,Female,Amritsar,Punjab,Returning,2026-04-21
CUST102804,51,Male,Amritsar,Punjab,Returning,2025-10-18
CUST102805,40,Female,Ahmedabad,Gujarat,Returning,2025-09-04
CUST102806,46,Female,Gurugram,Haryana,Returning,2025-08-13
CUST102807,52,Male,Kanpur,Uttar Pradesh,New,2025-05-22
CUST102808,28,Male,Mysuru,Karnataka,Returning,2025-04-01
CUST102809,50,Female,Vadodara,Gujarat,New,2025-11-02
CUST102810,28,Male,Lucknow,Uttar Pradesh,Returning,2024-09-11
CUST102811,26,Male,New Delhi,Delhi,New,2024-10-05
CUST102812,31,Male,Indore,Madhya Pradesh,New,2025-11-30
CUST102813,26,Male,Jabalpur,Madhya Pradesh,New,2025-12-22
CUST102814,56,Male,Bengaluru,Karnataka,Returning,2026-01-22
CUST102815,20,Male,Kolkata,West Bengal,Returning,2024-02-25
CUST102816,46,Female,Lucknow,Uttar Pradesh,Returning,2025-10-10
CUST102817,36,Male,Vadodara,Gujarat,New,2024-04-15
CUST102818,53,Male,Mumbai,Maharashtra,Returning,2025-08-03
CUST102819,49,Male,Nashik,Maharashtra,Returning,2025-12-02
CUST102820,24,Male,Coimbatore,Tamil Nadu,New,2024-07-10
CUST102821,45,Female,Bhubaneswar,Odisha,Returning,2024-10-04
CUST102822,35,Male,Mysuru,Karnataka,Returning,2025-06-27
CUST102823,22,Female,Jaipur,Rajasthan,Returning,2024-06-23
CUST102824,40,Female,Bengaluru,Karnataka,New,2026-02-08
CUST102825,39,Female,New Delhi,Delhi,New,2025-09-26
CUST102826,43,Female,Thiruvananthapuram,Kerala,Returning,2024-03-25
CUST102827,59,Male,Kanpur,Uttar Pradesh,Returning,2025-12-28
CUST102828,29,Female,Mumbai,Maharashtra,New,2024-08-03
CUST102829,57,Female,Hyderabad,Telangana,New,2024-01-14
CUST102830,36,Male,Nagpur,Maharashtra,Returning,2024-02-06
CUST102831,18,Female,Vadodara,Gujarat,Returning,2024-01-27
CUST102832,20,Female,Jabalpur,Madhya Pradesh,Returning,2025-10-25
CUST102833,44,Female,Nagpur,Maharashtra,New,2025-07-29
CUST102834,35,Female,New Delhi,Delhi,Returning,2024-03-10
CUST102835,47,Female,Coimbatore,Tamil Nadu,New,2024-06-02
CUST102836,19,Female,Cuttack,Odisha,Returning,2025-03-13
CUST102837,22,Male,Gurugram,Haryana,New,2026-02-03
CUST102838,46,Female,Pune,Maharashtra,Returning,2024-09-27
CUST102839,50,Female,Lucknow,Uttar Pradesh,Returning,2025-06-24
CUST102840,59,Male,Madurai,Tamil Nadu,Returning,2024-03-14
CUST102841,37,Female,Chennai,Tamil Nadu,New,2026-03-06
CUST102842,47,Male,Kanpur,Uttar Pradesh,New,2025-07-24
CUST102843,59,Male,Cuttack,Odisha,New,2026-01-24
CUST102844,22,Female,Amritsar,Punjab,Returning,2026-04-20
CUST102845,38,Male,Kolkata,West Bengal,Returning,2024-05-28
CUST102846,32,Female,Coimbatore,Tamil Nadu,Returning,2025-05-20
CUST102847,37,Female,Varanasi,Uttar Pradesh,New,2024-01-10
CUST102848,25,Male,New Delhi,Delhi,New,2025-10-05
CUST102849,48,Male,Kolkata,West Bengal,New,2025-05-16
CUST102850,29,Male,Chennai,Tamil Nadu,Returning,2024-03-02
CUST102851,38,Male,Gwalior,Madhya Pradesh,Returning,2025-01-22
CUST102852,47,Female,Mangaluru,Karnataka,Returning,2026-06-13
CUST102853,44,Male,Bengaluru,Karnataka,Returning,2026-02-12
CUST102854,43,Male,Cuttack,Odisha,New,2025-12-30
CUST102855,50,Other,Mumbai,Maharashtra,New,2024-08-19
CUST102856,43,Male,Surat,Gujarat,Returning,2026-04-27
CUST102857,43,Male,Mysuru,Karnataka,Returning,2025-08-06
CUST102858,53,Female,Pune,Maharashtra,New,2025-06-11
CUST102859,57,Male,Nagpur,Maharashtra,New,2025-07-03
CUST102860,18,Female,Mangaluru,Karnataka,New,2025-11-19
CUST102861,32,Female,Thiruvananthapuram,Kerala,New,2025-03-20
CUST102862,18,Male,New Delhi,Delhi,New,2024-11-16
CUST102863,28,Female,Amritsar,Punjab,New,2026-06-12
CUST102864,19,Male,Kolkata,West Bengal,Returning,2024-03-23
CUST102865,18,Female,Hyderabad,Telangana,New,2025-03-09
CUST102866,48,Male,Kolkata,West Bengal,New,2024-01-17
CUST102867,33,Female,Ahmedabad,Gujarat,Returning,2025-01-03
CUST102868,39,Female,Varanasi,Uttar Pradesh,Returning,2025-10-29
CUST102869,59,Female,New Delhi,Delhi,Returning,2025-11-14
CUST102870,35,Male,Madurai,Tamil Nadu,New,2025-08-04
CUST102871,34,Female,Cuttack,Odisha,Returning,2025-08-05
CUST102872,47,Male,Ludhiana,Punjab,New,2024-09-11
CUST102873,27,Female,Cuttack,Odisha,Returning,2025-03-31
CUST102874,52,Female,Warangal,Telangana,New,2025-10-04
CUST102875,38,Female,Varanasi,Uttar Pradesh,New,2025-07-14
CUST102876,33,Female,Ahmedabad,Gujarat,Returning,2025-06-16
CUST102877,23,Male,Vadodara,Gujarat,Returning,2025-01-26
CUST102878,20,Male,Mysuru,Karnataka,Returning,2024-11-15
CUST102879,58,Female,Udaipur,Rajasthan,New,2024-08-07
CUST102880,60,Male,Bengaluru,Karnataka,New,2025-11-29
CUST102881,38,Male,Chennai,Tamil Nadu,Returning,2025-02-17
CUST102882,30,Female,Kochi,Kerala,Returning,2024-02-01
CUST102883,35,Female,Mysuru,Karnataka,Returning,2025-12-15
CUST102884,41,Male,Nagpur,Maharashtra,Returning,2026-02-26
CUST102885,44,Female,Nashik,Maharashtra,New,2026-01-23
CUST102886,21,Female,Amritsar,Punjab,Returning,2024-01-16
CUST102887,39,Female,Vadodara,Gujarat,New,2025-02-12
CUST102888,41,Male,Hyderabad,Telangana,New,2026-04-07
CUST102889,57,Female,Patna,Bihar,Returning,2024-06-21
CUST102890,27,Female,Patna,Bihar,Returning,2025-10-10
CUST102891,19,Female,Madurai,Tamil Nadu,New,2024-06-27
CUST102892,57,Female,Bhopal,Madhya Pradesh,New,2026-05-20
CUST102893,23,Female,Varanasi,Uttar Pradesh,Returning,2025-07-26
CUST102894,35,Male,Gwalior,Madhya Pradesh,Returning,2025-05-11
CUST102895,34,Female,Bengaluru,Karnataka,New,2024-04-13
CUST102896,55,Male,Kochi,Kerala,New,2024-11-12
CUST102897,40,Female,Surat,Gujarat,New,2025-12-07
CUST102898,47,Male,New Delhi,Delhi,Returning,2026-02-06
CUST102899,38,Male,Hyderabad,Telangana,Returning,2025-08-10
CUST102900,27,Female,Nashik,Maharashtra,Returning,2026-02-21
CUST102901,60,Male,Pune,Maharashtra,Returning,2024-06-29
CUST102902,30,Male,Noida,Uttar Pradesh,Returning,2024-05-11
CUST102903,29,Male,Nashik,Maharashtra,New,2025-10-24
CUST102904,26,Female,Hyderabad,Telangana,New,2024-06-03
CUST102905,21,Other,Vadodara,Gujarat,Returning,2024-12-24
CUST102906,56,Male,Pune,Maharashtra,Returning,2024-08-22
CUST102907,41,Male,Faridabad,Haryana,Returning,2026-01-29
CUST102908,51,Male,Mysuru,Karnataka,Returning,2024-06-13
CUST102909,56,Male,New Delhi,Delhi,Returning,2025-12-17
CUST102910,58,Male,New Delhi,Delhi,New,2025-03-02
CUST102911,22,Male,Bengaluru,Karnataka,New,2025-11-07
CUST102912,32,Male,Pune,Maharashtra,New,2025-05-02
CUST102913,21,Female,Lucknow,Uttar Pradesh,New,2024-07-31
CUST102914,56,Male,Faridabad,Haryana,Returning,2026-02-04
CUST102915,25,Female,Bengaluru,Karnataka,New,2024-06-05
CUST102916,41,Male,Gwalior,Madhya Pradesh,New,2025-11-19
CUST102917,45,Female,Noida,Uttar Pradesh,Returning,2024-03-15
CUST102918,60,Female,Thiruvananthapuram,Kerala,New,2025-03-10
CUST102919,44,Male,Warangal,Telangana,Returning,2024-06-26
CUST102920,18,Female,New Delhi,Delhi,Returning,2026-03-06
CUST102921,51,Male,Coimbatore,Tamil Nadu,Returning,2026-04-21
CUST102922,34,Male,Kanpur,Uttar Pradesh,Returning,2025-10-06
CUST102923,54,Female,Patna,Bihar,New,2025-09-28
CUST102924,55,Female,Mysuru,Karnataka,New,2024-11-07
CUST102925,43,Male,Chennai,Tamil Nadu,Returning,2026-04-11
CUST102926,41,Female,Cuttack,Odisha,Returning,2024-05-06
CUST102927,56,Male,Patna,Bihar,Returning,2025-01-11
CUST102928,38,Male,Faridabad,Haryana,New,2024-12-10
CUST102929,47,Female,Noida,Uttar Pradesh,Returning,2024-08-12
CUST102930,30,Female,Madurai,Tamil Nadu,Returning,2024-01-17
CUST102931,54,Female,Jaipur,Rajasthan,Returning,2025-05-11
CUST102932,20,Male,Jabalpur,Madhya Pradesh,New,2025-04-17
CUST102933,49,Female,Mumbai,Maharashtra,Returning,2026-05-14
CUST102934,52,Female,Kolkata,West Bengal,Returning,2024-11-06
CUST102935,36,Male,Noida,Uttar Pradesh,Returning,2026-01-27
CUST102936,31,Male,Mangaluru,Karnataka,New,2024-05-16
CUST102937,39,Female,Lucknow,Uttar Pradesh,Returning,2025-04-19
CUST102938,34,Female,Kolkata,West Bengal,New,2024-08-04
CUST102939,21,Male,Amritsar,Punjab,New,2024-07-14
CUST102940,57,Male,Pune,Maharashtra,Returning,2024-07-19
CUST102941,36,Male,New Delhi,Delhi,New,2024-12-31
CUST102942,54,Male,Udaipur,Rajasthan,Returning,2025-12-19
CUST102943,19,Male,New Delhi,Delhi,Returning,2025-06-11
CUST102944,32,Male,Noida,Uttar Pradesh,New,2025-02-03
CUST102945,19,Male,Varanasi,Uttar Pradesh,Returning,2025-06-08
CUST102946,28,Male,Nashik,Maharashtra,Returning,2025-08-12
CUST102947,40,Male,Vadodara,Gujarat,New,2024-08-01
CUST102948,27,Female,Vadodara,Gujarat,Returning,2024-12-06
CUST102949,20,Female,Coimbatore,Tamil Nadu,New,2024-11-24
CUST102950,22,Male,Ludhiana,Punjab,Returning,2024-04-28
CUST102951,20,Female,Patna,Bihar,New,2025-02-28
CUST102952,55,Male,Bhopal,Madhya Pradesh,New,2025-11-23
CUST102953,30,Female,Noida,Uttar Pradesh,New,2026-04-15
CUST102954,59,Male,Vadodara,Gujarat,Returning,2026-04-21
CUST102955,36,Female,Cuttack,Odisha,Returning,2026-05-16
CUST102956,57,Male,Gwalior,Madhya Pradesh,Returning,2025-01-07
CUST102957,52,Male,Lucknow,Uttar Pradesh,Returning,2025-10-10
CUST102958,41,Female,Kochi,Kerala,Returning,2024-06-27
CUST102959,41,Male,New Delhi,Delhi,Returning,2025-03-07
CUST102960,34,Female,Patna,Bihar,New,2025-12-20
CUST102961,57,Female,Mysuru,Karnataka,Returning,2025-02-05
CUST102962,27,Female,Coimbatore,Tamil Nadu,New,2025-01-28
CUST102963,19,Female,Coimbatore,Tamil Nadu,New,2026-06-01
CUST102964,40,Other,Gurugram,Haryana,Returning,2025-07-19
CUST102965,23,Female,Thiruvananthapuram,Kerala,Returning,2024-03-19
CUST102966,19,Male,Indore,Madhya Pradesh,New,2026-02-21
CUST102967,38,Female,Noida,Uttar Pradesh,New,2025-02-27
CUST102968,52,Male,Kolkata,West Bengal,New,2024-04-27
CUST102969,46,Female,Amritsar,Punjab,Returning,2025-01-02
CUST102970,24,Male,Vadodara,Gujarat,Returning,2024-04-15
CUST102971,46,Male,Coimbatore,Tamil Nadu,Returning,2024-04-14
CUST102972,54,Male,Mangaluru,Karnataka,Returning,2024-10-29
CUST102973,40,Female,Noida,Uttar Pradesh,Returning,2025-09-21
CUST102974,50,Male,Lucknow,Uttar Pradesh,Returning,2026-06-12
CUST102975,25,Female,Chennai,Tamil Nadu,New,2026-01-10
CUST102976,29,Female,Nagpur,Maharashtra,New,2024-05-27
CUST102977,27,Female,Patna,Bihar,Returning,2026-05-15
CUST102978,32,Female,Pune,Maharashtra,New,2024-05-29
CUST102979,41,Female,Gwalior,Madhya Pradesh,Returning,2026-03-26
CUST102980,43,Male,Faridabad,Haryana,New,2024-09-12
CUST102981,59,Female,Hyderabad,Telangana,Returning,2024-03-22
CUST102982,56,Female,Mysuru,Karnataka,New,2024-01-16
CUST102983,20,Female,Indore,Madhya Pradesh,New,2024-07-11
CUST102984,19,Male,Patna,Bihar,Returning,2025-12-23
CUST102985,23,Male,Kolkata,West Bengal,Returning,2024-03-14
CUST102986,38,Female,Faridabad,Haryana,Returning,2024-10-03
CUST102987,26,Male,Nagpur,Maharashtra,Returning,2024-03-01
CUST102988,27,Male,Surat,Gujarat,Returning,2025-06-19
CUST102989,53,Female,Lucknow,Uttar Pradesh,Returning,2025-06-18
CUST102990,20,Male,Thiruvananthapuram,Kerala,New,2024-12-08
CUST102991,58,Male,Mangaluru,Karnataka,New,2025-01-29
CUST102992,41,Male,Kanpur,Uttar Pradesh,New,2024-09-14
CUST102993,39,Female,Kolkata,West Bengal,Returning,2024-07-16
CUST102994,31,Female,Coimbatore,Tamil Nadu,New,2024-02-22
CUST102995,59,Female,Nagpur,Maharashtra,Returning,2025-10-12
CUST102996,44,Male,Kochi,Kerala,Returning,2024-09-27
CUST102997,50,Male,Mangaluru,Karnataka,Returning,2024-07-19
CUST102998,39,Female,New Delhi,Delhi,New,2025-01-30
CUST102999,46,Female,New Delhi,Delhi,New,2025-01-12
CUST103000,36,Male,Kochi,Kerala,Returning,2026-06-09
CUST103001,36,Male,Gwalior,Madhya Pradesh,New,2025-11-06
CUST103002,23,Male,Noida,Uttar Pradesh,New,2025-08-26
CUST103003,36,Male,New Delhi,Delhi,New,2025-06-18
CUST103004,30,Male,Jodhpur,Rajasthan,New,2024-03-28
CUST103005,43,Female,Kolkata,West Bengal,New,2025-02-01
CUST103006,39,Female,Gaya,Bihar,Returning,2024-06-30
CUST103007,38,Female,Cuttack,Odisha,Returning,2026-05-16
CUST103008,53,Male,Nagpur,Maharashtra,Returning,2024-10-09
CUST103009,19,Female,Indore,Madhya Pradesh,New,2025-06-16
CUST103010,47,Male,Pune,Maharashtra,Returning,2025-07-14
CUST103011,44,Male,Kolkata,West Bengal,Returning,2024-07-08
CUST103012,24,Female,New Delhi,Delhi,New,2024-07-23
CUST103013,37,Male,New Delhi,Delhi,Returning,2024-02-13
CUST103014,48,Female,Madurai,Tamil Nadu,New,2024-10-26
CUST103015,40,Female,Udaipur,Rajasthan,Returning,2025-10-01
CUST103016,30,Male,Chennai,Tamil Nadu,Returning,2025-12-01
CUST103017,34,Female,Lucknow,Uttar Pradesh,Returning,2025-11-12
CUST103018,21,Male,Warangal,Telangana,New,2024-10-05
CUST103019,31,Male,Nashik,Maharashtra,Returning,2025-12-13
CUST103020,37,Male,Noida,Uttar Pradesh,New,2025-01-19
CUST103021,30,Male,New Delhi,Delhi,New,2025-09-28
CUST103022,20,Female,Warangal,Telangana,Returning,2026-03-14
CUST103023,43,Male,Indore,Madhya Pradesh,New,2024-11-06
CUST103024,43,Female,Madurai,Tamil Nadu,Returning,2026-05-27
CUST103025,35,Female,Nagpur,Maharashtra,Returning,2025-06-11
CUST103026,49,Female,Coimbatore,Tamil Nadu,Returning,2026-05-06
CUST103027,31,Female,Ludhiana,Punjab,New,2024-09-30
CUST103028,20,Male,Jabalpur,Madhya Pradesh,Returning,2025-04-26
CUST103029,18,Female,Gwalior,Madhya Pradesh,Returning,2026-03-16
CUST103030,43,Male,Jodhpur,Rajasthan,Returning,2025-03-26
CUST103031,41,Female,Mangaluru,Karnataka,Returning,2025-06-15
CUST103032,52,Female,Warangal,Telangana,Returning,2025-06-14
CUST103033,31,Male,Varanasi,Uttar Pradesh,Returning,2025-06-08
CUST103034,20,Female,Nashik,Maharashtra,New,2024-01-17
CUST103035,30,Male,New Delhi,Delhi,Returning,2025-12-18
CUST103036,31,Female,New Delhi,Delhi,Returning,2024-01-30
CUST103037,38,Female,Warangal,Telangana,Returning,2025-04-14
CUST103038,43,Male,Faridabad,Haryana,Returning,2026-03-21
CUST103039,20,Male,Nashik,Maharashtra,New,2024-10-30
CUST103040,57,Female,Vadodara,Gujarat,Returning,2025-07-08
CUST103041,21,Female,Mangaluru,Karnataka,Returning,2024-04-02
CUST103042,53,Female,Faridabad,Haryana,New,2026-05-31
CUST103043,60,Male,Mumbai,Maharashtra,New,2025-07-31
CUST103044,18,Male,Hyderabad,Telangana,Returning,2025-09-22
CUST103045,57,Male,Varanasi,Uttar Pradesh,New,2026-03-31
CUST103046,50,Female,Indore,Madhya Pradesh,New,2025-08-06
CUST103047,24,Male,Warangal,Telangana,New,2026-04-25
CUST103048,28,Male,Madurai,Tamil Nadu,Returning,2024-06-10
CUST103049,44,Male,Coimbatore,Tamil Nadu,New,2026-04-21
CUST103050,31,Male,New Delhi,Delhi,Returning,2024-11-23
CUST103051,39,Male,Mangaluru,Karnataka,Returning,2026-02-19
CUST103052,33,Female,Ahmedabad,Gujarat,Returning,2025-12-30
CUST103053,29,Male,New Delhi,Delhi,Returning,2024-09-10
CUST103054,27,Male,New Delhi,Delhi,Returning,2025-03-15
CUST103055,41,Female,Indore,Madhya Pradesh,Returning,2025-07-24
CUST103056,35,Female,Faridabad,Haryana,New,2025-06-27
CUST103057,39,Male,Jaipur,Rajasthan,Returning,2026-04-30
CUST103058,26,Female,Mumbai,Maharashtra,Returning,2024-04-29
CUST103059,34,Male,Nashik,Maharashtra,New,2026-04-01
CUST103060,55,Female,Amritsar,Punjab,Returning,2025-05-28
CUST103061,57,Female,New Delhi,Delhi,New,2025-09-21
CUST103062,30,Female,Nagpur,Maharashtra,Returning,2025-07-02
CUST103063,54,Female,Jaipur,Rajasthan,New,2024-04-06
CUST103064,23,Female,Jodhpur,Rajasthan,Returning,2026-05-20
CUST103065,38,Male,Jabalpur,Madhya Pradesh,New,2025-01-04
CUST103066,53,Male,New Delhi,Delhi,New,2025-02-20
CUST103067,24,Other,Pune,Maharashtra,Returning,2024-09-13
CUST103068,53,Female,Gurugram,Haryana,Returning,2024-05-07
CUST103069,42,Male,New Delhi,Delhi,Returning,2024-12-24
CUST103070,28,Male,Indore,Madhya Pradesh,New,2024-06-04
CUST103071,31,Male,Noida,Uttar Pradesh,New,2025-10-18
CUST103072,46,Male,Jodhpur,Rajasthan,Returning,2024-02-26
CUST103073,27,Female,New Delhi,Delhi,Returning,2025-08-04
CUST103074,22,Female,New Delhi,Delhi,New,2025-07-09
CUST103075,25,Female,Jaipur,Rajasthan,Returning,2025-12-24
CUST103076,22,Female,Kochi,Kerala,New,2025-11-17
CUST103077,41,Male,Amritsar,Punjab,New,2025-10-14
CUST103078,57,Female,Nashik,Maharashtra,New,2024-03-16
CUST103079,43,Male,Mangaluru,Karnataka,Returning,2024-06-06
CUST103080,23,Male,Ludhiana,Punjab,Returning,2024-03-25
CUST103081,33,Male,Varanasi,Uttar Pradesh,Returning,2024-11-17
CUST103082,53,Male,Kochi,Kerala,Returning,2024-11-04
CUST103083,29,Female,Mangaluru,Karnataka,New,2025-06-13
CUST103084,28,Male,Kolkata,West Bengal,Returning,2024-10-10
CUST103085,20,Female,Gwalior,Madhya Pradesh,Returning,2026-06-18
CUST103086,54,Male,Gwalior,Madhya Pradesh,Returning,2024-02-11
CUST103087,23,Male,Warangal,Telangana,New,2026-06-12
CUST103088,36,Male,Mumbai,Maharashtra,Returning,2026-06-03
CUST103089,35,Female,Kolkata,West Bengal,Returning,2024-05-13
CUST103090,33,Male,New Delhi,Delhi,Returning,2025-09-05
CUST103091,40,Female,Hyderabad,Telangana,Returning,2025-10-10
CUST103092,60,Female,Ludhiana,Punjab,Returning,2025-02-07
CUST103093,54,Male,Madurai,Tamil Nadu,New,2025-05-07
CUST103094,26,Female,Gaya,Bihar,Returning,2024-08-09
CUST103095,20,Other,Bengaluru,Karnataka,Returning,2024-08-16
CUST103096,25,Female,Jabalpur,Madhya Pradesh,Returning,2026-03-16
CUST103097,55,Male,Faridabad,Haryana,Returning,2025-03-27
CUST103098,21,Male,Nashik,Maharashtra,New,2024-11-01
CUST103099,29,Male,Mumbai,Maharashtra,Returning,2026-04-07
CUST103100,48,Male,Warangal,Telangana,New,2024-04-28
CUST103101,42,Male,Pune,Maharashtra,New,2025-09-02
CUST103102,33,Female,Kanpur,Uttar Pradesh,Returning,2026-05-11
CUST103103,59,Male,Bhubaneswar,Odisha,New,2024-11-19
CUST103104,31,Female,Hyderabad,Telangana,New,2024-06-07
CUST103105,30,Female,New Delhi,Delhi,New,2024-08-26
CUST103106,58,Female,Hyderabad,Telangana,Returning,2025-01-30
CUST103107,24,Male,Varanasi,Uttar Pradesh,Returning,2024-11-15
CUST103108,29,Male,Pune,Maharashtra,New,2026-04-26
CUST103109,54,Male,Jaipur,Rajasthan,New,2024-07-07
CUST103110,21,Male,Jodhpur,Rajasthan,Returning,2024-11-04
CUST103111,19,Female,Bhopal,Madhya Pradesh,Returning,2024-09-05
CUST103112,52,Male,Mangaluru,Karnataka,New,2025-06-21
CUST103113,20,Female,Kanpur,Uttar Pradesh,Returning,2025-12-01
CUST103114,21,Male,Mumbai,Maharashtra,Returning,2025-05-20
CUST103115,55,Female,Mangaluru,Karnataka,Returning,2025-01-28
CUST103116,29,Male,Thiruvananthapuram,Kerala,Returning,2025-10-13
CUST103117,36,Female,Kanpur,Uttar Pradesh,Returning,2025-02-09
CUST103118,27,Female,Nashik,Maharashtra,New,2024-06-29
CUST103119,18,Female,New Delhi,Delhi,New,2024-01-21
CUST103120,34,Female,Mangaluru,Karnataka,Returning,2025-11-05
CUST103121,33,Female,New Delhi,Delhi,Returning,2025-08-05
CUST103122,26,Female,New Delhi,Delhi,Returning,2025-08-16
CUST103123,26,Male,Mumbai,Maharashtra,Returning,2024-06-03
CUST103124,26,Male,Warangal,Telangana,New,2026-04-07
CUST103125,29,Male,Lucknow,Uttar Pradesh,Returning,2026-05-16
CUST103126,58,Male,Jodhpur,Rajasthan,Returning,2025-07-12
CUST103127,32,Male,Indore,Madhya Pradesh,Returning,2024-07-12
CUST103128,19,Male,Mumbai,Maharashtra,Returning,2024-08-11
CUST103129,28,Male,Ludhiana,Punjab,Returning,2025-02-02
CUST103130,28,Female,Patna,Bihar,Returning,2026-01-18
CUST103131,25,Male,Gaya,Bihar,Returning,2024-10-06
CUST103132,49,Female,Gaya,Bihar,Returning,2024-01-10
CUST103133,23,Male,Ludhiana,Punjab,New,2025-01-10
CUST103134,37,Male,Kolkata,West Bengal,Returning,2025-04-16
CUST103135,56,Female,Mangaluru,Karnataka,Returning,2024-05-31
CUST103136,52,Male,Udaipur,Rajasthan,Returning,2026-05-05
CUST103137,25,Female,Varanasi,Uttar Pradesh,Returning,2025-09-07
CUST103138,60,Female,Lucknow,Uttar Pradesh,Returning,2024-05-03
CUST103139,51,Female,Ahmedabad,Gujarat,Returning,2025-11-27
CUST103140,36,Male,Pune,Maharashtra,Returning,2026-03-12
CUST103141,24,Male,Chennai,Tamil Nadu,New,2025-07-06
CUST103142,48,Male,Cuttack,Odisha,Returning,2025-02-27
CUST103143,35,Female,Kolkata,West Bengal,Returning,2025-06-06
CUST103144,57,Male,Vadodara,Gujarat,New,2025-12-30
CUST103145,31,Male,New Delhi,Delhi,Returning,2025-05-27
CUST103146,56,Female,Coimbatore,Tamil Nadu,Returning,2024-06-19
CUST103147,53,Male,Bhubaneswar,Odisha,Returning,2026-04-29
CUST103148,34,Female,Bhopal,Madhya Pradesh,Returning,2026-03-04
CUST103149,54,Female,Kanpur,Uttar Pradesh,New,2025-07-18
CUST103150,26,Male,Hyderabad,Telangana,Returning,2024-05-04
CUST103151,37,Male,Jodhpur,Rajasthan,Returning,2024-06-23
CUST103152,45,Female,New Delhi,Delhi,New,2025-05-18
CUST103153,37,Female,Jabalpur,Madhya Pradesh,New,2026-02-15
CUST103154,58,Female,Warangal,Telangana,Returning,2026-02-15
CUST103155,53,Female,Hyderabad,Telangana,Returning,2025-01-19
CUST103156,44,Female,Indore,Madhya Pradesh,Returning,2025-12-11
CUST103157,25,Female,Ludhiana,Punjab,Returning,2026-02-06
CUST103158,49,Male,Nagpur,Maharashtra,New,2025-11-14
CUST103159,18,Female,Gaya,Bihar,New,2025-07-24
CUST103160,34,Male,New Delhi,Delhi,Returning,2024-04-15
CUST103161,26,Male,Hyderabad,Telangana,Returning,2025-09-28
CUST103162,37,Female,Nashik,Maharashtra,New,2025-06-11
CUST103163,49,Female,New Delhi,Delhi,Returning,2024-02-07
CUST103164,19,Male,Surat,Gujarat,Returning,2025-01-29
CUST103165,49,Female,Pune,Maharashtra,Returning,2026-01-24
CUST103166,26,Female,Ahmedabad,Gujarat,Returning,2025-04-21
CUST103167,47,Female,Bhubaneswar,Odisha,Returning,2025-04-11
CUST103168,37,Male,Mumbai,Maharashtra,Returning,2025-12-22
CUST103169,55,Male,Lucknow,Uttar Pradesh,New,2025-05-19
CUST103170,18,Other,Warangal,Telangana,New,2024-11-10
CUST103171,22,Male,Bhopal,Madhya Pradesh,Returning,2024-10-11
CUST103172,52,Female,New Delhi,Delhi,New,2025-04-08
CUST103173,53,Female,Mangaluru,Karnataka,Returning,2025-11-10
CUST103174,18,Female,Bengaluru,Karnataka,New,2024-09-20
CUST103175,31,Female,Mumbai,Maharashtra,New,2025-09-01
CUST103176,26,Female,Bengaluru,Karnataka,New,2025-10-07
CUST103177,47,Female,Jabalpur,Madhya Pradesh,Returning,2025-03-04
CUST103178,41,Female,Kochi,Kerala,Returning,2024-12-30
CUST103179,21,Female,Patna,Bihar,Returning,2024-06-29
CUST103180,31,Female,Bhopal,Madhya Pradesh,Returning,2026-01-03
CUST103181,42,Male,Pune,Maharashtra,Returning,2026-05-25
CUST103182,21,Male,New Delhi,Delhi,Returning,2025-10-22
CUST103183,42,Other,New Delhi,Delhi,Returning,2024-08-31
CUST103184,27,Female,New Delhi,Delhi,Returning,2024-11-08
CUST103185,52,Female,Surat,Gujarat,Returning,2024-03-16
CUST103186,24,Female,Vadodara,Gujarat,Returning,2026-05-30
CUST103187,59,Female,Chennai,Tamil Nadu,Returning,2024-09-18
CUST103188,30,Female,Chennai,Tamil Nadu,Returning,2024-08-18
CUST103189,21,Male,Patna,Bihar,Returning,2025-12-03
CUST103190,60,Other,Lucknow,Uttar Pradesh,New,2025-01-14
CUST103191,53,Female,New Delhi,Delhi,Returning,2025-10-07
CUST103192,31,Female,Cuttack,Odisha,New,2024-11-04
CUST103193,35,Female,Ludhiana,Punjab,Returning,2026-02-02
CUST103194,25,Female,Madurai,Tamil Nadu,Returning,2025-01-22
CUST103195,49,Female,Coimbatore,Tamil Nadu,Returning,2026-01-26
CUST103196,44,Female,Ahmedabad,Gujarat,New,2026-02-15
CUST103197,59,Female,Amritsar,Punjab,New,2024-11-20
CUST103198,54,Female,Kochi,Kerala,New,2026-04-21
CUST103199,40,Female,Nagpur,Maharashtra,Returning,2026-05-28
CUST103200,24,Female,Chennai,Tamil Nadu,Returning,2025-03-31
CUST103201,29,Female,Kolkata,West Bengal,Returning,2025-05-26
CUST103202,42,Other,Vadodara,Gujarat,Returning,2024-12-08
CUST103203,20,Female,Mysuru,Karnataka,Returning,2025-05-30
CUST103204,43,Male,Kochi,Kerala,New,2025-03-17
CUST103205,21,Male,Gwalior,Madhya Pradesh,New,2025-07-02
CUST103206,59,Male,Patna,Bihar,New,2025-08-05
CUST103207,53,Male,Thiruvananthapuram,Kerala,Returning,2024-09-18
CUST103208,32,Male,Lucknow,Uttar Pradesh,Returning,2026-01-18
CUST103209,49,Male,Hyderabad,Telangana,Returning,2026-03-29
CUST103210,46,Female,Udaipur,Rajasthan,New,2025-04-07
CUST103211,27,Female,Bengaluru,Karnataka,New,2026-05-16
CUST103212,38,Other,Indore,Madhya Pradesh,Returning,2025-11-20
CUST103213,33,Male,Mysuru,Karnataka,New,2025-08-30
CUST103214,36,Male,Jabalpur,Madhya Pradesh,Returning,2024-08-14
CUST103215,46,Male,Mysuru,Karnataka,New,2025-06-06
CUST103216,35,Male,Mumbai,Maharashtra,New,2026-02-16
CUST103217,33,Male,Mysuru,Karnataka,Returning,2024-07-07
CUST103218,18,Male,Nashik,Maharashtra,New,2024-07-27
CUST103219,19,Male,Lucknow,Uttar Pradesh,Returning,2024-01-13
CUST103220,32,Male,Lucknow,Uttar Pradesh,Returning,2026-06-07
CUST103221,56,Male,Surat,Gujarat,Returning,2024-06-10
CUST103222,45,Male,Bengaluru,Karnataka,Returning,2025-07-25
CUST103223,18,Male,Nagpur,Maharashtra,Returning,2025-05-07
CUST103224,22,Female,Mumbai,Maharashtra,New,2025-03-10
CUST103225,59,Female,Mysuru,Karnataka,Returning,2024-01-05
CUST103226,39,Male,Kochi,Kerala,Returning,2024-07-20
CUST103227,53,Male,Mangaluru,Karnataka,New,2025-02-19
CUST103228,30,Female,Chennai,Tamil Nadu,Returning,2024-01-12
CUST103229,18,Female,Pune,Maharashtra,Returning,2025-01-31
CUST103230,33,Male,Bengaluru,Karnataka,Returning,2024-12-06
CUST103231,58,Male,Ahmedabad,Gujarat,Returning,2026-01-21
CUST103232,39,Male,Udaipur,Rajasthan,Returning,2025-01-07
CUST103233,49,Male,New Delhi,Delhi,Returning,2025-01-12
CUST103234,33,Female,Nashik,Maharashtra,Returning,2024-08-12
CUST103235,32,Female,Coimbatore,Tamil Nadu,Returning,2024-06-30
CUST103236,59,Female,Bengaluru,Karnataka,Returning,2024-10-23
CUST103237,29,Male,Mangaluru,Karnataka,Returning,2026-03-26
CUST103238,18,Female,Ludhiana,Punjab,New,2024-11-02
CUST103239,34,Male,Jodhpur,Rajasthan,Returning,2025-03-06
CUST103240,58,Male,Kolkata,West Bengal,Returning,2025-11-20
CUST103241,45,Male,Hyderabad,Telangana,Returning,2024-04-27
CUST103242,24,Male,Warangal,Telangana,Returning,2024-12-17
CUST103243,26,Female,Kolkata,West Bengal,Returning,2025-08-10
CUST103244,39,Male,Jabalpur,Madhya Pradesh,New,2024-02-15
CUST103245,43,Female,Bhopal,Madhya Pradesh,New,2024-08-14
CUST103246,29,Female,Mysuru,Karnataka,Returning,2024-12-21
CUST103247,24,Female,Surat,Gujarat,Returning,2024-10-20
CUST103248,32,Female,Warangal,Telangana,Returning,2024-08-27
CUST103249,55,Male,Thiruvananthapuram,Kerala,Returning,2024-12-13
CUST103250,38,Male,Jaipur,Rajasthan,Returning,2024-05-20
CUST103251,31,Female,Vadodara,Gujarat,New,2024-07-22
CUST103252,19,Female,Mumbai,Maharashtra,New,2025-10-23
CUST103253,25,Male,Jaipur,Rajasthan,New,2025-10-03
CUST103254,23,Male,Mumbai,Maharashtra,Returning,2026-05-10
CUST103255,54,Female,Coimbatore,Tamil Nadu,New,2026-04-24
CUST103256,54,Male,Mumbai,Maharashtra,Returning,2024-09-25
CUST103257,50,Male,Jabalpur,Madhya Pradesh,New,2024-11-08
CUST103258,58,Male,Bengaluru,Karnataka,Returning,2025-02-21
CUST103259,23,Female,Coimbatore,Tamil Nadu,New,2024-05-16
CUST103260,43,Male,Cuttack,Odisha,Returning,2025-09-19
CUST103261,56,Male,Mangaluru,Karnataka,Returning,2024-12-16
CUST103262,58,Male,Vadodara,Gujarat,New,2024-06-09
CUST103263,54,Male,Hyderabad,Telangana,Returning,2025-10-28
CUST103264,31,Male,Nagpur,Maharashtra,New,2024-06-21
CUST103265,54,Female,Lucknow,Uttar Pradesh,Returning,2024-05-09
CUST103266,25,Male,Pune,Maharashtra,Returning,2024-03-19
CUST103267,56,Male,Vadodara,Gujarat,Returning,2025-07-22
CUST103268,30,Male,Kolkata,West Bengal,Returning,2026-05-12
CUST103269,30,Female,Jodhpur,Rajasthan,New,2024-02-26
CUST103270,57,Female,Bhopal,Madhya Pradesh,Returning,2025-02-03
CUST103271,60,Male,New Delhi,Delhi,Returning,2024-12-28
CUST103272,45,Male,Nashik,Maharashtra,New,2024-11-30
CUST103273,35,Female,Varanasi,Uttar Pradesh,Returning,2024-05-13
CUST103274,36,Male,Ahmedabad,Gujarat,New,2024-01-14
CUST103275,55,Female,Patna,Bihar,Returning,2024-10-09
CUST103276,49,Other,Patna,Bihar,Returning,2026-03-16
CUST103277,39,Male,Thiruvananthapuram,Kerala,New,2025-10-20
CUST103278,19,Female,Ahmedabad,Gujarat,New,2025-02-24
CUST103279,30,Male,Chennai,Tamil Nadu,Returning,2024-05-06
CUST103280,40,Male,Lucknow,Uttar Pradesh,Returning,2026-02-10
CUST103281,42,Female,Hyderabad,Telangana,Returning,2026-04-05
CUST103282,45,Male,Mangaluru,Karnataka,Returning,2024-08-05
CUST103283,28,Female,Kochi,Kerala,New,2026-01-14
CUST103284,50,Male,Kochi,Kerala,Returning,2026-05-30
CUST103285,41,Female,Surat,Gujarat,Returning,2025-11-10
CUST103286,19,Female,Pune,Maharashtra,Returning,2025-10-16
CUST103287,47,Female,Coimbatore,Tamil Nadu,Returning,2025-05-03
CUST103288,34,Female,Kanpur,Uttar Pradesh,New,2024-09-16
CUST103289,57,Male,Cuttack,Odisha,New,2024-08-05
CUST103290,51,Female,Mysuru,Karnataka,New,2026-03-30
CUST103291,55,Female,Nashik,Maharashtra,Returning,2025-10-19
CUST103292,39,Male,Thiruvananthapuram,Kerala,Returning,2025-05-03
CUST103293,22,Male,Madurai,Tamil Nadu,Returning,2025-03-18
CUST103294,57,Male,Kolkata,West Bengal,New,2024-04-08
CUST103295,33,Male,Gurugram,Haryana,New,2024-06-30
CUST103296,30,Male,Nagpur,Maharashtra,Returning,2024-06-17
CUST103297,43,Female,Jabalpur,Madhya Pradesh,Returning,2024-08-20
CUST103298,48,Male,Pune,Maharashtra,Returning,2024-04-02
CUST103299,56,Male,Chennai,Tamil Nadu,Returning,2025-09-20
CUST103300,40,Female,Lucknow,Uttar Pradesh,Returning,2025-04-16
CUST103301,29,Female,Hyderabad,Telangana,New,2025-05-30
CUST103302,31,Female,Faridabad,Haryana,New,2024-03-25
CUST103303,35,Female,Kolkata,West Bengal,New,2025-11-09
CUST103304,44,Male,New Delhi,Delhi,New,2025-06-02
CUST103305,45,Male,Bengaluru,Karnataka,New,2025-01-15
CUST103306,35,Male,Coimbatore,Tamil Nadu,New,2025-02-10
CUST103307,33,Male,Coimbatore,Tamil Nadu,Returning,2024-08-19
CUST103308,33,Female,Pune,Maharashtra,Returning,2024-09-07
CUST103309,30,Female,Chennai,Tamil Nadu,Returning,2024-03-25
CUST103310,46,Other,Ahmedabad,Gujarat,Returning,2024-11-14
CUST103311,26,Female,Lucknow,Uttar Pradesh,New,2024-07-11
CUST103312,43,Female,Jabalpur,Madhya Pradesh,Returning,2025-09-26
CUST103313,45,Male,Noida,Uttar Pradesh,Returning,2025-08-23
CUST103314,58,Male,Nashik,Maharashtra,Returning,2025-08-29
CUST103315,30,Female,Mangaluru,Karnataka,Returning,2026-06-05
CUST103316,53,Male,Gwalior,Madhya Pradesh,New,2024-10-26
CUST103317,26,Other,Surat,Gujarat,Returning,2024-12-23
CUST103318,31,Female,Mumbai,Maharashtra,New,2025-07-10
CUST103319,29,Male,Gaya,Bihar,New,2026-02-03
CUST103320,49,Female,Noida,Uttar Pradesh,New,2025-03-28
CUST103321,55,Male,Kolkata,West Bengal,New,2026-06-03
CUST103322,20,Male,Nagpur,Maharashtra,New,2025-07-16
CUST103323,33,Male,Noida,Uttar Pradesh,New,2025-05-20
CUST103324,37,Female,Kolkata,West Bengal,New,2024-03-05
CUST103325,49,Female,Lucknow,Uttar Pradesh,Returning,2025-07-19
CUST103326,40,Female,Varanasi,Uttar Pradesh,New,2024-08-09
CUST103327,34,Male,Noida,Uttar Pradesh,New,2025-04-10
CUST103328,33,Female,Surat,Gujarat,Returning,2024-03-12
CUST103329,55,Female,Nashik,Maharashtra,Returning,2026-06-06
CUST103330,25,Female,Bhopal,Madhya Pradesh,New,2025-04-18
CUST103331,36,Female,Jodhpur,Rajasthan,New,2025-11-10
CUST103332,47,Female,Varanasi,Uttar Pradesh,Returning,2025-11-28
CUST103333,51,Male,Mysuru,Karnataka,New,2025-10-16
CUST103334,31,Female,Mysuru,Karnataka,Returning,2024-01-19
CUST103335,39,Female,Kochi,Kerala,New,2025-06-05
CUST103336,34,Male,Kanpur,Uttar Pradesh,Returning,2026-02-22
CUST103337,32,Male,Bhubaneswar,Odisha,Returning,2025-11-13
CUST103338,49,Female,Varanasi,Uttar Pradesh,Returning,2025-02-18
CUST103339,30,Female,Jodhpur,Rajasthan,New,2024-12-29
CUST103340,38,Male,Indore,Madhya Pradesh,Returning,2025-06-11
CUST103341,57,Female,Kochi,Kerala,New,2024-03-20
CUST103342,50,Male,Kolkata,West Bengal,Returning,2026-03-06
CUST103343,44,Female,Udaipur,Rajasthan,Returning,2024-07-08
CUST103344,52,Female,Bengaluru,Karnataka,Returning,2024-05-27
CUST103345,33,Female,Surat,Gujarat,Returning,2025-11-05
CUST103346,45,Male,Varanasi,Uttar Pradesh,New,2025-03-18
CUST103347,51,Male,New Delhi,Delhi,Returning,2024-09-21
CUST103348,18,Female,Bengaluru,Karnataka,Returning,2026-05-21
CUST103349,58,Male,New Delhi,Delhi,Returning,2025-10-11
CUST103350,48,Female,Mangaluru,Karnataka,New,2025-05-23
CUST103351,53,Female,Mangaluru,Karnataka,New,2024-10-27
CUST103352,50,Male,Hyderabad,Telangana,Returning,2025-04-10
CUST103353,50,Female,Bhubaneswar,Odisha,Returning,2024-12-30
CUST103354,56,Male,Surat,Gujarat,Returning,2025-02-02
CUST103355,35,Male,Mysuru,Karnataka,Returning,2025-05-07
CUST103356,40,Male,Pune,Maharashtra,Returning,2025-06-25
CUST103357,40,Male,Jabalpur,Madhya Pradesh,New,2026-03-26
CUST103358,32,Female,Madurai,Tamil Nadu,Returning,2025-04-24
CUST103359,43,Female,Patna,Bihar,Returning,2024-06-16
CUST103360,47,Female,Jabalpur,Madhya Pradesh,Returning,2025-08-25
CUST103361,42,Female,Noida,Uttar Pradesh,Returning,2024-03-31
CUST103362,33,Male,New Delhi,Delhi,Returning,2025-12-23
CUST103363,56,Male,Jabalpur,Madhya Pradesh,New,2026-04-21
CUST103364,31,Male,New Delhi,Delhi,New,2024-10-26
CUST103365,34,Female,Amritsar,Punjab,Returning,2024-06-22
CUST103366,29,Male,Jodhpur,Rajasthan,Returning,2025-10-07
CUST103367,46,Male,Madurai,Tamil Nadu,Returning,2025-01-07
CUST103368,49,Male,New Delhi,Delhi,Returning,2024-01-24
CUST103369,41,Female,Mangaluru,Karnataka,New,2024-07-19
CUST103370,30,Male,Indore,Madhya Pradesh,Returning,2025-12-31
CUST103371,37,Female,Mysuru,Karnataka,Returning,2024-01-07
CUST103372,32,Female,Udaipur,Rajasthan,Returning,2024-01-06
CUST103373,21,Female,New Delhi,Delhi,New,2025-09-21
CUST103374,51,Male,Jabalpur,Madhya Pradesh,Returning,2024-06-09
CUST103375,45,Female,Patna,Bihar,Returning,2025-08-19
CUST103376,19,Male,Noida,Uttar Pradesh,Returning,2026-05-27
CUST103377,47,Other,Noida,Uttar Pradesh,New,2024-09-04
CUST103378,43,Female,Mangaluru,Karnataka,New,2024-06-14
CUST103379,43,Male,Nagpur,Maharashtra,Returning,2025-03-03
CUST103380,37,Male,Bhopal,Madhya Pradesh,New,2024-05-24
CUST103381,59,Female,Coimbatore,Tamil Nadu,Returning,2025-05-25
CUST103382,45,Male,Warangal,Telangana,Returning,2025-06-26
CUST103383,37,Female,Mumbai,Maharashtra,Returning,2025-05-23
CUST103384,28,Male,New Delhi,Delhi,New,2024-08-07
CUST103385,27,Female,Nashik,Maharashtra,New,2025-10-06
CUST103386,40,Female,Thiruvananthapuram,Kerala,Returning,2025-07-29
CUST103387,54,Male,Mysuru,Karnataka,Returning,2024-03-16
CUST103388,58,Female,Kolkata,West Bengal,New,2025-10-04
CUST103389,36,Female,Nagpur,Maharashtra,New,2026-04-03
CUST103390,35,Female,Bhopal,Madhya Pradesh,Returning,2024-11-14
CUST103391,44,Female,New Delhi,Delhi,New,2026-05-22
CUST103392,23,Male,Bhubaneswar,Odisha,Returning,2024-02-07
CUST103393,27,Male,Thiruvananthapuram,Kerala,Returning,2025-07-19
CUST103394,19,Male,Coimbatore,Tamil Nadu,Returning,2025-10-03
CUST103395,41,Male,Cuttack,Odisha,Returning,2025-12-30
CUST103396,55,Female,Gurugram,Haryana,Returning,2025-05-28
CUST103397,45,Female,Patna,Bihar,New,2024-09-02
CUST103398,45,Male,Kochi,Kerala,Returning,2024-05-19
CUST103399,56,Male,New Delhi,Delhi,Returning,2026-03-18
CUST103400,19,Female,Kolkata,West Bengal,Returning,2024-09-14
CUST103401,22,Female,Pune,Maharashtra,Returning,2025-09-08
CUST103402,28,Male,Nashik,Maharashtra,Returning,2025-01-15
CUST103403,27,Male,Gurugram,Haryana,New,2026-04-27
CUST103404,60,Male,Madurai,Tamil Nadu,Returning,2025-04-22
CUST103405,19,Female,Noida,Uttar Pradesh,New,2024-07-03
CUST103406,32,Male,Patna,Bihar,New,2024-10-29
CUST103407,56,Female,Thiruvananthapuram,Kerala,New,2025-05-08
CUST103408,58,Female,Gurugram,Haryana,New,2026-01-25
CUST103409,54,Male,Mangaluru,Karnataka,New,2024-06-12
CUST103410,24,Female,Mumbai,Maharashtra,New,2025-10-05
CUST103411,37,Female,Warangal,Telangana,Returning,2024-07-21
CUST103412,51,Other,Nashik,Maharashtra,New,2025-02-11
CUST103413,52,Male,Nagpur,Maharashtra,Returning,2024-07-28
CUST103414,51,Male,Coimbatore,Tamil Nadu,New,2026-05-08
CUST103415,39,Female,Varanasi,Uttar Pradesh,Returning,2024-04-10
CUST103416,48,Female,Kolkata,West Bengal,Returning,2025-03-21
CUST103417,40,Male,New Delhi,Delhi,Returning,2026-06-16
CUST103418,36,Male,Bhopal,Madhya Pradesh,Returning,2026-02-21
CUST103419,21,Male,Bengaluru,Karnataka,Returning,2025-07-14
CUST103420,41,Female,Pune,Maharashtra,Returning,2025-01-02
CUST103421,37,Female,Noida,Uttar Pradesh,New,2024-08-26
CUST103422,56,Other,Jaipur,Rajasthan,Returning,2025-12-27
CUST103423,45,Male,Varanasi,Uttar Pradesh,New,2024-10-17
CUST103424,56,Female,Pune,Maharashtra,New,2025-01-06
CUST103425,34,Female,Gaya,Bihar,New,2026-05-11
CUST103426,36,Male,Jaipur,Rajasthan,Returning,2025-03-06
CUST103427,52,Female,Kolkata,West Bengal,Returning,2024-10-06
CUST103428,49,Female,Jodhpur,Rajasthan,Returning,2025-04-11
CUST103429,56,Female,Thiruvananthapuram,Kerala,Returning,2024-11-11
CUST103430,52,Male,Kolkata,West Bengal,New,2024-03-17
CUST103431,47,Female,Kolkata,West Bengal,Returning,2026-03-26
CUST103432,34,Other,Faridabad,Haryana,Returning,2024-05-30
CUST103433,59,Female,Kanpur,Uttar Pradesh,Returning,2025-01-30
CUST103434,46,Male,Hyderabad,Telangana,Returning,2025-05-10
CUST103435,23,Female,Lucknow,Uttar Pradesh,Returning,2024-10-23
CUST103436,34,Male,Chennai,Tamil Nadu,Returning,2025-10-30
CUST103437,34,Other,Mysuru,Karnataka,New,2025-12-10
CUST103438,31,Male,Udaipur,Rajasthan,New,2026-06-14
CUST103439,41,Male,Cuttack,Odisha,New,2025-02-10
CUST103440,54,Male,Cuttack,Odisha,New,2024-10-13
CUST103441,57,Male,Coimbatore,Tamil Nadu,Returning,2025-05-07
CUST103442,56,Male,Surat,Gujarat,Returning,2025-06-19
CUST103443,49,Other,Bengaluru,Karnataka,Returning,2025-03-31
CUST103444,53,Female,Gurugram,Haryana,Returning,2025-05-06
CUST103445,54,Other,Gurugram,Haryana,Returning,2024-01-09
CUST103446,31,Female,Jabalpur,Madhya Pradesh,New,2024-05-11
CUST103447,44,Female,Patna,Bihar,New,2024-03-17
CUST103448,36,Female,Kanpur,Uttar Pradesh,Returning,2026-01-07
CUST103449,48,Female,Jaipur,Rajasthan,Returning,2024-05-10
CUST103450,26,Male,Mumbai,Maharashtra,Returning,2026-06-06
CUST103451,55,Male,Hyderabad,Telangana,New,2025-02-15
CUST103452,34,Male,Bhopal,Madhya Pradesh,Returning,2024-03-30
CUST103453,36,Male,Bhopal,Madhya Pradesh,Returning,2025-05-12
CUST103454,21,Male,Madurai,Tamil Nadu,Returning,2025-09-20
CUST103455,28,Male,Amritsar,Punjab,Returning,2025-09-13
CUST103456,39,Female,Bengaluru,Karnataka,New,2026-06-07
CUST103457,21,Male,Vadodara,Gujarat,New,2024-12-19
CUST103458,34,Male,Jabalpur,Madhya Pradesh,New,2024-09-27
CUST103459,25,Male,Gwalior,Madhya Pradesh,New,2025-01-26
CUST103460,51,Male,Bhopal,Madhya Pradesh,Returning,2025-03-07
CUST103461,28,Male,New Delhi,Delhi,New,2026-01-08
CUST103462,48,Female,Mangaluru,Karnataka,Returning,2025-04-16
CUST103463,28,Female,Udaipur,Rajasthan,New,2026-01-25
CUST103464,55,Male,Udaipur,Rajasthan,Returning,2024-11-03
CUST103465,38,Male,Mangaluru,Karnataka,Returning,2025-05-22
CUST103466,47,Male,Bhopal,Madhya Pradesh,Returning,2024-02-24
CUST103467,27,Female,Warangal,Telangana,Returning,2024-02-06
CUST103468,43,Female,Gwalior,Madhya Pradesh,New,2026-06-18
CUST103469,44,Male,Gaya,Bihar,Returning,2024-02-24
CUST103470,25,Female,Mysuru,Karnataka,New,2025-06-07
CUST103471,56,Male,Nashik,Maharashtra,New,2025-04-07
CUST103472,25,Female,Noida,Uttar Pradesh,New,2025-11-27
CUST103473,25,Female,Jodhpur,Rajasthan,Returning,2025-04-22
CUST103474,51,Male,Indore,Madhya Pradesh,Returning,2026-01-18
CUST103475,33,Female,Gaya,Bihar,Returning,2026-03-15
CUST103476,58,Male,Lucknow,Uttar Pradesh,Returning,2025-12-16
CUST103477,30,Male,Faridabad,Haryana,New,2024-07-29
CUST103478,40,Female,Surat,Gujarat,Returning,2024-08-13
CUST103479,29,Male,Surat,Gujarat,Returning,2024-01-07
CUST103480,44,Male,Chennai,Tamil Nadu,Returning,2026-01-01
CUST103481,39,Female,Mysuru,Karnataka,Returning,2026-04-02
CUST103482,49,Female,Kolkata,West Bengal,New,2025-06-23
CUST103483,44,Female,New Delhi,Delhi,New,2026-03-15
CUST103484,19,Male,Cuttack,Odisha,Returning,2024-07-30
CUST103485,50,Male,Kolkata,West Bengal,New,2024-07-07
CUST103486,43,Male,Jodhpur,Rajasthan,New,2024-03-15
CUST103487,45,Male,Madurai,Tamil Nadu,Returning,2026-01-23
CUST103488,36,Male,Nashik,Maharashtra,Returning,2024-04-23
CUST103489,60,Male,Nagpur,Maharashtra,Returning,2025-11-09
CUST103490,22,Male,Hyderabad,Telangana,Returning,2025-09-09
CUST103491,50,Female,Pune,Maharashtra,Returning,2024-05-30
CUST103492,37,Male,Udaipur,Rajasthan,New,2025-03-11
CUST103493,47,Male,Thiruvananthapuram,Kerala,Returning,2026-05-27
CUST103494,25,Male,Kochi,Kerala,Returning,2024-03-24
CUST103495,55,Male,Indore,Madhya Pradesh,New,2024-07-30
CUST103496,34,Female,Bengaluru,Karnataka,New,2026-02-17
CUST103497,18,Male,Thiruvananthapuram,Kerala,Returning,2026-04-13
CUST103498,20,Female,Kochi,Kerala,Returning,2026-02-19
CUST103499,43,Male,Mangaluru,Karnataka,New,2025-04-05
CUST103500,48,Male,Varanasi,Uttar Pradesh,Returning,2024-06-25
CUST103501,25,Male,New Delhi,Delhi,Returning,2026-02-21
CUST103502,60,Male,Varanasi,Uttar Pradesh,Returning,2024-11-07
CUST103503,25,Male,Faridabad,Haryana,Returning,2025-11-24
CUST103504,52,Female,Mumbai,Maharashtra,Returning,2024-06-07
CUST103505,56,Other,Cuttack,Odisha,Returning,2025-12-01
CUST103506,45,Male,Jaipur,Rajasthan,Returning,2024-07-04
CUST103507,21,Male,Gurugram,Haryana,New,2025-04-15
CUST103508,33,Female,Surat,Gujarat,New,2024-11-04
CUST103509,30,Male,Thiruvananthapuram,Kerala,Returning,2024-09-02
CUST103510,37,Female,Nashik,Maharashtra,Returning,2026-04-08
CUST103511,22,Male,Coimbatore,Tamil Nadu,Returning,2025-01-18
CUST103512,54,Female,Nagpur,Maharashtra,Returning,2024-02-11
CUST103513,37,Male,Gurugram,Haryana,New,2024-10-11
CUST103514,41,Male,Patna,Bihar,New,2024-10-26
CUST103515,53,Female,Thiruvananthapuram,Kerala,Returning,2025-03-11
CUST103516,51,Male,Ludhiana,Punjab,Returning,2025-01-03
CUST103517,51,Male,Nashik,Maharashtra,Returning,2026-05-23
CUST103518,36,Female,Coimbatore,Tamil Nadu,Returning,2025-04-30
CUST103519,34,Male,Nagpur,Maharashtra,Returning,2025-03-11
CUST103520,22,Female,Mangaluru,Karnataka,New,2026-03-16
CUST103521,42,Female,Bengaluru,Karnataka,Returning,2025-03-03
CUST103522,35,Female,Ahmedabad,Gujarat,Returning,2024-06-29
CUST103523,25,Male,New Delhi,Delhi,Returning,2026-06-01
CUST103524,44,Female,Nagpur,Maharashtra,New,2026-06-16
CUST103525,32,Male,Bengaluru,Karnataka,Returning,2026-05-26
CUST103526,30,Male,Mangaluru,Karnataka,Returning,2025-11-24
CUST103527,33,Female,Gurugram,Haryana,New,2024-12-05
CUST103528,39,Male,Noida,Uttar Pradesh,Returning,2025-05-05
CUST103529,37,Female,Gurugram,Haryana,Returning,2025-05-09
CUST103530,30,Male,Hyderabad,Telangana,New,2025-12-30
CUST103531,37,Female,New Delhi,Delhi,Returning,2024-06-11
CUST103532,19,Female,Lucknow,Uttar Pradesh,Returning,2025-07-11
CUST103533,52,Male,Coimbatore,Tamil Nadu,Returning,2025-03-31
CUST103534,36,Male,New Delhi,Delhi,Returning,2024-04-01
CUST103535,54,Female,Mysuru,Karnataka,Returning,2024-04-14
CUST103536,23,Male,Pune,Maharashtra,New,2025-12-19
CUST103537,31,Female,New Delhi,Delhi,New,2025-03-14
CUST103538,21,Male,Chennai,Tamil Nadu,New,2025-05-12
CUST103539,39,Male,Indore,Madhya Pradesh,Returning,2024-11-23
CUST103540,56,Female,Mumbai,Maharashtra,Returning,2025-10-12
CUST103541,53,Female,Mysuru,Karnataka,New,2025-06-24
CUST103542,51,Female,Gaya,Bihar,Returning,2025-05-23
CUST103543,44,Female,Nagpur,Maharashtra,Returning,2024-09-07
CUST103544,24,Female,Coimbatore,Tamil Nadu,New,2024-07-09
CUST103545,20,Male,Kochi,Kerala,Returning,2024-02-16
CUST103546,50,Other,Bengaluru,Karnataka,Returning,2026-05-28
CUST103547,19,Female,Pune,Maharashtra,Returning,2024-09-07
CUST103548,59,Male,Ahmedabad,Gujarat,New,2026-02-13
CUST103549,33,Male,New Delhi,Delhi,Returning,2026-06-03
CUST103550,42,Male,Kolkata,West Bengal,Returning,2024-03-04
CUST103551,32,Male,Varanasi,Uttar Pradesh,Returning,2026-04-29
CUST103552,41,Male,Mumbai,Maharashtra,Returning,2024-11-15
CUST103553,32,Male,Kolkata,West Bengal,Returning,2026-05-09
CUST103554,48,Female,Ahmedabad,Gujarat,New,2026-02-18
CUST103555,31,Female,Mumbai,Maharashtra,Returning,2025-06-07
CUST103556,31,Female,Udaipur,Rajasthan,New,2024-10-18
CUST103557,23,Female,New Delhi,Delhi,New,2024-01-29
CUST103558,31,Male,Ahmedabad,Gujarat,Returning,2025-10-12
CUST103559,34,Female,Nagpur,Maharashtra,New,2025-03-12
CUST103560,35,Male,Warangal,Telangana,Returning,2025-08-19
CUST103561,37,Female,New Delhi,Delhi,New,2025-08-08
CUST103562,34,Male,Gaya,Bihar,New,2026-02-01
CUST103563,33,Male,Nashik,Maharashtra,Returning,2026-01-05
CUST103564,57,Female,Hyderabad,Telangana,Returning,2024-02-16
CUST103565,56,Female,Warangal,Telangana,New,2025-02-20
CUST103566,49,Male,Kanpur,Uttar Pradesh,Returning,2025-08-15
CUST103567,26,Female,Kolkata,West Bengal,New,2025-03-26
CUST103568,44,Female,Indore,Madhya Pradesh,Returning,2025-09-24
CUST103569,50,Female,Varanasi,Uttar Pradesh,Returning,2025-07-08
CUST103570,27,Male,Kochi,Kerala,New,2025-10-19
CUST103571,34,Male,New Delhi,Delhi,Returning,2024-03-14
CUST103572,53,Male,Ahmedabad,Gujarat,New,2024-02-22
CUST103573,34,Male,Patna,Bihar,New,2024-08-20
CUST103574,35,Male,Gurugram,Haryana,Returning,2026-03-17
CUST103575,40,Male,Thiruvananthapuram,Kerala,Returning,2026-05-24
CUST103576,51,Male,Chennai,Tamil Nadu,Returning,2024-07-18
CUST103577,25,Female,Mysuru,Karnataka,Returning,2025-11-04
CUST103578,30,Female,Ahmedabad,Gujarat,Returning,2025-07-02
CUST103579,40,Male,Lucknow,Uttar Pradesh,Returning,2024-04-06
CUST103580,37,Male,Vadodara,Gujarat,Returning,2024-02-18
CUST103581,39,Female,Vadodara,Gujarat,Returning,2026-06-14
CUST103582,40,Female,Patna,Bihar,Returning,2025-06-05
CUST103583,58,Male,Chennai,Tamil Nadu,Returning,2024-02-09
CUST103584,52,Male,Kochi,Kerala,Returning,2024-06-01
CUST103585,20,Female,Hyderabad,Telangana,New,2024-04-15
CUST103586,51,Male,Coimbatore,Tamil Nadu,Returning,2025-07-06
CUST103587,50,Male,Warangal,Telangana,New,2025-11-06
CUST103588,34,Male,Varanasi,Uttar Pradesh,Returning,2026-02-08
CUST103589,36,Female,Mumbai,Maharashtra,Returning,2024-07-29
CUST103590,47,Female,Mangaluru,Karnataka,Returning,2024-07-20
CUST103591,40,Female,Ludhiana,Punjab,Returning,2025-03-08
CUST103592,32,Female,Mangaluru,Karnataka,Returning,2025-12-07
CUST103593,31,Male,Kolkata,West Bengal,Returning,2025-07-18
CUST103594,19,Female,Kolkata,West Bengal,Returning,2024-05-26
CUST103595,56,Other,Ahmedabad,Gujarat,Returning,2025-05-13
CUST103596,35,Female,Jabalpur,Madhya Pradesh,Returning,2024-10-08
CUST103597,23,Female,Bengaluru,Karnataka,New,2024-11-05
CUST103598,49,Male,Kolkata,West Bengal,New,2026-01-24
CUST103599,38,Male,Coimbatore,Tamil Nadu,Returning,2024-02-20
CUST103600,57,Female,Jabalpur,Madhya Pradesh,Returning,2025-05-09
CUST103601,45,Male,Pune,Maharashtra,Returning,2025-02-12
CUST103602,44,Male,Kolkata,West Bengal,New,2025-09-17
CUST103603,19,Male,Mangaluru,Karnataka,Returning,2024-09-29
CUST103604,50,Male,New Delhi,Delhi,Returning,2025-04-02
CUST103605,33,Female,Bengaluru,Karnataka,New,2024-04-29
CUST103606,56,Male,Bengaluru,Karnataka,Returning,2025-12-01
CUST103607,39,Male,Patna,Bihar,Returning,2024-02-15
CUST103608,60,Female,New Delhi,Delhi,Returning,2024-08-30
CUST103609,30,Female,Bhubaneswar,Odisha,New,2024-11-06
CUST103610,19,Male,Gurugram,Haryana,New,2025-07-15
CUST103611,31,Female,Kolkata,West Bengal,New,2024-11-26
CUST103612,55,Female,Nashik,Maharashtra,Returning,2024-01-11
CUST103613,58,Other,Coimbatore,Tamil Nadu,New,2025-02-27
CUST103614,45,Female,Lucknow,Uttar Pradesh,Returning,2024-02-17
CUST103615,24,Female,Madurai,Tamil Nadu,New,2025-01-11
CUST103616,35,Male,Pune,Maharashtra,Returning,2025-07-21
CUST103617,58,Male,Kolkata,West Bengal,Returning,2024-01-08
CUST103618,53,Male,Kochi,Kerala,New,2025-06-09
CUST103619,58,Male,Noida,Uttar Pradesh,Returning,2025-12-27
CUST103620,53,Male,Bengaluru,Karnataka,Returning,2025-01-04
CUST103621,21,Male,Bhopal,Madhya Pradesh,Returning,2025-03-15
CUST103622,47,Female,Mysuru,Karnataka,Returning,2026-01-26
CUST103623,41,Female,Bengaluru,Karnataka,Returning,2025-07-19
CUST103624,37,Male,Kochi,Kerala,New,2025-04-28
CUST103625,48,Male,New Delhi,Delhi,Returning,2024-09-29
CUST103626,41,Male,New Delhi,Delhi,New,2024-05-10
CUST103627,24,Male,Nashik,Maharashtra,Returning,2025-06-04
CUST103628,43,Male,Thiruvananthapuram,Kerala,New,2025-12-24
CUST103629,30,Male,Varanasi,Uttar Pradesh,New,2025-09-25
CUST103630,25,Female,Jaipur,Rajasthan,Returning,2024-04-23
CUST103631,22,Male,Varanasi,Uttar Pradesh,Returning,2025-06-15
CUST103632,30,Male,Mysuru,Karnataka,Returning,2025-05-13
CUST103633,46,Male,Warangal,Telangana,New,2024-12-04
CUST103634,37,Female,Coimbatore,Tamil Nadu,Returning,2024-01-21
CUST103635,31,Male,Nashik,Maharashtra,Returning,2025-12-20
CUST103636,49,Female,Vadodara,Gujarat,New,2024-02-02
CUST103637,44,Female,Cuttack,Odisha,Returning,2024-05-12
CUST103638,42,Male,Pune,Maharashtra,Returning,2025-12-03
CUST103639,21,Male,New Delhi,Delhi,New,2024-01-26
CUST103640,38,Female,Mysuru,Karnataka,Returning,2024-12-29
CUST103641,35,Male,Bengaluru,Karnataka,Returning,2025-08-23
CUST103642,56,Female,Bhubaneswar,Odisha,Returning,2024-04-01
CUST103643,32,Female,Vadodara,Gujarat,New,2025-06-28
CUST103644,55,Female,Surat,Gujarat,Returning,2024-08-25
CUST103645,41,Male,Noida,Uttar Pradesh,New,2024-01-18
CUST103646,25,Male,Mysuru,Karnataka,Returning,2024-09-30
CUST103647,45,Male,Vadodara,Gujarat,New,2024-10-15
CUST103648,38,Male,Warangal,Telangana,Returning,2024-01-27
CUST103649,33,Female,Jaipur,Rajasthan,Returning,2026-03-27
CUST103650,33,Female,Gurugram,Haryana,New,2025-03-09
CUST103651,52,Male,Lucknow,Uttar Pradesh,Returning,2024-04-17
CUST103652,34,Female,Chennai,Tamil Nadu,Returning,2026-01-07
CUST103653,26,Male,Patna,Bihar,New,2024-11-19
CUST103654,52,Male,Bengaluru,Karnataka,Returning,2026-05-16
CUST103655,46,Male,Nashik,Maharashtra,Returning,2025-06-14
CUST103656,56,Female,Mysuru,Karnataka,New,2026-01-04
CUST103657,35,Male,Madurai,Tamil Nadu,Returning,2026-03-03
CUST103658,29,Male,Ahmedabad,Gujarat,Returning,2024-04-13
CUST103659,36,Female,Udaipur,Rajasthan,New,2026-04-23
CUST103660,39,Male,Cuttack,Odisha,Returning,2024-11-27
CUST103661,32,Female,Surat,Gujarat,New,2024-12-27
CUST103662,18,Female,Ahmedabad,Gujarat,Returning,2024-10-15
CUST103663,19,Female,Pune,Maharashtra,Returning,2025-03-19
CUST103664,25,Female,Nagpur,Maharashtra,New,2024-02-06
CUST103665,39,Male,Kolkata,West Bengal,Returning,2024-12-13
CUST103666,42,Female,Hyderabad,Telangana,Returning,2026-06-10
CUST103667,19,Female,Gaya,Bihar,Returning,2026-01-25
CUST103668,26,Female,Mysuru,Karnataka,Returning,2024-02-12
CUST103669,26,Female,Nashik,Maharashtra,Returning,2024-05-05
CUST103670,30,Female,Hyderabad,Telangana,Returning,2024-01-09
CUST103671,23,Female,Bengaluru,Karnataka,Returning,2025-06-09
CUST103672,47,Male,Mumbai,Maharashtra,New,2024-05-10
CUST103673,32,Male,Lucknow,Uttar Pradesh,New,2024-11-20
CUST103674,32,Male,Nashik,Maharashtra,Returning,2024-07-02
CUST103675,24,Male,Jodhpur,Rajasthan,Returning,2024-10-08
CUST103676,28,Female,New Delhi,Delhi,Returning,2026-06-13
CUST103677,57,Male,Bengaluru,Karnataka,New,2024-02-22
CUST103678,55,Male,Madurai,Tamil Nadu,Returning,2025-07-06
CUST103679,57,Female,Kanpur,Uttar Pradesh,Returning,2026-04-29
CUST103680,19,Male,Chennai,Tamil Nadu,New,2026-05-19
CUST103681,56,Female,Kanpur,Uttar Pradesh,New,2025-06-16
CUST103682,27,Female,Mumbai,Maharashtra,Returning,2025-01-11
CUST103683,34,Male,Lucknow,Uttar Pradesh,Returning,2024-10-21
CUST103684,24,Female,Mysuru,Karnataka,New,2024-07-26
CUST103685,57,Female,Indore,Madhya Pradesh,Returning,2025-10-24
CUST103686,56,Female,Kolkata,West Bengal,Returning,2025-04-21
CUST103687,21,Female,Cuttack,Odisha,Returning,2024-03-09
CUST103688,52,Female,Madurai,Tamil Nadu,Returning,2026-04-22
CUST103689,53,Male,Nashik,Maharashtra,Returning,2026-04-09
CUST103690,48,Male,Pune,Maharashtra,Returning,2025-03-12
CUST103691,42,Male,Gaya,Bihar,New,2024-10-27
CUST103692,58,Female,Vadodara,Gujarat,New,2024-01-27
CUST103693,30,Other,Lucknow,Uttar Pradesh,New,2025-09-19
CUST103694,35,Male,Mangaluru,Karnataka,New,2025-10-15
CUST103695,38,Female,Madurai,Tamil Nadu,New,2025-07-06
CUST103696,18,Male,Mumbai,Maharashtra,Returning,2024-04-15
CUST103697,53,Male,Gurugram,Haryana,New,2025-08-08
CUST103698,25,Male,Indore,Madhya Pradesh,New,2025-07-25
CUST103699,38,Female,Amritsar,Punjab,Returning,2026-03-20
CUST103700,60,Female,New Delhi,Delhi,New,2025-09-25
CUST103701,38,Male,Jaipur,Rajasthan,Returning,2025-12-15
CUST103702,44,Male,Indore,Madhya Pradesh,New,2024-01-11
CUST103703,36,Male,New Delhi,Delhi,Returning,2025-10-20
CUST103704,40,Male,Kochi,Kerala,Returning,2024-08-03
CUST103705,60,Male,Amritsar,Punjab,Returning,2026-06-04
CUST103706,52,Female,Kochi,Kerala,Returning,2024-11-16
CUST103707,57,Male,Noida,Uttar Pradesh,Returning,2025-04-04
CUST103708,59,Female,New Delhi,Delhi,New,2026-03-25
CUST103709,22,Male,New Delhi,Delhi,Returning,2025-06-09
CUST103710,58,Male,Faridabad,Haryana,Returning,2025-08-01
CUST103711,25,Female,Nagpur,Maharashtra,Returning,2025-11-22
CUST103712,28,Male,Lucknow,Uttar Pradesh,New,2026-05-26
CUST103713,33,Female,Kanpur,Uttar Pradesh,Returning,2026-01-23
CUST103714,56,Female,Jaipur,Rajasthan,Returning,2024-06-08
CUST103715,41,Female,Faridabad,Haryana,Returning,2025-04-08
CUST103716,38,Female,New Delhi,Delhi,Returning,2025-06-05
CUST103717,40,Female,Chennai,Tamil Nadu,New,2025-09-27
CUST103718,55,Female,Mumbai,Maharashtra,New,2024-09-29
CUST103719,25,Male,Warangal,Telangana,Returning,2024-08-28
CUST103720,24,Male,New Delhi,Delhi,New,2025-10-16
CUST103721,19,Male,Coimbatore,Tamil Nadu,New,2026-05-14
CUST103722,47,Female,Gaya,Bihar,New,2024-06-15
CUST103723,30,Male,Ludhiana,Punjab,New,2025-07-22
CUST103724,40,Male,Mangaluru,Karnataka,Returning,2025-10-11
CUST103725,46,Female,Chennai,Tamil Nadu,New,2024-11-22
CUST103726,55,Male,Cuttack,Odisha,Returning,2026-05-14
CUST103727,54,Female,Nagpur,Maharashtra,Returning,2025-06-12
CUST103728,37,Male,Nashik,Maharashtra,Returning,2026-04-23
CUST103729,50,Female,Mysuru,Karnataka,New,2024-09-29
CUST103730,46,Female,Udaipur,Rajasthan,Returning,2026-05-28
CUST103731,32,Male,Mangaluru,Karnataka,Returning,2025-01-10
CUST103732,40,Female,Faridabad,Haryana,Returning,2025-01-09
CUST103733,59,Female,Warangal,Telangana,Returning,2024-11-29
CUST103734,20,Male,Surat,Gujarat,Returning,2024-01-03
CUST103735,54,Male,New Delhi,Delhi,Returning,2024-08-30
CUST103736,46,Male,Surat,Gujarat,New,2025-09-11
CUST103737,25,Female,Bhopal,Madhya Pradesh,New,2024-02-20
CUST103738,39,Female,Noida,Uttar Pradesh,Returning,2026-05-31
CUST103739,46,Male,Noida,Uttar Pradesh,New,2024-12-15
CUST103740,19,Female,Kolkata,West Bengal,New,2024-06-22
CUST103741,58,Female,Cuttack,Odisha,Returning,2024-04-25
CUST103742,18,Male,Gaya,Bihar,New,2025-11-25
CUST103743,37,Female,Noida,Uttar Pradesh,Returning,2024-12-26
CUST103744,38,Female,Nashik,Maharashtra,Returning,2024-12-20
CUST103745,54,Female,Nashik,Maharashtra,New,2025-10-27
CUST103746,25,Female,Bengaluru,Karnataka,New,2026-01-28
CUST103747,44,Female,Indore,Madhya Pradesh,New,2024-03-16
CUST103748,52,Female,Warangal,Telangana,New,2026-01-25
CUST103749,23,Female,Warangal,Telangana,New,2024-03-21
CUST103750,36,Male,Thiruvananthapuram,Kerala,New,2024-08-16
CUST103751,35,Male,Bhubaneswar,Odisha,Returning,2024-03-12
CUST103752,18,Female,Bhubaneswar,Odisha,New,2025-02-06
CUST103753,42,Male,New Delhi,Delhi,Returning,2024-08-05
CUST103754,44,Female,Indore,Madhya Pradesh,Returning,2025-03-27
CUST103755,24,Female,New Delhi,Delhi,Returning,2026-01-24
CUST103756,59,Female,Mysuru,Karnataka,Returning,2025-01-01
CUST103757,46,Male,Mysuru,Karnataka,New,2026-04-05
CUST103758,48,Male,Chennai,Tamil Nadu,Returning,2025-08-12
CUST103759,60,Male,Warangal,Telangana,New,2025-10-31
CUST103760,53,Female,Patna,Bihar,New,2025-07-13
CUST103761,36,Female,Nagpur,Maharashtra,Returning,2024-11-07
CUST103762,23,Male,Noida,Uttar Pradesh,New,2024-10-24
CUST103763,42,Female,Vadodara,Gujarat,New,2024-01-24
CUST103764,48,Male,New Delhi,Delhi,Returning,2024-04-19
CUST103765,26,Male,Vadodara,Gujarat,Returning,2024-02-21
CUST103766,37,Male,New Delhi,Delhi,New,2024-10-16
CUST103767,27,Male,Jaipur,Rajasthan,New,2025-03-19
CUST103768,54,Male,Hyderabad,Telangana,Returning,2025-04-11
CUST103769,44,Male,Bengaluru,Karnataka,Returning,2024-09-15
CUST103770,30,Male,Pune,Maharashtra,New,2024-11-19
CUST103771,58,Female,Kolkata,West Bengal,Returning,2025-10-12
CUST103772,19,Male,Bhubaneswar,Odisha,Returning,2026-03-28
CUST103773,38,Female,Coimbatore,Tamil Nadu,New,2024-12-03
CUST103774,50,Female,Noida,Uttar Pradesh,Returning,2026-02-25
CUST103775,41,Female,Bhopal,Madhya Pradesh,Returning,2025-07-09
CUST103776,59,Female,Amritsar,Punjab,New,2025-02-25
CUST103777,51,Male,Gaya,Bihar,Returning,2024-09-15
CUST103778,26,Male,Kolkata,West Bengal,New,2025-09-16
CUST103779,19,Female,Indore,Madhya Pradesh,Returning,2026-01-08
CUST103780,47,Female,Cuttack,Odisha,Returning,2024-03-05
CUST103781,39,Male,Madurai,Tamil Nadu,New,2024-06-11
CUST103782,28,Male,Madurai,Tamil Nadu,Returning,2024-06-12
CUST103783,60,Male,Pune,Maharashtra,Returning,2025-11-08
CUST103784,34,Female,Patna,Bihar,New,2024-02-08
CUST103785,53,Male,Varanasi,Uttar Pradesh,New,2025-10-26
CUST103786,30,Male,Mumbai,Maharashtra,New,2024-11-15
CUST103787,24,Female,Kolkata,West Bengal,Returning,2024-12-25
CUST103788,33,Female,Ahmedabad,Gujarat,Returning,2024-09-25
CUST103789,50,Female,Pune,Maharashtra,Returning,2024-11-19
CUST103790,18,Female,Faridabad,Haryana,Returning,2024-11-21
CUST103791,28,Other,Mysuru,Karnataka,Returning,2025-08-09
CUST103792,23,Female,Nagpur,Maharashtra,New,2024-09-13
CUST103793,37,Female,Jodhpur,Rajasthan,New,2024-07-18
CUST103794,52,Female,Lucknow,Uttar Pradesh,Returning,2025-03-13
CUST103795,54,Female,Nagpur,Maharashtra,Returning,2025-09-01
CUST103796,58,Male,Indore,Madhya Pradesh,Returning,2024-04-13
CUST103797,43,Female,Vadodara,Gujarat,Returning,2025-01-06
CUST103798,29,Male,Mumbai,Maharashtra,Returning,2024-06-12
CUST103799,47,Female,Mysuru,Karnataka,Returning,2024-04-22
CUST103800,45,Male,Kolkata,West Bengal,New,2025-09-06
CUST103801,44,Male,New Delhi,Delhi,Returning,2025-07-02
CUST103802,59,Male,Ludhiana,Punjab,Returning,2024-04-15
CUST103803,36,Male,Patna,Bihar,Returning,2025-11-29
CUST103804,22,Male,Gurugram,Haryana,Returning,2024-12-29
CUST103805,22,Female,New Delhi,Delhi,Returning,2024-01-21
CUST103806,58,Male,Faridabad,Haryana,Returning,2025-10-21
CUST103807,44,Male,Warangal,Telangana,New,2024-05-08
CUST103808,45,Male,Chennai,Tamil Nadu,Returning,2025-04-27
CUST103809,43,Female,Nashik,Maharashtra,Returning,2025-11-29
CUST103810,44,Female,Nagpur,Maharashtra,New,2026-03-06
CUST103811,59,Male,Gwalior,Madhya Pradesh,New,2024-07-17
CUST103812,38,Female,Hyderabad,Telangana,Returning,2026-01-16
CUST103813,18,Female,Mysuru,Karnataka,New,2025-09-11
CUST103814,45,Female,Udaipur,Rajasthan,Returning,2025-06-04
CUST103815,32,Male,New Delhi,Delhi,Returning,2025-02-23
CUST103816,34,Other,Kolkata,West Bengal,New,2024-08-13
CUST103817,43,Male,Chennai,Tamil Nadu,Returning,2024-07-27
CUST103818,37,Female,Patna,Bihar,Returning,2024-09-01
CUST103819,42,Female,Patna,Bihar,Returning,2024-10-14
CUST103820,30,Female,Surat,Gujarat,Returning,2024-03-06
CUST103821,50,Male,Coimbatore,Tamil Nadu,Returning,2026-05-17
CUST103822,42,Male,Chennai,Tamil Nadu,New,2024-06-01
CUST103823,25,Female,Gaya,Bihar,New,2025-05-05
CUST103824,22,Male,Madurai,Tamil Nadu,New,2025-03-10
CUST103825,23,Male,Mangaluru,Karnataka,Returning,2025-12-03
CUST103826,40,Female,Mumbai,Maharashtra,Returning,2024-08-05
CUST103827,47,Female,Ahmedabad,Gujarat,Returning,2025-03-04
CUST103828,31,Other,Surat,Gujarat,Returning,2025-05-16
CUST103829,40,Female,Gaya,Bihar,New,2025-10-27
CUST103830,28,Male,Bengaluru,Karnataka,New,2026-02-27
CUST103831,48,Female,Chennai,Tamil Nadu,Returning,2025-08-16
CUST103832,23,Male,Patna,Bihar,Returning,2024-08-08
CUST103833,28,Male,Patna,Bihar,Returning,2025-03-10
CUST103834,30,Male,Chennai,Tamil Nadu,New,2024-10-06
CUST103835,29,Male,Hyderabad,Telangana,Returning,2025-09-14
CUST103836,19,Male,New Delhi,Delhi,Returning,2024-04-01
CUST103837,52,Male,Ludhiana,Punjab,Returning,2025-06-07
CUST103838,53,Female,Nashik,Maharashtra,New,2024-05-18
CUST103839,34,Female,Amritsar,Punjab,Returning,2025-10-28
CUST103840,45,Male,Bhopal,Madhya Pradesh,Returning,2024-01-23
CUST103841,45,Male,Vadodara,Gujarat,Returning,2025-02-20
CUST103842,39,Female,Mumbai,Maharashtra,New,2026-01-01
CUST103843,55,Female,Surat,Gujarat,New,2024-12-13
CUST103844,24,Male,Warangal,Telangana,Returning,2024-08-24
CUST103845,32,Female,Mysuru,Karnataka,New,2026-02-03
CUST103846,49,Male,Gwalior,Madhya Pradesh,Returning,2024-07-01
CUST103847,28,Male,Faridabad,Haryana,New,2025-05-22
CUST103848,41,Male,Kolkata,West Bengal,New,2024-07-16
CUST103849,20,Female,Varanasi,Uttar Pradesh,Returning,2025-11-12
CUST103850,47,Female,Mumbai,Maharashtra,Returning,2024-05-02
CUST103851,23,Female,Hyderabad,Telangana,Returning,2025-06-29
CUST103852,19,Female,Mumbai,Maharashtra,Returning,2025-01-15
CUST103853,31,Male,Jaipur,Rajasthan,New,2026-04-04
CUST103854,58,Male,Amritsar,Punjab,Returning,2025-05-29
CUST103855,35,Female,Jabalpur,Madhya Pradesh,New,2024-01-06
CUST103856,48,Female,Nashik,Maharashtra,Returning,2024-10-30
CUST103857,30,Female,Madurai,Tamil Nadu,New,2025-09-05
CUST103858,43,Other,Kolkata,West Bengal,New,2024-07-10
CUST103859,29,Female,Warangal,Telangana,New,2025-01-10
CUST103860,35,Male,Gaya,Bihar,New,2025-06-08
CUST103861,26,Male,Patna,Bihar,Returning,2024-02-05
CUST103862,38,Male,Jodhpur,Rajasthan,Returning,2024-03-10
CUST103863,57,Male,Coimbatore,Tamil Nadu,Returning,2024-10-15
CUST103864,60,Female,New Delhi,Delhi,Returning,2024-04-14
CUST103865,41,Male,Pune,Maharashtra,New,2025-12-16
CUST103866,51,Female,Chennai,Tamil Nadu,New,2024-11-08
CUST103867,25,Male,Hyderabad,Telangana,New,2024-02-24
CUST103868,50,Female,Gwalior,Madhya Pradesh,New,2024-04-16
CUST103869,40,Male,Jabalpur,Madhya Pradesh,Returning,2025-10-14
CUST103870,30,Female,Pune,Maharashtra,Returning,2026-01-06
CUST103871,31,Male,Madurai,Tamil Nadu,Returning,2024-11-02
CUST103872,31,Female,Bengaluru,Karnataka,New,2026-05-09
CUST103873,33,Male,Bengaluru,Karnataka,New,2026-03-31
CUST103874,55,Male,Patna,Bihar,New,2024-02-05
CUST103875,56,Female,Mumbai,Maharashtra,New,2024-05-12
CUST103876,43,Male,Warangal,Telangana,Returning,2026-06-05
CUST103877,43,Male,Mangaluru,Karnataka,New,2024-01-25
CUST103878,18,Female,Thiruvananthapuram,Kerala,Returning,2026-04-28
CUST103879,49,Male,Kolkata,West Bengal,Returning,2024-02-06
CUST103880,32,Male,Mysuru,Karnataka,New,2024-01-19
CUST103881,38,Male,Ahmedabad,Gujarat,Returning,2024-02-04
CUST103882,35,Female,Noida,Uttar Pradesh,Returning,2024-12-28
CUST103883,47,Male,Ludhiana,Punjab,New,2025-02-21
CUST103884,30,Male,Mysuru,Karnataka,Returning,2026-04-01
CUST103885,41,Female,Thiruvananthapuram,Kerala,New,2025-03-05
CUST103886,47,Male,Amritsar,Punjab,New,2025-06-01
CUST103887,19,Female,Cuttack,Odisha,Returning,2025-04-11
CUST103888,36,Female,Udaipur,Rajasthan,Returning,2026-06-15
CUST103889,42,Male,Udaipur,Rajasthan,New,2024-07-17
CUST103890,31,Male,Hyderabad,Telangana,New,2025-06-29
CUST103891,23,Male,Kanpur,Uttar Pradesh,Returning,2025-07-21
CUST103892,29,Female,Ahmedabad,Gujarat,New,2026-02-06
CUST103893,37,Female,Jabalpur,Madhya Pradesh,New,2024-07-29
CUST103894,40,Female,Warangal,Telangana,Returning,2025-08-31
CUST103895,47,Male,Varanasi,Uttar Pradesh,Returning,2026-03-04
CUST103896,47,Male,Gaya,Bihar,New,2025-05-15
CUST103897,55,Male,Nagpur,Maharashtra,Returning,2024-08-28
CUST103898,47,Female,Patna,Bihar,Returning,2024-06-18
CUST103899,58,Male,Kolkata,West Bengal,Returning,2026-05-08
CUST103900,47,Male,Kochi,Kerala,Returning,2024-10-20
CUST103901,53,Male,Warangal,Telangana,Returning,2026-01-08
CUST103902,51,Female,Madurai,Tamil Nadu,New,2024-11-10
CUST103903,33,Male,Cuttack,Odisha,New,2024-05-06
CUST103904,41,Female,New Delhi,Delhi,Returning,2025-04-12
CUST103905,31,Female,Kochi,Kerala,Returning,2026-03-02
CUST103906,43,Female,Ahmedabad,Gujarat,Returning,2025-01-01
CUST103907,25,Female,Surat,Gujarat,Returning,2024-01-21
CUST103908,31,Female,New Delhi,Delhi,Returning,2024-11-11
CUST103909,48,Female,Kolkata,West Bengal,Returning,2026-01-27
CUST103910,19,Female,Madurai,Tamil Nadu,Returning,2024-03-30
CUST103911,21,Male,Mumbai,Maharashtra,Returning,2025-02-07
CUST103912,18,Female,New Delhi,Delhi,New,2025-06-01
CUST103913,37,Male,Pune,Maharashtra,Returning,2025-03-26
CUST103914,31,Female,Faridabad,Haryana,Returning,2026-02-16
CUST103915,57,Male,Gurugram,Haryana,Returning,2025-08-31
CUST103916,42,Male,Chennai,Tamil Nadu,Returning,2024-05-29
CUST103917,42,Female,Varanasi,Uttar Pradesh,New,2025-03-21
CUST103918,20,Male,Madurai,Tamil Nadu,Returning,2024-03-20
CUST103919,22,Female,Gwalior,Madhya Pradesh,Returning,2024-01-17
CUST103920,55,Male,Patna,Bihar,Returning,2024-05-17
CUST103921,43,Male,Ludhiana,Punjab,Returning,2025-10-13
CUST103922,57,Female,Madurai,Tamil Nadu,New,2026-04-30
CUST103923,55,Female,Noida,Uttar Pradesh,Returning,2025-05-22
CUST103924,55,Female,New Delhi,Delhi,Returning,2025-07-05
CUST103925,21,Female,Gurugram,Haryana,Returning,2025-11-10
CUST103926,24,Male,Nashik,Maharashtra,Returning,2024-03-14
CUST103927,47,Female,Jodhpur,Rajasthan,Returning,2024-03-14
CUST103928,47,Female,Gwalior,Madhya Pradesh,New,2024-02-19
CUST103929,36,Female,Gwalior,Madhya Pradesh,Returning,2024-01-10
CUST103930,56,Female,Pune,Maharashtra,New,2024-04-12
CUST103931,52,Female,Ludhiana,Punjab,Returning,2026-05-11
CUST103932,57,Male,Mysuru,Karnataka,New,2025-01-22
CUST103933,50,Female,Jodhpur,Rajasthan,New,2025-01-19
CUST103934,50,Male,Bengaluru,Karnataka,Returning,2024-10-25
CUST103935,31,Female,New Delhi,Delhi,Returning,2024-12-04
CUST103936,55,Female,Kolkata,West Bengal,Returning,2025-01-23
CUST103937,27,Male,Warangal,Telangana,Returning,2025-04-18
CUST103938,45,Female,Mangaluru,Karnataka,Returning,2025-09-07
CUST103939,31,Female,Bengaluru,Karnataka,Returning,2026-03-12
CUST103940,53,Male,Hyderabad,Telangana,Returning,2026-03-02
CUST103941,55,Male,Lucknow,Uttar Pradesh,Returning,2024-05-21
CUST103942,33,Female,Cuttack,Odisha,Returning,2026-03-19
CUST103943,38,Male,Nashik,Maharashtra,Returning,2024-06-18
CUST103944,45,Male,Chennai,Tamil Nadu,Returning,2024-01-13
CUST103945,50,Female,Mumbai,Maharashtra,New,2025-10-30
CUST103946,23,Female,Nashik,Maharashtra,Returning,2025-03-24
CUST103947,58,Female,Gwalior,Madhya Pradesh,New,2024-06-22
CUST103948,32,Female,Udaipur,Rajasthan,New,2025-11-04
CUST103949,20,Male,Mysuru,Karnataka,New,2024-05-11
CUST103950,60,Male,Mysuru,Karnataka,Returning,2025-06-23
CUST103951,52,Male,Mumbai,Maharashtra,New,2025-08-17
CUST103952,31,Female,Patna,Bihar,Returning,2026-06-15
CUST103953,19,Female,Faridabad,Haryana,Returning,2026-05-24
CUST103954,46,Male,Pune,Maharashtra,Returning,2024-09-25
CUST103955,21,Female,Mangaluru,Karnataka,Returning,2024-09-07
CUST103956,43,Male,Thiruvananthapuram,Kerala,Returning,2025-01-04
CUST103957,29,Male,Bhubaneswar,Odisha,Returning,2025-09-09
CUST103958,19,Male,Hyderabad,Telangana,Returning,2026-02-11
CUST103959,34,Female,Mumbai,Maharashtra,Returning,2026-05-14
CUST103960,52,Female,Mumbai,Maharashtra,Returning,2025-06-09
CUST103961,27,Male,Kolkata,West Bengal,Returning,2025-08-14
CUST103962,39,Male,Coimbatore,Tamil Nadu,New,2026-06-06
CUST103963,58,Male,Nashik,Maharashtra,Returning,2025-05-20
CUST103964,60,Female,Kolkata,West Bengal,New,2025-11-02
CUST103965,38,Male,Mumbai,Maharashtra,New,2024-06-26
CUST103966,32,Male,Noida,Uttar Pradesh,Returning,2025-10-28
CUST103967,52,Female,New Delhi,Delhi,Returning,2025-06-30
CUST103968,38,Male,Pune,Maharashtra,Returning,2024-09-15
CUST103969,38,Male,Udaipur,Rajasthan,Returning,2024-09-16
CUST103970,38,Female,Coimbatore,Tamil Nadu,Returning,2024-05-14
CUST103971,49,Female,Gurugram,Haryana,New,2025-04-05
CUST103972,22,Male,Kolkata,West Bengal,Returning,2025-05-03
CUST103973,56,Female,New Delhi,Delhi,New,2025-10-04
CUST103974,26,Male,Noida,Uttar Pradesh,New,2024-03-21
CUST103975,35,Female,New Delhi,Delhi,Returning,2025-01-01
CUST103976,38,Female,Bhubaneswar,Odisha,New,2024-02-28
CUST103977,25,Other,Chennai,Tamil Nadu,New,2024-03-14
CUST103978,51,Male,Kolkata,West Bengal,Returning,2024-08-26
CUST103979,27,Female,Pune,Maharashtra,New,2024-05-08
CUST103980,58,Male,Hyderabad,Telangana,New,2025-02-15
CUST103981,41,Female,Gaya,Bihar,New,2024-11-10
CUST103982,57,Female,Gaya,Bihar,New,2025-01-08
CUST103983,41,Female,Mangaluru,Karnataka,New,2025-03-12
CUST103984,49,Female,Bengaluru,Karnataka,Returning,2024-05-17
CUST103985,50,Male,Patna,Bihar,New,2025-03-30
CUST103986,55,Male,Cuttack,Odisha,Returning,2025-09-06
CUST103987,51,Other,Pune,Maharashtra,New,2026-06-17
CUST103988,28,Male,Warangal,Telangana,Returning,2024-01-09
CUST103989,48,Female,Chennai,Tamil Nadu,Returning,2024-08-19
CUST103990,35,Male,Thiruvananthapuram,Kerala,Returning,2025-09-02
CUST103991,40,Other,Nagpur,Maharashtra,Returning,2025-12-30
CUST103992,39,Male,Mangaluru,Karnataka,Returning,2025-01-31
CUST103993,60,Male,Varanasi,Uttar Pradesh,New,2026-01-18
CUST103994,35,Male,Nashik,Maharashtra,Returning,2026-01-03
CUST103995,57,Female,Surat,Gujarat,Returning,2025-11-10
CUST103996,58,Male,Hyderabad,Telangana,New,2026-05-31
CUST103997,56,Male,Madurai,Tamil Nadu,New,2025-07-27
CUST103998,37,Male,Madurai,Tamil Nadu,New,2024-11-13
CUST103999,30,Female,Ahmedabad,Gujarat,Returning,2025-05-21
CUST104000,18,Male,Mysuru,Karnataka,New,2025-06-05
CUST104001,21,Male,Kolkata,West Bengal,New,2026-01-15
CUST104002,41,Female,Gaya,Bihar,Returning,2024-03-27
CUST104003,53,Male,Kanpur,Uttar Pradesh,Returning,2026-02-17
CUST104004,53,Female,Bengaluru,Karnataka,New,2025-12-16
CUST104005,19,Female,Bengaluru,Karnataka,New,2024-11-13
CUST104006,45,Female,New Delhi,Delhi,Returning,2024-11-28
CUST104007,43,Male,Madurai,Tamil Nadu,Returning,2024-12-25
CUST104008,40,Female,Warangal,Telangana,Returning,2024-08-28
CUST104009,32,Male,Jabalpur,Madhya Pradesh,Returning,2024-02-25
CUST104010,53,Female,Mumbai,Maharashtra,New,2024-04-19
CUST104011,44,Female,Nagpur,Maharashtra,New,2024-02-18
CUST104012,23,Female,Coimbatore,Tamil Nadu,Returning,2026-01-24
CUST104013,52,Female,Indore,Madhya Pradesh,Returning,2024-01-16
CUST104014,56,Male,Mysuru,Karnataka,Returning,2024-03-13
CUST104015,55,Male,Jabalpur,Madhya Pradesh,Returning,2026-06-02
CUST104016,52,Female,New Delhi,Delhi,Returning,2024-07-20
CUST104017,53,Female,Thiruvananthapuram,Kerala,New,2024-04-02
CUST104018,27,Male,Bhubaneswar,Odisha,New,2025-10-10
CUST104019,47,Female,New Delhi,Delhi,New,2024-02-02
CUST104020,58,Male,Mysuru,Karnataka,Returning,2025-08-22
CUST104021,55,Male,Hyderabad,Telangana,New,2025-02-22
CUST104022,46,Female,Mysuru,Karnataka,Returning,2024-07-21
CUST104023,60,Female,Jabalpur,Madhya Pradesh,New,2025-07-04
CUST104024,56,Male,Gaya,Bihar,New,2025-09-17
CUST104025,21,Female,Bhopal,Madhya Pradesh,New,2026-04-24
CUST104026,22,Female,Patna,Bihar,Returning,2026-01-28
CUST104027,21,Female,Chennai,Tamil Nadu,Returning,2026-05-04
CUST104028,53,Male,Mysuru,Karnataka,Returning,2026-05-31
CUST104029,33,Male,Kanpur,Uttar Pradesh,Returning,2025-12-20
CUST104030,42,Female,Madurai,Tamil Nadu,Returning,2024-11-07
CUST104031,31,Male,Jabalpur,Madhya Pradesh,New,2025-04-13
CUST104032,28,Female,New Delhi,Delhi,New,2025-01-28
CUST104033,46,Male,Nashik,Maharashtra,New,2026-03-19
CUST104034,51,Female,Faridabad,Haryana,Returning,2026-05-21
CUST104035,39,Male,Mysuru,Karnataka,New,2024-07-29
CUST104036,31,Male,Faridabad,Haryana,New,2026-05-16
CUST104037,41,Female,Faridabad,Haryana,Returning,2025-07-24
CUST104038,56,Female,Noida,Uttar Pradesh,Returning,2024-06-04
CUST104039,43,Female,Gwalior,Madhya Pradesh,Returning,2025-09-25
CUST104040,60,Female,Kolkata,West Bengal,New,2025-09-23
CUST104041,53,Female,Kochi,Kerala,Returning,2026-03-19
CUST104042,56,Male,New Delhi,Delhi,Returning,2024-11-17
CUST104043,33,Male,Surat,Gujarat,New,2025-03-10
CUST104044,55,Female,Jodhpur,Rajasthan,Returning,2025-07-27
CUST104045,49,Male,Hyderabad,Telangana,Returning,2025-10-31
CUST104046,23,Male,Hyderabad,Telangana,New,2024-02-09
CUST104047,51,Male,Coimbatore,Tamil Nadu,Returning,2026-01-23
CUST104048,25,Female,Kolkata,West Bengal,Returning,2024-02-09
CUST104049,47,Female,Kochi,Kerala,New,2025-03-28
CUST104050,44,Male,Mysuru,Karnataka,Returning,2026-05-19
CUST104051,24,Female,Amritsar,Punjab,New,2024-07-08
CUST104052,44,Male,Indore,Madhya Pradesh,Returning,2026-01-15
CUST104053,42,Male,Patna,Bihar,Returning,2024-01-15
CUST104054,58,Female,Kolkata,West Bengal,Returning,2024-05-03
CUST104055,32,Female,Noida,Uttar Pradesh,New,2026-01-09
CUST104056,42,Male,Pune,Maharashtra,New,2026-06-17
CUST104057,39,Male,Gaya,Bihar,New,2024-10-06
CUST104058,35,Male,Mumbai,Maharashtra,New,2024-02-17
CUST104059,29,Female,Thiruvananthapuram,Kerala,New,2024-07-07
CUST104060,40,Male,Gurugram,Haryana,Returning,2024-10-30
CUST104061,56,Male,New Delhi,Delhi,New,2025-07-12
CUST104062,42,Male,Mysuru,Karnataka,Returning,2025-11-26
CUST104063,27,Female,Lucknow,Uttar Pradesh,Returning,2024-04-14
CUST104064,47,Female,New Delhi,Delhi,Returning,2025-01-03
CUST104065,27,Female,Thiruvananthapuram,Kerala,Returning,2025-05-15
CUST104066,51,Male,Mumbai,Maharashtra,New,2025-04-04
CUST104067,30,Male,Nagpur,Maharashtra,Returning,2024-09-03
CUST104068,46,Other,Gurugram,Haryana,Returning,2024-09-20
CUST104069,55,Male,Jabalpur,Madhya Pradesh,Returning,2024-07-24
CUST104070,58,Female,Kochi,Kerala,Returning,2025-05-21
CUST104071,26,Female,Chennai,Tamil Nadu,Returning,2025-06-13
CUST104072,30,Female,Gwalior,Madhya Pradesh,New,2024-12-29
CUST104073,54,Female,Udaipur,Rajasthan,New,2026-02-01
CUST104074,31,Male,Jaipur,Rajasthan,Returning,2026-01-19
CUST104075,54,Male,Gwalior,Madhya Pradesh,Returning,2024-12-05
CUST104076,26,Female,Kolkata,West Bengal,Returning,2025-02-10
CUST104077,25,Male,Hyderabad,Telangana,New,2025-03-28
CUST104078,56,Male,New Delhi,Delhi,Returning,2026-04-12
CUST104079,57,Female,Kanpur,Uttar Pradesh,Returning,2026-05-26
CUST104080,20,Female,Bengaluru,Karnataka,New,2026-03-24
CUST104081,57,Female,Bhopal,Madhya Pradesh,New,2025-07-31
CUST104082,50,Female,Mangaluru,Karnataka,New,2026-04-27
CUST104083,49,Male,Udaipur,Rajasthan,Returning,2024-05-29
CUST104084,24,Female,Noida,Uttar Pradesh,Returning,2024-07-11
CUST104085,36,Female,Mysuru,Karnataka,New,2024-05-26
CUST104086,51,Other,Nashik,Maharashtra,New,2025-02-09
CUST104087,31,Male,Pune,Maharashtra,Returning,2024-07-01
CUST104088,36,Male,Jodhpur,Rajasthan,Returning,2024-04-15
CUST104089,43,Male,Kochi,Kerala,Returning,2024-08-23
CUST104090,34,Female,Pune,Maharashtra,Returning,2025-09-29
CUST104091,45,Female,Kanpur,Uttar Pradesh,New,2024-06-27
CUST104092,36,Male,Coimbatore,Tamil Nadu,Returning,2025-03-07
CUST104093,44,Female,Ahmedabad,Gujarat,New,2025-02-04
CUST104094,36,Male,Bhubaneswar,Odisha,Returning,2025-06-08
CUST104095,50,Female,Madurai,Tamil Nadu,Returning,2026-01-12
CUST104096,24,Female,Ahmedabad,Gujarat,Returning,2025-06-23
CUST104097,46,Male,Nagpur,Maharashtra,Returning,2026-06-09
CUST104098,60,Female,Mumbai,Maharashtra,Returning,2024-11-18
CUST104099,22,Male,New Delhi,Delhi,New,2024-09-17
CUST104100,47,Male,Nagpur,Maharashtra,Returning,2025-09-03
CUST104101,60,Male,Jodhpur,Rajasthan,Returning,2025-11-30
CUST104102,25,Male,Hyderabad,Telangana,New,2025-02-02
CUST104103,59,Female,Kolkata,West Bengal,Returning,2024-12-02
CUST104104,29,Male,Bengaluru,Karnataka,Returning,2024-10-26
CUST104105,59,Male,New Delhi,Delhi,Returning,2024-04-28
CUST104106,30,Male,Jabalpur,Madhya Pradesh,Returning,2025-07-11
CUST104107,43,Male,Gurugram,Haryana,Returning,2025-02-16
CUST104108,35,Male,Mumbai,Maharashtra,Returning,2025-08-02
CUST104109,59,Female,Thiruvananthapuram,Kerala,Returning,2025-01-18
CUST104110,37,Male,Kolkata,West Bengal,New,2025-04-24
CUST104111,33,Female,Kolkata,West Bengal,New,2024-10-31
CUST104112,54,Female,Ahmedabad,Gujarat,Returning,2025-11-13
CUST104113,20,Male,Nagpur,Maharashtra,New,2026-05-19
CUST104114,44,Female,Nagpur,Maharashtra,Returning,2024-07-14
CUST104115,32,Female,Jodhpur,Rajasthan,New,2024-11-28
CUST104116,51,Female,Chennai,Tamil Nadu,Returning,2024-01-20
CUST104117,39,Male,Bhubaneswar,Odisha,Returning,2025-09-14
CUST104118,57,Female,Warangal,Telangana,Returning,2025-10-19
CUST104119,40,Male,Pune,Maharashtra,Returning,2025-12-04
CUST104120,21,Female,Varanasi,Uttar Pradesh,Returning,2025-03-08
CUST104121,58,Male,New Delhi,Delhi,New,2026-06-01
CUST104122,40,Female,Ahmedabad,Gujarat,New,2025-03-01
CUST104123,26,Male,Jabalpur,Madhya Pradesh,New,2024-08-16
CUST104124,41,Female,Bhubaneswar,Odisha,Returning,2025-06-07
CUST104125,38,Male,Noida,Uttar Pradesh,New,2024-08-04
CUST104126,58,Male,Indore,Madhya Pradesh,New,2025-08-13
CUST104127,33,Male,Jabalpur,Madhya Pradesh,Returning,2025-01-09
CUST104128,42,Male,Amritsar,Punjab,Returning,2024-02-05
CUST104129,43,Female,New Delhi,Delhi,New,2026-02-14
CUST104130,26,Male,Pune,Maharashtra,New,2024-01-28
CUST104131,32,Male,New Delhi,Delhi,Returning,2025-01-06
CUST104132,56,Male,Mangaluru,Karnataka,Returning,2024-03-26
CUST104133,50,Male,Jabalpur,Madhya Pradesh,New,2024-07-06
CUST104134,18,Male,Jodhpur,Rajasthan,Returning,2024-10-31
CUST104135,22,Other,Jaipur,Rajasthan,Returning,2026-02-04
CUST104136,26,Female,Nashik,Maharashtra,Returning,2025-02-25
CUST104137,23,Male,Lucknow,Uttar Pradesh,Returning,2024-03-20
CUST104138,45,Male,Chennai,Tamil Nadu,Returning,2024-07-04
CUST104139,43,Male,Gwalior,Madhya Pradesh,Returning,2024-01-05
CUST104140,45,Female,Kolkata,West Bengal,New,2025-07-11
CUST104141,57,Male,Madurai,Tamil Nadu,New,2026-05-15
CUST104142,32,Male,Nagpur,Maharashtra,Returning,2025-05-11
CUST104143,23,Female,Nashik,Maharashtra,Returning,2025-05-23
CUST104144,44,Male,Gaya,Bihar,Returning,2025-09-05
CUST104145,55,Female,Bhubaneswar,Odisha,New,2024-01-02
CUST104146,21,Other,Bhopal,Madhya Pradesh,Returning,2024-08-04
CUST104147,28,Male,Nashik,Maharashtra,New,2025-06-20
CUST104148,38,Female,Hyderabad,Telangana,Returning,2024-09-13
CUST104149,47,Female,Noida,Uttar Pradesh,New,2026-01-04
CUST104150,35,Male,Kanpur,Uttar Pradesh,Returning,2025-03-28
CUST104151,52,Female,Nagpur,Maharashtra,Returning,2025-02-27
CUST104152,20,Male,Mumbai,Maharashtra,New,2024-11-19
CUST104153,29,Male,Lucknow,Uttar Pradesh,New,2025-05-13
CUST104154,44,Male,Madurai,Tamil Nadu,Returning,2025-08-03
CUST104155,47,Female,New Delhi,Delhi,Returning,2024-07-15
CUST104156,38,Other,Mumbai,Maharashtra,New,2025-05-18
CUST104157,55,Male,Kolkata,West Bengal,New,2024-09-28
CUST104158,38,Female,Kochi,Kerala,New,2025-11-24
CUST104159,55,Female,Ludhiana,Punjab,Returning,2024-01-18
CUST104160,57,Female,Kolkata,West Bengal,New,2024-04-16
CUST104161,32,Male,Surat,Gujarat,New,2025-06-12
CUST104162,35,Female,Nashik,Maharashtra,Returning,2024-05-04
CUST104163,46,Female,Kolkata,West Bengal,Returning,2025-04-27
CUST104164,55,Male,Chennai,Tamil Nadu,New,2025-08-16
CUST104165,38,Male,Jodhpur,Rajasthan,Returning,2024-01-04
CUST104166,34,Male,Chennai,Tamil Nadu,Returning,2025-09-18
CUST104167,58,Male,Mysuru,Karnataka,Returning,2024-12-16
CUST104168,35,Female,Nashik,Maharashtra,Returning,2024-12-16
CUST104169,54,Male,New Delhi,Delhi,Returning,2025-10-10
CUST104170,55,Female,Nashik,Maharashtra,New,2026-03-09
CUST104171,29,Male,Mysuru,Karnataka,New,2024-08-15
CUST104172,28,Male,Gurugram,Haryana,New,2024-01-16
CUST104173,37,Female,Hyderabad,Telangana,Returning,2026-03-20
CUST104174,26,Male,Vadodara,Gujarat,Returning,2025-02-28
CUST104175,18,Male,Thiruvananthapuram,Kerala,Returning,2025-04-08
CUST104176,20,Female,Faridabad,Haryana,New,2025-12-24
CUST104177,38,Male,Kolkata,West Bengal,Returning,2024-09-02
CUST104178,40,Male,Gaya,Bihar,Returning,2026-03-08
CUST104179,26,Male,Coimbatore,Tamil Nadu,New,2026-03-04
CUST104180,36,Male,New Delhi,Delhi,Returning,2024-06-25
CUST104181,36,Male,Warangal,Telangana,New,2025-06-26
CUST104182,40,Female,Gwalior,Madhya Pradesh,Returning,2025-05-23
CUST104183,44,Female,Indore,Madhya Pradesh,New,2025-07-15
CUST104184,44,Female,New Delhi,Delhi,Returning,2025-10-16
CUST104185,56,Female,Nagpur,Maharashtra,Returning,2025-07-17
CUST104186,53,Male,Jaipur,Rajasthan,Returning,2024-08-20
CUST104187,29,Female,Nashik,Maharashtra,New,2025-11-08
CUST104188,44,Female,Kolkata,West Bengal,Returning,2024-02-07
CUST104189,51,Female,Indore,Madhya Pradesh,New,2025-05-05
CUST104190,50,Male,Indore,Madhya Pradesh,Returning,2025-03-19
CUST104191,45,Male,Kanpur,Uttar Pradesh,Returning,2024-01-20
CUST104192,48,Female,Thiruvananthapuram,Kerala,Returning,2025-09-02
CUST104193,49,Male,Ahmedabad,Gujarat,New,2025-12-27
CUST104194,37,Female,Noida,Uttar Pradesh,Returning,2025-07-09
CUST104195,57,Male,Udaipur,Rajasthan,Returning,2024-04-20
CUST104196,52,Female,Mysuru,Karnataka,New,2025-05-01
CUST104197,48,Male,Nagpur,Maharashtra,New,2024-03-29
CUST104198,48,Male,New Delhi,Delhi,New,2024-11-14
CUST104199,55,Male,Hyderabad,Telangana,Returning,2024-04-27
CUST104200,39,Female,Jodhpur,Rajasthan,Returning,2025-03-09
CUST104201,58,Male,Thiruvananthapuram,Kerala,Returning,2024-08-26
CUST104202,26,Male,Bengaluru,Karnataka,Returning,2024-03-12
CUST104203,26,Male,Pune,Maharashtra,Returning,2026-04-01
CUST104204,32,Female,Gurugram,Haryana,Returning,2025-02-02
CUST104205,30,Female,Mumbai,Maharashtra,New,2026-03-26
CUST104206,39,Male,Ahmedabad,Gujarat,Returning,2025-02-07
CUST104207,33,Female,Kolkata,West Bengal,New,2025-11-05
CUST104208,49,Female,Kolkata,West Bengal,New,2024-09-07
CUST104209,19,Female,Nagpur,Maharashtra,Returning,2026-05-18
CUST104210,43,Male,Nashik,Maharashtra,New,2024-07-13
CUST104211,31,Female,Mumbai,Maharashtra,Returning,2025-07-25
CUST104212,55,Male,Kolkata,West Bengal,Returning,2025-09-01
CUST104213,51,Female,Kolkata,West Bengal,Returning,2026-05-17
CUST104214,25,Female,Bengaluru,Karnataka,New,2026-05-16
CUST104215,53,Female,Indore,Madhya Pradesh,New,2025-08-07
CUST104216,38,Female,Patna,Bihar,New,2024-08-09
CUST104217,60,Male,Nagpur,Maharashtra,Returning,2025-09-22
CUST104218,45,Male,Vadodara,Gujarat,Returning,2024-06-30
CUST104219,23,Male,Indore,Madhya Pradesh,Returning,2026-06-14
CUST104220,37,Female,New Delhi,Delhi,Returning,2025-12-30
CUST104221,48,Male,New Delhi,Delhi,Returning,2024-09-12
CUST104222,50,Male,Udaipur,Rajasthan,Returning,2024-03-28
CUST104223,24,Male,Cuttack,Odisha,Returning,2026-05-22
CUST104224,25,Male,Gaya,Bihar,New,2026-02-25
CUST104225,26,Female,Kolkata,West Bengal,Returning,2025-05-06
CUST104226,19,Male,Varanasi,Uttar Pradesh,Returning,2024-12-01
CUST104227,34,Female,Chennai,Tamil Nadu,New,2025-06-21
CUST104228,54,Female,Bhopal,Madhya Pradesh,New,2025-02-10
CUST104229,59,Male,Surat,Gujarat,New,2025-09-24
CUST104230,34,Male,Mysuru,Karnataka,Returning,2024-10-15
CUST104231,55,Male,Indore,Madhya Pradesh,New,2024-12-27
CUST104232,52,Female,Kolkata,West Bengal,Returning,2025-03-16
CUST104233,56,Female,Coimbatore,Tamil Nadu,Returning,2024-01-30
CUST104234,47,Female,Cuttack,Odisha,Returning,2025-12-14
CUST104235,23,Male,Mumbai,Maharashtra,New,2026-06-12
CUST104236,21,Female,New Delhi,Delhi,New,2025-07-01
CUST104237,54,Male,Nashik,Maharashtra,New,2025-09-28
CUST104238,52,Female,Kanpur,Uttar Pradesh,New,2024-08-10
CUST104239,26,Male,Bhopal,Madhya Pradesh,Returning,2026-01-16
CUST104240,23,Male,Madurai,Tamil Nadu,New,2024-05-03
CUST104241,30,Female,Gwalior,Madhya Pradesh,Returning,2025-11-13
CUST104242,39,Female,Coimbatore,Tamil Nadu,New,2025-11-23
CUST104243,45,Male,Lucknow,Uttar Pradesh,Returning,2024-08-02
CUST104244,47,Male,Warangal,Telangana,Returning,2024-04-27
CUST104245,53,Male,Hyderabad,Telangana,Returning,2024-08-14
CUST104246,19,Male,Ludhiana,Punjab,Returning,2026-06-09
CUST104247,53,Female,New Delhi,Delhi,New,2025-03-19
CUST104248,25,Male,Nagpur,Maharashtra,Returning,2025-07-02
CUST104249,59,Female,Kolkata,West Bengal,Returning,2026-04-08
CUST104250,26,Male,Gurugram,Haryana,Returning,2025-08-30
CUST104251,18,Female,Coimbatore,Tamil Nadu,Returning,2025-09-23
CUST104252,30,Male,Pune,Maharashtra,Returning,2025-03-12
CUST104253,32,Female,Madurai,Tamil Nadu,Returning,2024-01-12
CUST104254,49,Female,Surat,Gujarat,Returning,2024-05-01
CUST104255,51,Female,Mangaluru,Karnataka,Returning,2025-06-30
CUST104256,60,Male,Jabalpur,Madhya Pradesh,New,2025-05-03
CUST104257,48,Male,Gurugram,Haryana,Returning,2024-09-07
CUST104258,31,Male,Warangal,Telangana,Returning,2025-08-01
CUST104259,31,Female,Madurai,Tamil Nadu,Returning,2025-04-26
CUST104260,46,Male,Coimbatore,Tamil Nadu,Returning,2025-07-03
CUST104261,36,Male,Nagpur,Maharashtra,New,2024-10-06
CUST104262,44,Female,Kochi,Kerala,Returning,2026-01-11
CUST104263,26,Female,Warangal,Telangana,Returning,2024-12-02
CUST104264,54,Male,Chennai,Tamil Nadu,Returning,2024-06-16
CUST104265,54,Female,Indore,Madhya Pradesh,New,2024-11-23
CUST104266,60,Female,Warangal,Telangana,Returning,2024-09-02
CUST104267,45,Male,Gwalior,Madhya Pradesh,Returning,2025-08-13
CUST104268,41,Female,Nagpur,Maharashtra,Returning,2025-09-17
CUST104269,45,Male,Gaya,Bihar,Returning,2024-10-27
CUST104270,53,Male,Ludhiana,Punjab,Returning,2025-12-29
CUST104271,35,Male,Indore,Madhya Pradesh,Returning,2024-07-18
CUST104272,42,Male,Amritsar,Punjab,Returning,2026-06-11
CUST104273,52,Female,Bengaluru,Karnataka,New,2025-05-14
CUST104274,21,Male,Vadodara,Gujarat,New,2026-05-13
CUST104275,31,Female,Jodhpur,Rajasthan,New,2026-01-23
CUST104276,56,Male,Kolkata,West Bengal,Returning,2024-01-13
CUST104277,43,Male,Madurai,Tamil Nadu,Returning,2024-12-31
CUST104278,25,Male,Chennai,Tamil Nadu,Returning,2025-12-19
CUST104279,41,Male,Nashik,Maharashtra,Returning,2026-02-12
CUST104280,33,Female,Coimbatore,Tamil Nadu,Returning,2024-04-06
CUST104281,37,Female,Mangaluru,Karnataka,Returning,2024-03-11
CUST104282,32,Male,Varanasi,Uttar Pradesh,New,2026-03-25
CUST104283,24,Female,Bengaluru,Karnataka,Returning,2026-05-10
CUST104284,34,Male,Nashik,Maharashtra,New,2026-01-11
CUST104285,39,Female,Kolkata,West Bengal,New,2024-12-22
CUST104286,39,Male,Jodhpur,Rajasthan,New,2026-03-22
CUST104287,29,Female,Kochi,Kerala,New,2025-06-27
CUST104288,35,Male,Kolkata,West Bengal,New,2024-09-06
CUST104289,32,Male,Coimbatore,Tamil Nadu,Returning,2024-09-10
CUST104290,54,Female,Kanpur,Uttar Pradesh,New,2026-02-09
CUST104291,33,Female,Kolkata,West Bengal,Returning,2024-06-30
CUST104292,22,Female,Pune,Maharashtra,New,2026-05-01
CUST104293,19,Female,Kolkata,West Bengal,New,2024-06-14
CUST104294,45,Female,Bhubaneswar,Odisha,Returning,2024-01-04
CUST104295,58,Female,Madurai,Tamil Nadu,Returning,2025-04-07
CUST104296,44,Male,New Delhi,Delhi,Returning,2024-05-24
CUST104297,48,Female,Nashik,Maharashtra,Returning,2024-06-13
CUST104298,58,Other,Bengaluru,Karnataka,Returning,2024-12-09
CUST104299,53,Male,Warangal,Telangana,Returning,2026-05-23
CUST104300,60,Female,Jaipur,Rajasthan,Returning,2024-04-14
CUST104301,18,Male,Mumbai,Maharashtra,Returning,2025-07-01
CUST104302,46,Male,Ludhiana,Punjab,New,2024-11-09
CUST104303,18,Female,Varanasi,Uttar Pradesh,Returning,2024-06-17
CUST104304,25,Male,Kolkata,West Bengal,Returning,2025-06-03
CUST104305,33,Male,Gaya,Bihar,Returning,2025-08-20
CUST104306,45,Female,Nagpur,Maharashtra,Returning,2025-03-11
CUST104307,39,Male,Ahmedabad,Gujarat,New,2025-08-31
CUST104308,35,Female,Udaipur,Rajasthan,New,2025-05-26
CUST104309,39,Female,Patna,Bihar,New,2025-02-12
CUST104310,58,Male,Noida,Uttar Pradesh,Returning,2025-03-11
CUST104311,29,Male,New Delhi,Delhi,New,2024-11-10
CUST104312,36,Male,Ludhiana,Punjab,New,2025-06-25
CUST104313,42,Male,Pune,Maharashtra,Returning,2025-09-04
CUST104314,22,Male,Kochi,Kerala,Returning,2025-08-01
CUST104315,51,Male,Gurugram,Haryana,New,2026-06-18
CUST104316,56,Female,Mysuru,Karnataka,Returning,2026-05-10
CUST104317,27,Male,Varanasi,Uttar Pradesh,New,2024-03-03
CUST104318,24,Male,Nashik,Maharashtra,New,2024-02-01
CUST104319,54,Female,Hyderabad,Telangana,New,2025-08-21
CUST104320,32,Male,Surat,Gujarat,Returning,2024-07-29
CUST104321,59,Female,Kolkata,West Bengal,Returning,2025-04-07
CUST104322,41,Male,Amritsar,Punjab,Returning,2025-07-16
CUST104323,43,Male,Jabalpur,Madhya Pradesh,Returning,2025-07-28
CUST104324,43,Male,Surat,Gujarat,New,2024-03-20
CUST104325,43,Female,Gaya,Bihar,New,2024-12-08
CUST104326,27,Male,Amritsar,Punjab,Returning,2024-08-19
CUST104327,34,Female,Nagpur,Maharashtra,New,2026-05-27
CUST104328,31,Male,Gurugram,Haryana,Returning,2025-09-04
CUST104329,19,Male,Nagpur,Maharashtra,Returning,2024-05-08
CUST104330,30,Male,Gaya,Bihar,Returning,2024-01-19
CUST104331,44,Male,New Delhi,Delhi,New,2024-12-22
CUST104332,26,Male,Mumbai,Maharashtra,New,2025-02-22
CUST104333,24,Female,Warangal,Telangana,Returning,2025-08-28
CUST104334,27,Female,Bhopal,Madhya Pradesh,Returning,2024-03-21
CUST104335,26,Male,Chennai,Tamil Nadu,New,2025-09-06
CUST104336,39,Male,Nagpur,Maharashtra,Returning,2026-05-30
CUST104337,40,Female,Udaipur,Rajasthan,New,2025-10-27
CUST104338,24,Male,Bhubaneswar,Odisha,New,2026-02-19
CUST104339,26,Female,Madurai,Tamil Nadu,Returning,2024-04-27
CUST104340,44,Female,Mangaluru,Karnataka,Returning,2026-05-03
CUST104341,41,Male,Warangal,Telangana,Returning,2025-05-08
CUST104342,46,Female,Nagpur,Maharashtra,Returning,2026-03-01
CUST104343,34,Female,Patna,Bihar,New,2025-05-06
CUST104344,37,Female,Patna,Bihar,Returning,2026-05-24
CUST104345,24,Male,Kolkata,West Bengal,New,2024-08-12
CUST104346,60,Male,Chennai,Tamil Nadu,Returning,2025-02-22
CUST104347,57,Male,Varanasi,Uttar Pradesh,Returning,2026-02-18
CUST104348,24,Female,Kolkata,West Bengal,New,2024-05-16
CUST104349,45,Male,Gaya,Bihar,Returning,2024-08-13
CUST104350,36,Male,Jodhpur,Rajasthan,Returning,2024-11-29
CUST104351,37,Male,Lucknow,Uttar Pradesh,Returning,2024-08-16
CUST104352,56,Male,Jodhpur,Rajasthan,Returning,2024-11-18
CUST104353,57,Female,Warangal,Telangana,New,2024-04-17
CUST104354,24,Male,Ludhiana,Punjab,New,2026-03-22
CUST104355,23,Female,Kolkata,West Bengal,New,2025-03-20
CUST104356,42,Female,Jodhpur,Rajasthan,New,2024-01-07
CUST104357,58,Male,Mangaluru,Karnataka,Returning,2024-05-07
CUST104358,30,Male,Jaipur,Rajasthan,Returning,2024-12-18
CUST104359,56,Male,Kolkata,West Bengal,Returning,2024-09-23
CUST104360,57,Female,Bengaluru,Karnataka,Returning,2025-11-15
CUST104361,39,Female,Nashik,Maharashtra,Returning,2024-08-01
CUST104362,34,Female,Udaipur,Rajasthan,New,2024-09-03
CUST104363,39,Female,Varanasi,Uttar Pradesh,Returning,2025-09-09
CUST104364,51,Female,Vadodara,Gujarat,Returning,2025-08-17
CUST104365,25,Male,Mysuru,Karnataka,Returning,2026-03-14
CUST104366,35,Female,Bhopal,Madhya Pradesh,New,2025-01-08
CUST104367,41,Other,Pune,Maharashtra,Returning,2025-02-24
CUST104368,59,Female,Hyderabad,Telangana,New,2025-12-15
CUST104369,19,Male,Mysuru,Karnataka,Returning,2024-02-10
CUST104370,19,Male,Bengaluru,Karnataka,Returning,2025-12-17
CUST104371,44,Female,Bengaluru,Karnataka,New,2024-12-13
CUST104372,31,Male,Coimbatore,Tamil Nadu,Returning,2025-07-14
CUST104373,56,Male,Pune,Maharashtra,Returning,2024-05-22
CUST104374,29,Male,Madurai,Tamil Nadu,Returning,2024-05-20
CUST104375,49,Male,Surat,Gujarat,Returning,2025-07-18
CUST104376,45,Female,Vadodara,Gujarat,New,2024-04-16
CUST104377,45,Male,Coimbatore,Tamil Nadu,Returning,2024-02-02
CUST104378,42,Male,Gaya,Bihar,Returning,2024-07-18
CUST104379,21,Female,Nashik,Maharashtra,New,2024-04-28
CUST104380,43,Female,Surat,Gujarat,Returning,2026-03-10
CUST104381,53,Male,Pune,Maharashtra,Returning,2024-08-16
CUST104382,20,Female,Nagpur,Maharashtra,New,2025-09-21
CUST104383,18,Male,Kolkata,West Bengal,New,2025-11-18
CUST104384,34,Male,Kolkata,West Bengal,New,2024-07-03
CUST104385,24,Male,Kochi,Kerala,Returning,2026-04-09
CUST104386,22,Female,Kolkata,West Bengal,Returning,2026-04-29
CUST104387,36,Female,Amritsar,Punjab,New,2024-08-02
CUST104388,56,Female,Pune,Maharashtra,Returning,2026-01-02
CUST104389,51,Male,Pune,Maharashtra,New,2024-05-09
CUST104390,52,Male,Nagpur,Maharashtra,Returning,2026-04-24
CUST104391,33,Male,Bengaluru,Karnataka,Returning,2024-09-28
CUST104392,57,Male,Kolkata,West Bengal,Returning,2026-01-27
CUST104393,56,Female,Indore,Madhya Pradesh,New,2025-09-26
CUST104394,44,Female,Mumbai,Maharashtra,Returning,2024-01-08
CUST104395,58,Male,Ludhiana,Punjab,Returning,2025-02-06
CUST104396,55,Male,Patna,Bihar,Returning,2025-08-01
CUST104397,42,Female,New Delhi,Delhi,Returning,2025-09-18
CUST104398,43,Female,Mumbai,Maharashtra,New,2025-01-03
CUST104399,31,Female,Bengaluru,Karnataka,Returning,2026-03-10
CUST104400,31,Female,Pune,Maharashtra,Returning,2025-09-08
CUST104401,31,Male,Nagpur,Maharashtra,Returning,2025-06-20
CUST104402,42,Male,Vadodara,Gujarat,Returning,2024-02-22
CUST104403,53,Male,New Delhi,Delhi,Returning,2024-09-03
CUST104404,21,Male,Chennai,Tamil Nadu,New,2024-12-02
CUST104405,32,Male,Gurugram,Haryana,New,2024-10-07
CUST104406,49,Male,Gwalior,Madhya Pradesh,New,2024-02-02
CUST104407,35,Female,Ludhiana,Punjab,New,2026-03-09
CUST104408,31,Male,Nashik,Maharashtra,Returning,2025-07-01
CUST104409,18,Female,Coimbatore,Tamil Nadu,Returning,2024-12-08
CUST104410,59,Female,Kolkata,West Bengal,Returning,2026-06-09
CUST104411,37,Female,Nashik,Maharashtra,Returning,2024-08-26
CUST104412,27,Male,Mumbai,Maharashtra,Returning,2025-05-06
CUST104413,27,Female,Jabalpur,Madhya Pradesh,New,2025-12-29
CUST104414,41,Female,Jabalpur,Madhya Pradesh,New,2024-06-25
CUST104415,51,Female,Warangal,Telangana,New,2024-02-13
CUST104416,45,Male,Surat,Gujarat,Returning,2024-10-30
CUST104417,44,Male,Warangal,Telangana,New,2025-10-31
CUST104418,57,Male,Mumbai,Maharashtra,New,2024-09-25
CUST104419,18,Female,Chennai,Tamil Nadu,Returning,2025-11-13
CUST104420,50,Female,Bengaluru,Karnataka,Returning,2026-01-02
CUST104421,21,Male,Nashik,Maharashtra,Returning,2025-02-03
CUST104422,24,Female,Amritsar,Punjab,Returning,2026-01-11
CUST104423,26,Male,Jodhpur,Rajasthan,Returning,2025-08-25
CUST104424,33,Male,Lucknow,Uttar Pradesh,Returning,2025-03-06
CUST104425,22,Male,New Delhi,Delhi,Returning,2025-02-24
CUST104426,51,Male,Madurai,Tamil Nadu,Returning,2024-05-10
CUST104427,40,Female,Bengaluru,Karnataka,New,2025-02-13
CUST104428,60,Female,Pune,Maharashtra,New,2026-01-07
CUST104429,42,Male,Mysuru,Karnataka,New,2024-08-12
CUST104430,30,Female,Varanasi,Uttar Pradesh,Returning,2024-05-22
CUST104431,41,Female,Jabalpur,Madhya Pradesh,Returning,2025-07-31
CUST104432,28,Female,Kolkata,West Bengal,New,2025-06-23
CUST104433,34,Female,Surat,Gujarat,New,2024-05-04
CUST104434,54,Female,Bhubaneswar,Odisha,Returning,2024-07-30
CUST104435,30,Female,Nagpur,Maharashtra,Returning,2025-03-03
CUST104436,44,Male,New Delhi,Delhi,Returning,2025-03-12
CUST104437,37,Male,Coimbatore,Tamil Nadu,Returning,2025-08-14
CUST104438,50,Male,Kanpur,Uttar Pradesh,Returning,2024-08-25
CUST104439,59,Male,Faridabad,Haryana,Returning,2025-10-05
CUST104440,49,Female,Bengaluru,Karnataka,New,2024-11-23
CUST104441,25,Female,Kochi,Kerala,New,2026-03-22
CUST104442,46,Female,Gaya,Bihar,Returning,2024-04-28
CUST104443,57,Male,Mysuru,Karnataka,Returning,2024-02-15
CUST104444,36,Male,Coimbatore,Tamil Nadu,Returning,2024-03-24
CUST104445,23,Female,Warangal,Telangana,Returning,2026-03-04
CUST104446,56,Female,Faridabad,Haryana,Returning,2024-12-17
CUST104447,58,Male,Bengaluru,Karnataka,New,2024-01-13
CUST104448,38,Male,Kanpur,Uttar Pradesh,Returning,2025-09-28
CUST104449,39,Male,Madurai,Tamil Nadu,Returning,2026-04-16
CUST104450,59,Female,Lucknow,Uttar Pradesh,Returning,2024-06-20
CUST104451,27,Female,Warangal,Telangana,Returning,2024-08-21
CUST104452,27,Male,Kolkata,West Bengal,New,2024-06-29
CUST104453,46,Male,Patna,Bihar,New,2024-02-20
CUST104454,33,Male,Patna,Bihar,Returning,2026-02-19
CUST104455,18,Male,Thiruvananthapuram,Kerala,Returning,2025-11-11
CUST104456,34,Male,Nagpur,Maharashtra,New,2025-01-29
CUST104457,47,Male,Bhopal,Madhya Pradesh,Returning,2026-04-07
CUST104458,43,Female,Pune,Maharashtra,Returning,2026-03-10
CUST104459,36,Female,Warangal,Telangana,Returning,2025-03-04
CUST104460,38,Male,Kolkata,West Bengal,Returning,2024-09-30
CUST104461,34,Female,Warangal,Telangana,New,2026-05-10
CUST104462,57,Male,Ahmedabad,Gujarat,New,2024-07-25
CUST104463,38,Male,Gurugram,Haryana,Returning,2024-05-27
CUST104464,58,Other,Nagpur,Maharashtra,Returning,2024-10-26
CUST104465,57,Female,Gwalior,Madhya Pradesh,Returning,2025-03-28
CUST104466,36,Female,Madurai,Tamil Nadu,Returning,2025-07-02
CUST104467,24,Male,Nagpur,Maharashtra,Returning,2025-11-03
CUST104468,34,Male,Bengaluru,Karnataka,Returning,2025-01-17
CUST104469,18,Male,Ludhiana,Punjab,Returning,2026-02-25
CUST104470,54,Female,Thiruvananthapuram,Kerala,Returning,2026-03-10
CUST104471,23,Female,Bhubaneswar,Odisha,New,2025-09-09
CUST104472,43,Male,Faridabad,Haryana,Returning,2025-06-17
CUST104473,19,Male,Mysuru,Karnataka,Returning,2024-08-20
CUST104474,49,Male,Chennai,Tamil Nadu,Returning,2025-09-25
CUST104475,22,Female,Gwalior,Madhya Pradesh,Returning,2024-05-08
CUST104476,54,Female,Surat,Gujarat,Returning,2026-04-01
CUST104477,48,Female,Warangal,Telangana,Returning,2025-12-29
CUST104478,29,Male,Coimbatore,Tamil Nadu,Returning,2025-10-21
CUST104479,52,Male,Udaipur,Rajasthan,Returning,2025-07-23
CUST104480,47,Female,Kolkata,West Bengal,New,2024-08-24
CUST104481,23,Female,Bengaluru,Karnataka,Returning,2025-08-04
CUST104482,32,Male,Ahmedabad,Gujarat,Returning,2025-12-01
CUST104483,32,Female,Kolkata,West Bengal,New,2026-01-23
CUST104484,33,Male,Kolkata,West Bengal,Returning,2025-07-28
CUST104485,37,Male,Bengaluru,Karnataka,New,2025-04-29
CUST104486,30,Female,Lucknow,Uttar Pradesh,New,2024-08-28
CUST104487,59,Female,Nagpur,Maharashtra,New,2025-11-27
CUST104488,48,Male,Chennai,Tamil Nadu,New,2026-02-09
CUST104489,51,Female,Varanasi,Uttar Pradesh,New,2026-01-10
CUST104490,46,Female,Kolkata,West Bengal,New,2024-08-10
CUST104491,20,Male,New Delhi,Delhi,Returning,2024-04-08
CUST104492,26,Male,Bhopal,Madhya Pradesh,New,2026-01-28
CUST104493,28,Male,Kolkata,West Bengal,New,2025-07-10
CUST104494,28,Female,Lucknow,Uttar Pradesh,New,2024-09-29
CUST104495,42,Female,Kanpur,Uttar Pradesh,Returning,2025-02-02
CUST104496,39,Female,Jodhpur,Rajasthan,Returning,2025-05-31
CUST104497,59,Female,Vadodara,Gujarat,Returning,2025-03-05
CUST104498,26,Male,Pune,Maharashtra,New,2025-06-06
CUST104499,37,Female,New Delhi,Delhi,New,2024-12-13
CUST104500,38,Male,Hyderabad,Telangana,Returning,2025-07-04
CUST104501,27,Female,Jaipur,Rajasthan,Returning,2025-03-26
CUST104502,39,Female,Ahmedabad,Gujarat,New,2024-02-11
CUST104503,46,Other,New Delhi,Delhi,Returning,2025-12-15
CUST104504,26,Female,Pune,Maharashtra,New,2024-04-03
CUST104505,22,Female,Surat,Gujarat,New,2025-04-30
CUST104506,57,Female,New Delhi,Delhi,Returning,2025-05-31
CUST104507,28,Female,Varanasi,Uttar Pradesh,Returning,2025-07-17
CUST104508,18,Male,Nagpur,Maharashtra,New,2024-05-29
CUST104509,59,Female,Kolkata,West Bengal,New,2025-12-17
CUST104510,18,Male,Ludhiana,Punjab,Returning,2026-03-22
CUST104511,56,Male,Bengaluru,Karnataka,Returning,2025-05-13
CUST104512,22,Male,Surat,Gujarat,Returning,2025-01-05
CUST104513,39,Female,Pune,Maharashtra,Returning,2025-11-29
CUST104514,43,Male,Jaipur,Rajasthan,Returning,2025-04-29
CUST104515,23,Female,Kolkata,West Bengal,New,2025-10-26
CUST104516,49,Male,Hyderabad,Telangana,New,2025-01-17
CUST104517,28,Male,Vadodara,Gujarat,Returning,2025-09-19
CUST104518,27,Female,Bhubaneswar,Odisha,Returning,2025-10-22
CUST104519,56,Male,Mangaluru,Karnataka,New,2026-01-01
CUST104520,51,Male,Nashik,Maharashtra,Returning,2024-07-10
CUST104521,48,Male,Kochi,Kerala,New,2026-01-14
CUST104522,29,Female,Kolkata,West Bengal,New,2026-04-15
CUST104523,33,Male,Kochi,Kerala,New,2024-08-08
CUST104524,55,Male,Jodhpur,Rajasthan,Returning,2024-02-16
CUST104525,20,Female,Patna,Bihar,New,2024-05-06
CUST104526,19,Male,Warangal,Telangana,New,2026-03-13
CUST104527,22,Female,Noida,Uttar Pradesh,Returning,2025-12-27
CUST104528,28,Female,Cuttack,Odisha,Returning,2024-01-07
CUST104529,42,Male,Kolkata,West Bengal,Returning,2025-11-26
CUST104530,52,Male,Mangaluru,Karnataka,New,2024-04-25
CUST104531,52,Male,New Delhi,Delhi,Returning,2025-07-17
CUST104532,39,Male,Mangaluru,Karnataka,Returning,2024-12-31
CUST104533,54,Female,New Delhi,Delhi,New,2024-02-15
CUST104534,39,Female,New Delhi,Delhi,Returning,2025-01-27
CUST104535,28,Male,Kolkata,West Bengal,Returning,2024-01-23
CUST104536,49,Female,Kolkata,West Bengal,New,2024-05-10
CUST104537,52,Male,Warangal,Telangana,Returning,2024-05-06
CUST104538,48,Male,Jodhpur,Rajasthan,Returning,2025-03-20
CUST104539,25,Female,Pune,Maharashtra,Returning,2026-02-15
CUST104540,37,Female,Pune,Maharashtra,Returning,2024-11-04
CUST104541,59,Male,Mysuru,Karnataka,New,2025-12-08
CUST104542,51,Male,Ahmedabad,Gujarat,New,2025-03-08
CUST104543,21,Male,Bengaluru,Karnataka,Returning,2025-04-17
CUST104544,35,Male,New Delhi,Delhi,Returning,2024-02-17
CUST104545,21,Male,Madurai,Tamil Nadu,Returning,2026-06-09
CUST104546,37,Female,Gaya,Bihar,Returning,2024-03-22
CUST104547,26,Female,Mumbai,Maharashtra,New,2024-04-18
CUST104548,33,Female,Jabalpur,Madhya Pradesh,Returning,2024-09-19
CUST104549,43,Female,Jabalpur,Madhya Pradesh,Returning,2026-05-16
CUST104550,55,Female,Kanpur,Uttar Pradesh,Returning,2024-01-31
CUST104551,42,Female,Ludhiana,Punjab,Returning,2024-12-23
CUST104552,21,Female,Nagpur,Maharashtra,Returning,2025-07-21
CUST104553,58,Female,Mysuru,Karnataka,Returning,2025-04-24
CUST104554,58,Male,Kochi,Kerala,Returning,2026-05-16
CUST104555,55,Male,Warangal,Telangana,Returning,2024-07-07
CUST104556,36,Female,Kolkata,West Bengal,Returning,2024-01-05
CUST104557,31,Male,Bhopal,Madhya Pradesh,New,2024-10-12
CUST104558,38,Female,Indore,Madhya Pradesh,Returning,2026-02-28
CUST104559,32,Male,Ludhiana,Punjab,Returning,2025-10-18
CUST104560,20,Female,Faridabad,Haryana,New,2025-01-28
CUST104561,54,Male,Lucknow,Uttar Pradesh,Returning,2025-03-30
CUST104562,33,Female,New Delhi,Delhi,New,2025-12-08
CUST104563,31,Male,Thiruvananthapuram,Kerala,Returning,2025-03-01
CUST104564,26,Female,Pune,Maharashtra,Returning,2024-01-27
CUST104565,24,Male,Mysuru,Karnataka,Returning,2024-05-06
CUST104566,31,Female,Bhubaneswar,Odisha,Returning,2024-05-14
CUST104567,23,Female,New Delhi,Delhi,New,2025-06-18
CUST104568,38,Male,Mangaluru,Karnataka,Returning,2024-11-26
CUST104569,32,Female,Nagpur,Maharashtra,New,2025-09-20
CUST104570,25,Male,Kochi,Kerala,New,2025-01-26
CUST104571,51,Female,Ahmedabad,Gujarat,Returning,2024-01-08
CUST104572,57,Male,Indore,Madhya Pradesh,Returning,2025-09-04
CUST104573,18,Male,Mangaluru,Karnataka,New,2024-09-17
CUST104574,49,Female,Kanpur,Uttar Pradesh,Returning,2024-07-17
CUST104575,22,Female,Kanpur,Uttar Pradesh,Returning,2025-08-20
CUST104576,47,Male,New Delhi,Delhi,Returning,2026-01-09
CUST104577,39,Male,Hyderabad,Telangana,Returning,2025-01-20
CUST104578,37,Male,Mangaluru,Karnataka,Returning,2025-04-16
CUST104579,33,Female,Faridabad,Haryana,Returning,2024-06-27
CUST104580,24,Male,Indore,Madhya Pradesh,New,2025-03-25
CUST104581,24,Female,Ludhiana,Punjab,Returning,2024-08-27
CUST104582,19,Female,New Delhi,Delhi,Returning,2025-06-07
CUST104583,31,Male,Varanasi,Uttar Pradesh,New,2026-03-25
CUST104584,48,Female,Lucknow,Uttar Pradesh,New,2026-01-15
CUST104585,58,Female,Bhopal,Madhya Pradesh,New,2024-07-01
CUST104586,31,Female,Faridabad,Haryana,Returning,2026-03-04
CUST104587,22,Male,Chennai,Tamil Nadu,Returning,2024-12-23
CUST104588,28,Male,Mumbai,Maharashtra,Returning,2025-01-10
CUST104589,57,Male,Bhopal,Madhya Pradesh,Returning,2025-12-02
CUST104590,22,Male,Varanasi,Uttar Pradesh,Returning,2026-04-17
CUST104591,46,Male,Kolkata,West Bengal,Returning,2025-12-27
CUST104592,28,Male,Bengaluru,Karnataka,New,2026-02-08
CUST104593,22,Female,Surat,Gujarat,New,2025-06-21
CUST104594,49,Female,New Delhi,Delhi,Returning,2026-02-20
CUST104595,53,Female,Warangal,Telangana,Returning,2024-03-22
CUST104596,32,Female,Bhopal,Madhya Pradesh,Returning,2024-12-23
CUST104597,36,Male,Kanpur,Uttar Pradesh,Returning,2024-07-03
CUST104598,39,Female,Bengaluru,Karnataka,New,2024-10-14
CUST104599,51,Female,Hyderabad,Telangana,Returning,2024-03-02
CUST104600,34,Male,New Delhi,Delhi,Returning,2026-06-01
CUST104601,29,Male,Mangaluru,Karnataka,New,2025-05-21
CUST104602,42,Male,Varanasi,Uttar Pradesh,Returning,2025-04-06
CUST104603,34,Female,Cuttack,Odisha,Returning,2024-01-30
CUST104604,27,Female,Chennai,Tamil Nadu,Returning,2024-01-31
CUST104605,45,Female,Kanpur,Uttar Pradesh,Returning,2024-10-19
CUST104606,35,Female,Bhubaneswar,Odisha,New,2024-06-21
CUST104607,35,Female,Thiruvananthapuram,Kerala,New,2025-09-05
CUST104608,49,Male,Bengaluru,Karnataka,Returning,2024-05-07
CUST104609,31,Female,Ludhiana,Punjab,Returning,2024-03-26
CUST104610,33,Female,Coimbatore,Tamil Nadu,New,2024-11-10
CUST104611,35,Female,Madurai,Tamil Nadu,New,2024-01-28
CUST104612,33,Male,Pune,Maharashtra,Returning,2024-05-01
CUST104613,34,Male,Surat,Gujarat,Returning,2024-09-07
CUST104614,24,Male,Mumbai,Maharashtra,Returning,2025-07-26
CUST104615,29,Female,New Delhi,Delhi,New,2025-02-06
CUST104616,51,Female,New Delhi,Delhi,New,2025-11-13
CUST104617,27,Female,Patna,Bihar,New,2025-03-18
CUST104618,22,Female,Thiruvananthapuram,Kerala,Returning,2024-09-28
CUST104619,38,Male,New Delhi,Delhi,New,2026-04-16
CUST104620,20,Male,Thiruvananthapuram,Kerala,Returning,2026-03-22
CUST104621,36,Male,Thiruvananthapuram,Kerala,Returning,2024-04-22
CUST104622,52,Male,Varanasi,Uttar Pradesh,New,2025-12-06
CUST104623,23,Male,Nashik,Maharashtra,Returning,2025-01-28
CUST104624,31,Female,Jabalpur,Madhya Pradesh,Returning,2024-01-19
CUST104625,21,Other,Amritsar,Punjab,Returning,2026-05-01
CUST104626,35,Female,Bhopal,Madhya Pradesh,Returning,2025-08-27
CUST104627,46,Male,Madurai,Tamil Nadu,New,2025-12-29
CUST104628,52,Female,Ahmedabad,Gujarat,New,2025-04-09
CUST104629,55,Female,Bhopal,Madhya Pradesh,Returning,2025-11-21
CUST104630,33,Male,Surat,Gujarat,Returning,2024-07-09
CUST104631,37,Female,Nagpur,Maharashtra,New,2025-05-07
CUST104632,41,Female,New Delhi,Delhi,Returning,2024-06-11
CUST104633,52,Female,Kanpur,Uttar Pradesh,Returning,2025-09-03
CUST104634,36,Female,Kochi,Kerala,New,2025-11-29
CUST104635,21,Male,Nagpur,Maharashtra,Returning,2024-10-21
CUST104636,50,Male,Amritsar,Punjab,New,2025-08-01
CUST104637,19,Female,Chennai,Tamil Nadu,Returning,2024-03-13
CUST104638,30,Female,Gwalior,Madhya Pradesh,Returning,2026-01-13
CUST104639,47,Male,Varanasi,Uttar Pradesh,New,2025-12-01
CUST104640,51,Female,Patna,Bihar,Returning,2025-07-15
CUST104641,47,Female,Ludhiana,Punjab,Returning,2024-11-04
CUST104642,41,Female,New Delhi,Delhi,Returning,2024-10-28
CUST104643,50,Male,Kochi,Kerala,New,2024-11-03
CUST104644,58,Female,Nagpur,Maharashtra,Returning,2024-05-03
CUST104645,27,Female,Bhopal,Madhya Pradesh,Returning,2025-10-30
CUST104646,35,Male,Noida,Uttar Pradesh,Returning,2024-09-17
CUST104647,36,Female,Bhopal,Madhya Pradesh,Returning,2024-07-13
CUST104648,24,Male,New Delhi,Delhi,New,2026-04-21
CUST104649,36,Female,Kochi,Kerala,New,2024-12-16
CUST104650,41,Female,Mysuru,Karnataka,Returning,2026-04-22
CUST104651,32,Female,Nagpur,Maharashtra,New,2026-02-06
CUST104652,58,Female,Noida,Uttar Pradesh,Returning,2025-05-03
CUST104653,59,Male,Ahmedabad,Gujarat,Returning,2024-07-18
CUST104654,40,Male,Thiruvananthapuram,Kerala,Returning,2026-06-02
CUST104655,21,Female,Madurai,Tamil Nadu,Returning,2025-05-22
CUST104656,55,Female,Mysuru,Karnataka,Returning,2026-06-16
CUST104657,21,Female,Gaya,Bihar,Returning,2025-08-02
CUST104658,22,Male,Kolkata,West Bengal,New,2025-03-21
CUST104659,58,Male,Bengaluru,Karnataka,New,2024-03-20
CUST104660,40,Female,Lucknow,Uttar Pradesh,New,2026-01-14
CUST104661,57,Male,Ahmedabad,Gujarat,Returning,2025-11-28
CUST104662,54,Male,Jodhpur,Rajasthan,Returning,2025-09-08
CUST104663,28,Male,Vadodara,Gujarat,New,2025-04-13
CUST104664,28,Female,Gaya,Bihar,Returning,2026-04-16
CUST104665,30,Female,Patna,Bihar,New,2025-03-17
CUST104666,31,Female,Noida,Uttar Pradesh,Returning,2025-10-15
CUST104667,25,Male,Pune,Maharashtra,New,2024-09-28
CUST104668,42,Male,Patna,Bihar,Returning,2024-12-08
CUST104669,35,Male,Bhopal,Madhya Pradesh,Returning,2024-05-03
CUST104670,35,Female,Gwalior,Madhya Pradesh,Returning,2024-08-10
CUST104671,27,Female,Madurai,Tamil Nadu,New,2025-05-04
CUST104672,24,Female,Thiruvananthapuram,Kerala,Returning,2025-11-16
CUST104673,31,Male,Lucknow,Uttar Pradesh,New,2025-12-03
CUST104674,32,Female,Nagpur,Maharashtra,Returning,2025-10-13
CUST104675,33,Female,Hyderabad,Telangana,Returning,2024-10-23
CUST104676,19,Male,Thiruvananthapuram,Kerala,Returning,2024-04-28
CUST104677,47,Female,Nashik,Maharashtra,Returning,2026-02-25
CUST104678,47,Female,Faridabad,Haryana,Returning,2024-03-16
CUST104679,35,Female,Gwalior,Madhya Pradesh,Returning,2025-09-12
CUST104680,48,Male,Jodhpur,Rajasthan,New,2025-09-22
CUST104681,30,Male,New Delhi,Delhi,Returning,2026-05-30
CUST104682,37,Male,New Delhi,Delhi,New,2024-09-14
CUST104683,52,Male,Amritsar,Punjab,New,2025-06-15
CUST104684,40,Male,New Delhi,Delhi,Returning,2025-09-22
CUST104685,59,Male,Lucknow,Uttar Pradesh,Returning,2024-12-16
CUST104686,50,Male,Coimbatore,Tamil Nadu,New,2025-10-10
CUST104687,55,Male,Nashik,Maharashtra,Returning,2024-10-03
CUST104688,52,Female,Nashik,Maharashtra,New,2024-09-11
CUST104689,53,Female,Kolkata,West Bengal,Returning,2024-09-20
CUST104690,37,Female,Faridabad,Haryana,Returning,2025-11-09
CUST104691,20,Male,Madurai,Tamil Nadu,Returning,2025-11-07
CUST104692,25,Male,Coimbatore,Tamil Nadu,Returning,2024-01-29
CUST104693,57,Male,Coimbatore,Tamil Nadu,New,2025-04-11
CUST104694,49,Female,Surat,Gujarat,Returning,2024-02-04
CUST104695,46,Female,Hyderabad,Telangana,New,2026-01-18
CUST104696,24,Female,Thiruvananthapuram,Kerala,New,2024-10-20
CUST104697,19,Male,Ahmedabad,Gujarat,Returning,2025-08-24
CUST104698,38,Female,Ahmedabad,Gujarat,New,2024-07-21
CUST104699,23,Male,Mumbai,Maharashtra,Returning,2026-01-09
CUST104700,45,Female,Gurugram,Haryana,Returning,2024-03-08
CUST104701,59,Female,New Delhi,Delhi,Returning,2024-05-10
CUST104702,53,Male,Nagpur,Maharashtra,Returning,2026-05-26
CUST104703,49,Female,Indore,Madhya Pradesh,Returning,2024-04-20
CUST104704,59,Female,Udaipur,Rajasthan,Returning,2025-06-07
CUST104705,26,Male,Hyderabad,Telangana,Returning,2024-10-14
CUST104706,28,Female,Warangal,Telangana,New,2025-11-17
CUST104707,40,Other,Lucknow,Uttar Pradesh,Returning,2026-04-10
CUST104708,28,Male,Mangaluru,Karnataka,Returning,2025-10-27
CUST104709,19,Female,Gaya,Bihar,Returning,2024-02-12
CUST104710,20,Male,Indore,Madhya Pradesh,New,2026-05-24
CUST104711,28,Female,Hyderabad,Telangana,New,2025-12-17
CUST104712,52,Male,Hyderabad,Telangana,Returning,2025-11-14
CUST104713,32,Male,New Delhi,Delhi,Returning,2024-10-20
CUST104714,60,Male,Lucknow,Uttar Pradesh,Returning,2024-10-11
CUST104715,28,Female,Surat,Gujarat,Returning,2026-04-02
CUST104716,48,Female,New Delhi,Delhi,Returning,2025-07-17
CUST104717,45,Female,Jaipur,Rajasthan,Returning,2025-09-18
CUST104718,45,Male,Gurugram,Haryana,New,2024-01-19
CUST104719,49,Male,Warangal,Telangana,Returning,2025-05-21
CUST104720,42,Female,Cuttack,Odisha,New,2025-06-30
CUST104721,37,Male,Chennai,Tamil Nadu,New,2024-02-17
CUST104722,45,Female,Nagpur,Maharashtra,Returning,2026-01-14
CUST104723,42,Female,Bengaluru,Karnataka,New,2024-08-06
CUST104724,28,Female,Warangal,Telangana,Returning,2025-09-13
CUST104725,36,Female,Bengaluru,Karnataka,New,2026-02-04
CUST104726,45,Female,Nashik,Maharashtra,New,2024-07-06
CUST104727,18,Male,Cuttack,Odisha,Returning,2024-01-31
CUST104728,22,Female,Thiruvananthapuram,Kerala,Returning,2024-09-15
CUST104729,27,Female,Lucknow,Uttar Pradesh,Returning,2025-11-05
CUST104730,59,Male,Bengaluru,Karnataka,Returning,2024-12-09
CUST104731,51,Female,Mumbai,Maharashtra,New,2024-11-03
CUST104732,53,Male,Mumbai,Maharashtra,Returning,2024-03-11
CUST104733,19,Female,Varanasi,Uttar Pradesh,New,2024-11-02
CUST104734,35,Male,Cuttack,Odisha,Returning,2025-07-21
CUST104735,30,Male,Warangal,Telangana,Returning,2024-04-08
CUST104736,22,Female,Nagpur,Maharashtra,Returning,2024-01-21
CUST104737,37,Male,Ahmedabad,Gujarat,Returning,2026-06-15
CUST104738,19,Male,Madurai,Tamil Nadu,New,2025-09-11
CUST104739,28,Male,Madurai,Tamil Nadu,Returning,2025-07-18
CUST104740,47,Female,Jaipur,Rajasthan,New,2024-01-06
CUST104741,49,Female,Noida,Uttar Pradesh,New,2024-08-18
CUST104742,49,Male,Pune,Maharashtra,Returning,2024-03-22
CUST104743,55,Male,Mumbai,Maharashtra,New,2024-08-04
CUST104744,45,Female,Faridabad,Haryana,New,2024-11-30
CUST104745,27,Female,Bengaluru,Karnataka,Returning,2025-07-12
CUST104746,39,Female,Nashik,Maharashtra,Returning,2026-05-13
CUST104747,34,Female,Mysuru,Karnataka,New,2026-05-23
CUST104748,39,Female,Nashik,Maharashtra,Returning,2026-01-22
CUST104749,60,Female,Chennai,Tamil Nadu,Returning,2025-11-20
CUST104750,36,Female,Lucknow,Uttar Pradesh,Returning,2025-08-16
CUST104751,34,Female,Chennai,Tamil Nadu,Returning,2026-03-09
CUST104752,41,Male,Warangal,Telangana,Returning,2025-12-04
CUST104753,53,Female,Gwalior,Madhya Pradesh,Returning,2025-10-16
CUST104754,49,Female,Surat,Gujarat,Returning,2026-04-05
CUST104755,53,Female,Kochi,Kerala,New,2026-03-01
CUST104756,45,Male,Kochi,Kerala,Returning,2025-07-06
CUST104757,31,Male,Mumbai,Maharashtra,Returning,2025-04-03
CUST104758,53,Male,Noida,Uttar Pradesh,Returning,2026-02-21
CUST104759,23,Female,Warangal,Telangana,New,2024-03-27
CUST104760,26,Male,Gurugram,Haryana,Returning,2025-05-29
CUST104761,38,Female,Surat,Gujarat,Returning,2025-12-23
CUST104762,29,Female,Gurugram,Haryana,Returning,2025-05-27
CUST104763,47,Male,Noida,Uttar Pradesh,Returning,2025-08-09
CUST104764,48,Male,New Delhi,Delhi,Returning,2025-04-22
CUST104765,57,Male,Surat,Gujarat,New,2025-05-12
CUST104766,21,Male,Gurugram,Haryana,Returning,2026-01-12
CUST104767,48,Male,Kochi,Kerala,Returning,2025-03-24
CUST104768,44,Female,Nashik,Maharashtra,New,2025-08-10
CUST104769,42,Female,Kanpur,Uttar Pradesh,New,2024-09-16
CUST104770,22,Female,Madurai,Tamil Nadu,Returning,2025-06-20
CUST104771,23,Male,Nashik,Maharashtra,Returning,2024-07-18
CUST104772,22,Female,Warangal,Telangana,Returning,2025-04-07
CUST104773,44,Male,Bengaluru,Karnataka,New,2024-04-03
CUST104774,25,Female,Gaya,Bihar,New,2024-12-17
CUST104775,26,Female,Coimbatore,Tamil Nadu,New,2024-04-17
CUST104776,32,Female,Gaya,Bihar,Returning,2024-12-20
CUST104777,53,Female,Pune,Maharashtra,Returning,2025-04-13
CUST104778,58,Male,New Delhi,Delhi,Returning,2024-04-04
CUST104779,24,Female,Mysuru,Karnataka,Returning,2026-05-17
CUST104780,49,Female,Bengaluru,Karnataka,New,2024-03-31
CUST104781,25,Female,Nashik,Maharashtra,New,2024-02-13
CUST104782,32,Female,Bengaluru,Karnataka,New,2025-03-31
CUST104783,54,Female,Kolkata,West Bengal,New,2025-01-18
CUST104784,36,Female,New Delhi,Delhi,New,2024-01-23
CUST104785,56,Male,Warangal,Telangana,Returning,2025-12-02
CUST104786,23,Female,Chennai,Tamil Nadu,Returning,2024-01-23
CUST104787,36,Female,Thiruvananthapuram,Kerala,Returning,2024-08-21
CUST104788,45,Male,Bhubaneswar,Odisha,Returning,2025-11-28
CUST104789,34,Female,Ahmedabad,Gujarat,Returning,2024-11-06
CUST104790,59,Female,Madurai,Tamil Nadu,Returning,2025-02-20
CUST104791,36,Male,Pune,Maharashtra,New,2024-11-28
CUST104792,48,Female,Ludhiana,Punjab,Returning,2025-07-28
CUST104793,28,Male,Nagpur,Maharashtra,New,2024-04-12
CUST104794,32,Male,New Delhi,Delhi,New,2025-05-14
CUST104795,27,Male,New Delhi,Delhi,New,2026-04-07
CUST104796,60,Male,New Delhi,Delhi,Returning,2025-04-27
CUST104797,40,Female,Mysuru,Karnataka,Returning,2024-07-07
CUST104798,20,Female,Noida,Uttar Pradesh,Returning,2026-04-27
CUST104799,20,Female,Mumbai,Maharashtra,Returning,2025-04-04
CUST104800,35,Female,Udaipur,Rajasthan,Returning,2024-07-07
CUST104801,42,Male,Nagpur,Maharashtra,Returning,2024-12-16
CUST104802,60,Male,Nagpur,Maharashtra,Returning,2025-08-03
CUST104803,37,Male,Cuttack,Odisha,Returning,2024-04-23
CUST104804,46,Male,Mysuru,Karnataka,New,2024-04-13
CUST104805,39,Female,Patna,Bihar,New,2025-09-11
CUST104806,32,Male,Kolkata,West Bengal,Returning,2025-05-22
CUST104807,56,Male,Nashik,Maharashtra,New,2024-12-10
CUST104808,27,Male,Amritsar,Punjab,Returning,2024-01-21
CUST104809,38,Female,New Delhi,Delhi,Returning,2025-01-21
CUST104810,46,Male,Kochi,Kerala,Returning,2026-02-16
CUST104811,49,Female,Mangaluru,Karnataka,New,2026-05-04
CUST104812,27,Male,Kochi,Kerala,Returning,2024-07-27
CUST104813,30,Male,Nagpur,Maharashtra,Returning,2025-11-12
CUST104814,40,Female,Ahmedabad,Gujarat,Returning,2025-04-27
CUST104815,40,Male,Lucknow,Uttar Pradesh,Returning,2025-04-17
CUST104816,48,Male,Amritsar,Punjab,Returning,2025-12-06
CUST104817,21,Female,Bhubaneswar,Odisha,Returning,2026-05-08
CUST104818,20,Male,Gaya,Bihar,New,2025-01-27
CUST104819,38,Male,Thiruvananthapuram,Kerala,Returning,2025-09-26
CUST104820,19,Male,Mangaluru,Karnataka,New,2025-11-19
CUST104821,21,Male,New Delhi,Delhi,New,2025-05-30
CUST104822,18,Female,New Delhi,Delhi,New,2024-07-06
CUST104823,32,Male,Madurai,Tamil Nadu,Returning,2024-12-11
CUST104824,50,Female,Madurai,Tamil Nadu,New,2024-12-17
CUST104825,23,Female,Kolkata,West Bengal,New,2025-06-24
CUST104826,24,Male,Bengaluru,Karnataka,Returning,2025-08-20
CUST104827,36,Male,Jabalpur,Madhya Pradesh,Returning,2024-02-16
CUST104828,18,Male,Mangaluru,Karnataka,New,2024-03-17
CUST104829,56,Male,New Delhi,Delhi,Returning,2024-12-08
CUST104830,36,Male,Surat,Gujarat,Returning,2024-07-09
CUST104831,43,Female,Noida,Uttar Pradesh,New,2025-06-26
CUST104832,29,Other,Kanpur,Uttar Pradesh,Returning,2026-03-29
CUST104833,39,Female,Jabalpur,Madhya Pradesh,Returning,2025-11-11
CUST104834,30,Male,Bengaluru,Karnataka,Returning,2024-02-05
CUST104835,45,Male,Kolkata,West Bengal,Returning,2026-01-26
CUST104836,31,Male,Mumbai,Maharashtra,Returning,2025-02-27
CUST104837,39,Female,Madurai,Tamil Nadu,New,2024-12-16
CUST104838,47,Male,Warangal,Telangana,Returning,2024-07-06
CUST104839,37,Male,Nagpur,Maharashtra,New,2025-06-10
CUST104840,44,Male,New Delhi,Delhi,Returning,2024-11-29
CUST104841,55,Female,Ludhiana,Punjab,New,2025-04-27
CUST104842,59,Male,Amritsar,Punjab,Returning,2024-08-03
CUST104843,58,Male,Coimbatore,Tamil Nadu,New,2024-06-06
CUST104844,51,Male,Mumbai,Maharashtra,Returning,2025-10-28
CUST104845,56,Male,Mangaluru,Karnataka,Returning,2024-08-28
CUST104846,58,Female,Madurai,Tamil Nadu,Returning,2024-10-22
CUST104847,54,Female,Ludhiana,Punjab,Returning,2025-04-06
CUST104848,18,Male,Mumbai,Maharashtra,Returning,2024-02-14
CUST104849,32,Female,Noida,Uttar Pradesh,New,2025-05-09
CUST104850,49,Male,Mumbai,Maharashtra,New,2024-06-23
CUST104851,25,Female,Gurugram,Haryana,Returning,2024-12-11
CUST104852,50,Male,Chennai,Tamil Nadu,Returning,2024-02-25
CUST104853,35,Female,Noida,Uttar Pradesh,New,2025-07-19
CUST104854,46,Male,Chennai,Tamil Nadu,New,2024-12-06
CUST104855,49,Female,Jodhpur,Rajasthan,New,2026-02-15
CUST104856,50,Female,Mysuru,Karnataka,Returning,2026-06-04
CUST104857,22,Female,Mumbai,Maharashtra,Returning,2026-01-20
CUST104858,35,Female,Ludhiana,Punjab,Returning,2026-04-12
CUST104859,27,Other,Cuttack,Odisha,New,2024-04-17
CUST104860,53,Female,Thiruvananthapuram,Kerala,New,2025-12-10
CUST104861,50,Male,Jodhpur,Rajasthan,New,2026-06-15
CUST104862,40,Other,Gaya,Bihar,Returning,2024-08-01
CUST104863,57,Male,Nagpur,Maharashtra,Returning,2025-05-13
CUST104864,22,Other,Chennai,Tamil Nadu,New,2026-01-27
CUST104865,51,Male,New Delhi,Delhi,Returning,2025-01-31
CUST104866,41,Male,Jodhpur,Rajasthan,New,2025-07-03
CUST104867,34,Male,Chennai,Tamil Nadu,Returning,2025-05-11
CUST104868,48,Female,Mysuru,Karnataka,Returning,2024-06-21
CUST104869,24,Female,Jaipur,Rajasthan,New,2024-04-14
CUST104870,34,Male,Gaya,Bihar,Returning,2025-07-05
CUST104871,45,Male,Coimbatore,Tamil Nadu,Returning,2025-04-23
CUST104872,55,Male,Mumbai,Maharashtra,Returning,2025-02-02
CUST104873,39,Male,Bengaluru,Karnataka,Returning,2025-03-09
CUST104874,32,Female,Bengaluru,Karnataka,New,2025-10-03
CUST104875,54,Male,New Delhi,Delhi,Returning,2025-11-23
CUST104876,32,Female,Indore,Madhya Pradesh,New,2024-07-12
CUST104877,42,Female,Jodhpur,Rajasthan,Returning,2026-04-22
CUST104878,38,Male,Indore,Madhya Pradesh,New,2026-03-11
CUST104879,55,Female,Madurai,Tamil Nadu,New,2025-04-10
CUST104880,19,Male,Gaya,Bihar,New,2024-12-06
CUST104881,44,Male,Mysuru,Karnataka,New,2024-02-28
CUST104882,49,Female,Vadodara,Gujarat,Returning,2026-05-12
CUST104883,38,Male,Noida,Uttar Pradesh,New,2025-06-21
CUST104884,21,Male,Mysuru,Karnataka,Returning,2025-04-22
CUST104885,36,Female,Mumbai,Maharashtra,New,2024-04-12
CUST104886,19,Female,Kochi,Kerala,Returning,2025-06-16
CUST104887,43,Male,Chennai,Tamil Nadu,Returning,2025-08-14
CUST104888,51,Female,Jabalpur,Madhya Pradesh,Returning,2026-04-18
CUST104889,31,Male,Nashik,Maharashtra,Returning,2025-12-11
CUST104890,32,Female,Jabalpur,Madhya Pradesh,Returning,2024-11-17
CUST104891,37,Male,New Delhi,Delhi,Returning,2025-07-02
CUST104892,51,Male,Pune,Maharashtra,Returning,2024-01-14
CUST104893,53,Female,Jaipur,Rajasthan,Returning,2025-03-31
CUST104894,36,Male,Mangaluru,Karnataka,Returning,2024-08-08
CUST104895,26,Male,Madurai,Tamil Nadu,New,2026-05-25
CUST104896,24,Male,Mumbai,Maharashtra,Returning,2025-01-25
CUST104897,47,Male,Mangaluru,Karnataka,New,2025-11-08
CUST104898,30,Male,New Delhi,Delhi,Returning,2024-06-21
CUST104899,44,Male,Mumbai,Maharashtra,Returning,2025-10-23
CUST104900,52,Male,Cuttack,Odisha,Returning,2025-11-14
CUST104901,30,Male,Nashik,Maharashtra,Returning,2024-03-21
CUST104902,32,Female,Surat,Gujarat,Returning,2024-12-01
CUST104903,26,Other,Pune,Maharashtra,Returning,2024-08-12
CUST104904,40,Female,New Delhi,Delhi,Returning,2026-05-20
CUST104905,53,Female,Bhubaneswar,Odisha,New,2024-02-04
CUST104906,57,Female,Mangaluru,Karnataka,Returning,2026-05-19
CUST104907,20,Female,Faridabad,Haryana,Returning,2024-07-06
CUST104908,51,Female,Mysuru,Karnataka,New,2024-08-11
CUST104909,36,Female,Noida,Uttar Pradesh,New,2025-10-04
CUST104910,45,Female,Kolkata,West Bengal,Returning,2026-06-04
CUST104911,40,Male,Kochi,Kerala,Returning,2025-05-08
CUST104912,57,Female,Kolkata,West Bengal,Returning,2026-05-12
CUST104913,24,Female,Vadodara,Gujarat,New,2024-11-06
CUST104914,58,Female,Bengaluru,Karnataka,New,2025-06-04
CUST104915,29,Female,Mysuru,Karnataka,Returning,2025-08-03
CUST104916,31,Female,Cuttack,Odisha,New,2025-06-23
CUST104917,32,Male,Madurai,Tamil Nadu,New,2025-01-03
CUST104918,20,Male,Chennai,Tamil Nadu,New,2025-04-19
CUST104919,32,Male,Noida,Uttar Pradesh,New,2026-01-15
CUST104920,41,Male,Madurai,Tamil Nadu,New,2024-01-31
CUST104921,25,Female,Amritsar,Punjab,New,2026-04-06
CUST104922,22,Female,Kanpur,Uttar Pradesh,New,2024-08-19
CUST104923,21,Female,Jaipur,Rajasthan,Returning,2026-04-29
CUST104924,31,Male,Thiruvananthapuram,Kerala,New,2025-05-11
CUST104925,33,Female,Pune,Maharashtra,Returning,2025-07-19
CUST104926,37,Male,New Delhi,Delhi,Returning,2024-06-23
CUST104927,41,Female,Surat,Gujarat,Returning,2024-10-24
CUST104928,23,Female,Mangaluru,Karnataka,New,2026-03-01
CUST104929,48,Other,Noida,Uttar Pradesh,Returning,2024-12-30
CUST104930,23,Male,Cuttack,Odisha,New,2024-03-26
CUST104931,52,Male,Hyderabad,Telangana,New,2025-07-30
CUST104932,32,Male,Madurai,Tamil Nadu,Returning,2024-03-29
CUST104933,46,Male,Faridabad,Haryana,Returning,2024-02-23
CUST104934,20,Male,Hyderabad,Telangana,Returning,2025-09-21
CUST104935,28,Male,Ahmedabad,Gujarat,Returning,2024-12-26
CUST104936,20,Female,Madurai,Tamil Nadu,Returning,2025-04-20
CUST104937,45,Male,Cuttack,Odisha,New,2024-08-16
CUST104938,27,Male,Kolkata,West Bengal,New,2026-02-17
CUST104939,50,Female,Noida,Uttar Pradesh,Returning,2026-04-10
CUST104940,33,Male,Patna,Bihar,Returning,2025-06-17
CUST104941,27,Male,Chennai,Tamil Nadu,New,2026-01-28
CUST104942,50,Male,Hyderabad,Telangana,Returning,2025-01-07
CUST104943,53,Female,Thiruvananthapuram,Kerala,New,2025-04-13
CUST104944,20,Male,Chennai,Tamil Nadu,Returning,2025-02-23
CUST104945,22,Male,Kanpur,Uttar Pradesh,Returning,2026-04-05
CUST104946,29,Male,Amritsar,Punjab,Returning,2025-06-15
CUST104947,30,Female,Jodhpur,Rajasthan,New,2025-02-03
CUST104948,41,Male,Noida,Uttar Pradesh,Returning,2024-07-02
CUST104949,49,Female,Gaya,Bihar,Returning,2026-05-10
CUST104950,33,Male,Thiruvananthapuram,Kerala,New,2025-07-15
CUST104951,49,Female,Chennai,Tamil Nadu,New,2024-03-30
CUST104952,54,Male,Nagpur,Maharashtra,Returning,2025-09-07
CUST104953,53,Male,Madurai,Tamil Nadu,Returning,2025-12-06
CUST104954,38,Female,Gwalior,Madhya Pradesh,New,2025-01-17
CUST104955,29,Female,Hyderabad,Telangana,Returning,2025-01-03
CUST104956,38,Female,Noida,Uttar Pradesh,Returning,2024-03-14
CUST104957,38,Female,Madurai,Tamil Nadu,New,2024-09-25
CUST104958,60,Female,Jaipur,Rajasthan,Returning,2024-01-15
CUST104959,23,Other,Bengaluru,Karnataka,New,2024-11-24
CUST104960,26,Male,Kanpur,Uttar Pradesh,New,2026-03-05
CUST104961,18,Male,Kolkata,West Bengal,New,2025-01-26
CUST104962,29,Male,Mysuru,Karnataka,Returning,2025-12-10
CUST104963,31,Female,New Delhi,Delhi,Returning,2025-03-09
CUST104964,23,Female,Varanasi,Uttar Pradesh,New,2024-12-09
CUST104965,18,Female,Vadodara,Gujarat,Returning,2024-07-13
CUST104966,39,Male,Bengaluru,Karnataka,Returning,2024-02-05
CUST104967,51,Male,Faridabad,Haryana,New,2024-07-23
CUST104968,28,Female,Lucknow,Uttar Pradesh,Returning,2026-03-30
CUST104969,20,Female,Ludhiana,Punjab,Returning,2025-10-12
CUST104970,59,Male,Hyderabad,Telangana,Returning,2026-02-14
CUST104971,23,Male,Ahmedabad,Gujarat,Returning,2024-02-26
CUST104972,23,Male,Cuttack,Odisha,New,2024-04-19
CUST104973,37,Female,Surat,Gujarat,Returning,2025-11-16
CUST104974,38,Male,Kanpur,Uttar Pradesh,New,2025-05-10
CUST104975,19,Female,New Delhi,Delhi,Returning,2025-12-18
CUST104976,43,Male,Warangal,Telangana,Returning,2024-08-12
CUST104977,48,Male,Nagpur,Maharashtra,New,2025-01-20
CUST104978,43,Male,Bengaluru,Karnataka,Returning,2024-03-04
CUST104979,49,Female,Mumbai,Maharashtra,Returning,2026-02-02
CUST104980,27,Female,Nashik,Maharashtra,Returning,2026-02-17
CUST104981,40,Male,Faridabad,Haryana,New,2024-12-17
CUST104982,23,Female,Mysuru,Karnataka,Returning,2025-04-07
CUST104983,40,Male,Gwalior,Madhya Pradesh,Returning,2026-04-23
CUST104984,45,Male,Gaya,Bihar,New,2024-11-15
CUST104985,47,Female,Kolkata,West Bengal,New,2024-12-22
CUST104986,31,Female,Mangaluru,Karnataka,Returning,2024-04-02
CUST104987,54,Female,Lucknow,Uttar Pradesh,New,2025-11-25
CUST104988,49,Male,Udaipur,Rajasthan,New,2024-10-26
CUST104989,51,Male,Varanasi,Uttar Pradesh,Returning,2025-12-26
CUST104990,58,Male,Lucknow,Uttar Pradesh,Returning,2025-05-08
CUST104991,39,Female,Faridabad,Haryana,Returning,2025-10-15
CUST104992,48,Male,Kolkata,West Bengal,Returning,2025-08-17
CUST104993,24,Male,Madurai,Tamil Nadu,Returning,2025-01-23
CUST104994,58,Female,Indore,Madhya Pradesh,Returning,2025-09-02
CUST104995,38,Male,Nashik,Maharashtra,New,2026-03-03
CUST104996,33,Male,Bhubaneswar,Odisha,Returning,2025-03-09
CUST104997,37,Male,Mumbai,Maharashtra,Returning,2024-04-11
CUST104998,60,Male,Madurai,Tamil Nadu,Returning,2026-04-20
CUST104999,36,Female,Gaya,Bihar,Returning,2025-01-12
CUST105000,49,Male,Jodhpur,Rajasthan,New,2025-08-05
