Order_ID,Warehouse,Expected_Days,Actual_Days,Delivery_Status,Shipping_Cost
O2000001,Mumbai,6,6,On Time,0
O2000002,Hyderabad,2,2,On Time,100
O2000003,Pune,1,1,On Time,100
O2000004,Hyderabad,4,3,On Time,100
O2000005,Pune,3,3,On Time,40
O2000006,Pune,1,1,On Time,150
O2000007,Kolkata,5,5,On Time,60
O2000008,Kolkata,3,4,Late,0
O2000009,Bengaluru,3,3,On Time,0
O2000010,Bengaluru,5,4,On Time,120
O2000011,Mumbai,3,3,On Time,80
O2000012,Delhi NCR,4,4,On Time,100
O2000013,Delhi NCR,4,4,On Time,100
O2000014,Mumbai,5,5,On Time,120
O2000015,Hyderabad,3,2,On Time,0
O2000016,Pune,2,2,On Time,80
O2000017,Delhi NCR,2,5,Late,60
O2000018,Pune,4,4,On Time,40
O2000019,Hyderabad,2,5,Late,40
O2000020,Kolkata,3,3,On Time,0
O2000021,Mumbai,4,4,On Time,40
O2000022,Kolkata,2,2,On Time,80
O2000023,Pune,2,2,On Time,40
O2000024,Pune,5,5,On Time,60
O2000025,Kolkata,7,7,On Time,150
O2000026,Pune,7,8,Late,120
O2000027,Delhi NCR,3,3,On Time,100
O2000028,Kolkata,3,4,Late,40
O2000029,Mumbai,7,7,On Time,60
O2000030,Kolkata,5,6,Late,0
O2000031,Delhi NCR,5,5,On Time,0
O2000032,Kolkata,5,5,On Time,120
O2000033,Mumbai,2,2,On Time,60
O2000034,Mumbai,3,3,On Time,0
O2000035,Pune,6,6,On Time,80
O2000036,Pune,3,3,On Time,60
O2000037,Bengaluru,4,4,On Time,100
O2000038,Delhi NCR,3,3,On Time,80
O2000039,Pune,7,7,On Time,80
O2000040,Bengaluru,7,7,On Time,40
O2000041,Pune,2,2,On Time,60
O2000042,Kolkata,5,5,On Time,0
O2000043,Mumbai,2,3,Late,80
O2000044,Hyderabad,7,7,On Time,100
O2000045,Mumbai,7,7,On Time,80
O2000046,Delhi NCR,4,4,On Time,60
O2000047,Mumbai,7,7,On Time,0
O2000048,Pune,3,3,On Time,0
O2000049,Mumbai,5,5,On Time,60
O2000050,Mumbai,7,7,On Time,60
O2000051,Kolkata,3,3,On Time,100
O2000052,Delhi NCR,5,5,On Time,80
O2000053,Mumbai,4,4,On Time,120
O2000054,Mumbai,2,2,On Time,100
O2000055,Pune,4,7,Late,120
O2000056,Kolkata,1,1,On Time,100
O2000057,Hyderabad,4,3,On Time,0
O2000058,Hyderabad,3,2,On Time,40
O2000059,Delhi NCR,3,3,On Time,120
O2000060,Kolkata,7,7,On Time,100
O2000061,Mumbai,2,2,On Time,80
O2000062,Mumbai,3,2,On Time,0
O2000063,Delhi NCR,4,4,On Time,120
O2000064,Mumbai,4,4,On Time,120
O2000065,Delhi NCR,2,2,On Time,60
O2000066,Pune,6,6,On Time,60
O2000067,Delhi NCR,2,2,On Time,120
O2000068,Delhi NCR,3,3,On Time,120
O2000069,Bengaluru,3,3,On Time,0
O2000070,Bengaluru,5,5,On Time,0
O2000071,Pune,4,4,On Time,0
O2000072,Bengaluru,5,5,On Time,0
O2000073,Mumbai,7,6,On Time,40
O2000074,Mumbai,5,5,On Time,80
O2000075,Mumbai,4,4,On Time,100
O2000076,Hyderabad,1,1,On Time,0
O2000077,Delhi NCR,3,4,Late,60
O2000078,Delhi NCR,4,4,On Time,60
O2000079,Mumbai,3,3,On Time,40
O2000080,Bengaluru,2,2,On Time,120
O2000081,Pune,2,2,On Time,0
O2000082,Bengaluru,3,3,On Time,40
O2000083,Mumbai,5,5,On Time,100
O2000084,Mumbai,5,5,On Time,60
O2000085,Bengaluru,3,3,On Time,60
O2000086,Hyderabad,4,3,On Time,0
O2000087,Hyderabad,4,5,Late,80
O2000088,Mumbai,4,4,On Time,40
O2000089,Bengaluru,2,4,Late,0
O2000090,Pune,1,3,Late,0
O2000091,Kolkata,2,2,On Time,60
O2000092,Kolkata,3,3,On Time,40
O2000093,Mumbai,2,2,On Time,80
O2000094,Mumbai,4,4,On Time,100
O2000095,Delhi NCR,3,4,Late,60
O2000096,Kolkata,2,3,Late,120
O2000097,Hyderabad,7,9,Late,40
O2000098,Kolkata,5,5,On Time,80
O2000099,Pune,4,4,On Time,100
O2000100,Hyderabad,3,3,On Time,0
O2000101,Pune,1,1,On Time,80
O2000102,Delhi NCR,5,8,Late,80
O2000103,Bengaluru,3,3,On Time,80
O2000104,Pune,4,4,On Time,120
O2000105,Pune,2,2,On Time,0
O2000106,Pune,4,4,On Time,60
O2000107,Bengaluru,5,5,On Time,100
O2000108,Kolkata,4,4,On Time,40
O2000109,Pune,4,7,Late,0
O2000110,Kolkata,4,4,On Time,60
O2000111,Pune,3,3,On Time,0
O2000112,Delhi NCR,5,6,Late,0
O2000113,Delhi NCR,4,4,On Time,40
O2000114,Kolkata,4,4,On Time,0
O2000115,Mumbai,3,3,On Time,80
O2000116,Delhi NCR,5,6,Late,80
O2000117,Kolkata,3,3,On Time,60
O2000118,Hyderabad,5,4,On Time,40
O2000119,Pune,7,7,On Time,0
O2000120,Pune,6,6,On Time,0
O2000121,Bengaluru,3,3,On Time,0
O2000122,Pune,3,3,On Time,80
O2000123,Bengaluru,5,5,On Time,120
O2000124,Kolkata,2,2,On Time,100
O2000125,Bengaluru,6,7,Late,60
O2000126,Kolkata,2,2,On Time,100
O2000127,Delhi NCR,2,2,On Time,0
O2000128,Mumbai,6,6,On Time,80
O2000129,Mumbai,3,3,On Time,80
O2000130,Bengaluru,3,3,On Time,60
O2000131,Hyderabad,1,1,On Time,0
O2000132,Mumbai,6,8,Late,80
O2000133,Mumbai,3,2,On Time,60
O2000134,Bengaluru,2,2,On Time,80
O2000135,Kolkata,4,4,On Time,0
O2000136,Hyderabad,5,5,On Time,40
O2000137,Delhi NCR,7,6,On Time,60
O2000138,Delhi NCR,1,1,On Time,150
O2000139,Delhi NCR,4,4,On Time,120
O2000140,Bengaluru,7,7,On Time,80
O2000141,Mumbai,3,3,On Time,0
O2000142,Mumbai,3,3,On Time,40
O2000143,Pune,2,2,On Time,0
O2000144,Hyderabad,3,2,On Time,0
O2000145,Kolkata,2,3,Late,0
O2000146,Kolkata,3,3,On Time,120
O2000147,Delhi NCR,4,4,On Time,60
O2000148,Mumbai,5,5,On Time,100
O2000149,Mumbai,3,3,On Time,60
O2000150,Delhi NCR,3,2,On Time,80
O2000151,Mumbai,4,4,On Time,100
O2000152,Mumbai,5,5,On Time,100
O2000153,Delhi NCR,2,2,On Time,150
O2000154,Kolkata,6,6,On Time,80
O2000155,Mumbai,6,6,On Time,120
O2000156,Bengaluru,6,6,On Time,120
O2000157,Delhi NCR,2,2,On Time,100
O2000158,Bengaluru,3,3,On Time,120
O2000159,Pune,4,4,On Time,60
O2000160,Delhi NCR,1,2,Late,80
O2000161,Kolkata,3,4,Late,0
O2000162,Pune,2,2,On Time,0
O2000163,Pune,3,3,On Time,80
O2000164,Mumbai,1,1,On Time,80
O2000165,Kolkata,7,7,On Time,150
O2000166,Kolkata,2,2,On Time,80
O2000167,Bengaluru,3,3,On Time,40
O2000168,Delhi NCR,5,5,On Time,80
O2000169,Kolkata,1,1,On Time,0
O2000170,Hyderabad,1,1,On Time,60
O2000171,Mumbai,4,3,On Time,80
O2000172,Bengaluru,5,4,On Time,60
O2000173,Bengaluru,2,3,Late,0
O2000174,Bengaluru,5,5,On Time,60
O2000175,Pune,4,4,On Time,100
O2000176,Mumbai,5,4,On Time,120
O2000177,Kolkata,2,2,On Time,0
O2000178,Kolkata,3,3,On Time,80
O2000179,Bengaluru,1,2,Late,60
O2000180,Kolkata,3,3,On Time,80
O2000181,Pune,2,1,On Time,80
O2000182,Kolkata,2,2,On Time,60
O2000183,Delhi NCR,2,2,On Time,100
O2000184,Delhi NCR,3,3,On Time,80
O2000185,Bengaluru,2,2,On Time,100
O2000186,Bengaluru,4,4,On Time,60
O2000187,Hyderabad,3,3,On Time,40
O2000188,Hyderabad,4,3,On Time,80
O2000189,Hyderabad,5,5,On Time,150
O2000190,Kolkata,7,7,On Time,0
O2000191,Delhi NCR,2,2,On Time,100
O2000192,Delhi NCR,4,4,On Time,40
O2000193,Bengaluru,5,5,On Time,40
O2000194,Mumbai,5,5,On Time,80
O2000195,Bengaluru,2,2,On Time,0
O2000196,Delhi NCR,4,4,On Time,0
O2000197,Kolkata,7,8,Late,150
O2000198,Bengaluru,2,2,On Time,60
O2000199,Mumbai,3,3,On Time,100
O2000200,Pune,5,4,On Time,40
O2000201,Mumbai,1,1,On Time,60
O2000202,Bengaluru,6,6,On Time,120
O2000203,Pune,4,4,On Time,80
O2000204,Delhi NCR,6,8,Late,0
O2000205,Mumbai,2,4,Late,0
O2000206,Delhi NCR,4,4,On Time,0
O2000207,Bengaluru,2,2,On Time,80
O2000208,Pune,1,1,On Time,40
O2000209,Pune,5,5,On Time,100
O2000210,Delhi NCR,3,3,On Time,80
O2000211,Mumbai,4,4,On Time,60
O2000212,Bengaluru,2,2,On Time,80
O2000213,Mumbai,1,1,On Time,80
O2000214,Kolkata,4,4,On Time,40
O2000215,Delhi NCR,5,5,On Time,120
O2000216,Hyderabad,1,1,On Time,0
O2000217,Delhi NCR,2,1,On Time,0
O2000218,Bengaluru,6,6,On Time,120
O2000219,Delhi NCR,1,1,On Time,40
O2000220,Bengaluru,4,4,On Time,0
O2000221,Hyderabad,4,4,On Time,0
O2000222,Pune,5,5,On Time,120
O2000223,Hyderabad,2,2,On Time,0
O2000224,Hyderabad,3,2,On Time,80
O2000225,Delhi NCR,4,4,On Time,0
O2000226,Kolkata,3,3,On Time,100
O2000227,Delhi NCR,2,3,Late,80
O2000228,Kolkata,3,6,Late,80
O2000229,Mumbai,4,4,On Time,0
O2000230,Delhi NCR,2,2,On Time,0
O2000231,Pune,4,4,On Time,0
O2000232,Pune,4,4,On Time,60
O2000233,Delhi NCR,7,7,On Time,60
O2000234,Mumbai,2,2,On Time,60
O2000235,Kolkata,4,4,On Time,0
O2000236,Pune,4,4,On Time,40
O2000237,Pune,4,4,On Time,60
O2000238,Pune,3,4,Late,0
O2000239,Pune,6,9,Late,100
O2000240,Hyderabad,5,5,On Time,60
O2000241,Hyderabad,2,2,On Time,60
O2000242,Mumbai,7,7,On Time,0
O2000243,Pune,4,4,On Time,0
O2000244,Delhi NCR,1,1,On Time,0
O2000245,Bengaluru,4,4,On Time,120
O2000246,Kolkata,3,6,Late,0
O2000247,Bengaluru,2,2,On Time,40
O2000248,Hyderabad,7,7,On Time,60
O2000249,Kolkata,5,5,On Time,150
O2000250,Pune,6,6,On Time,0
O2000251,Pune,7,7,On Time,0
O2000252,Kolkata,4,5,Late,80
O2000253,Kolkata,2,3,Late,60
O2000254,Hyderabad,5,6,Late,0
O2000255,Kolkata,3,3,On Time,80
O2000256,Pune,4,5,Late,0
O2000257,Pune,5,7,Late,80
O2000258,Kolkata,3,5,Late,80
O2000259,Mumbai,2,2,On Time,100
O2000260,Mumbai,3,3,On Time,60
O2000261,Kolkata,4,3,On Time,60
O2000262,Kolkata,4,4,On Time,0
O2000263,Mumbai,1,1,On Time,40
O2000264,Bengaluru,6,6,On Time,100
O2000265,Kolkata,3,3,On Time,40
O2000266,Kolkata,6,6,On Time,80
O2000267,Bengaluru,7,7,On Time,60
O2000268,Bengaluru,3,3,On Time,60
O2000269,Kolkata,5,5,On Time,60
O2000270,Bengaluru,2,2,On Time,100
O2000271,Mumbai,6,5,On Time,80
O2000272,Bengaluru,5,5,On Time,60
O2000273,Delhi NCR,5,5,On Time,120
O2000274,Bengaluru,4,4,On Time,0
O2000275,Bengaluru,4,4,On Time,0
O2000276,Delhi NCR,4,5,Late,40
O2000277,Kolkata,4,4,On Time,100
O2000278,Delhi NCR,3,3,On Time,120
O2000279,Bengaluru,7,9,Late,60
O2000280,Kolkata,3,3,On Time,0
O2000281,Kolkata,5,5,On Time,100
O2000282,Kolkata,5,6,Late,80
O2000283,Bengaluru,5,5,On Time,80
O2000284,Kolkata,4,4,On Time,60
O2000285,Delhi NCR,3,3,On Time,0
O2000286,Bengaluru,7,7,On Time,0
O2000287,Kolkata,4,4,On Time,120
O2000288,Mumbai,4,4,On Time,120
O2000289,Delhi NCR,4,3,On Time,0
O2000290,Hyderabad,5,4,On Time,40
O2000291,Hyderabad,4,4,On Time,80
O2000292,Pune,1,1,On Time,80
O2000293,Pune,5,4,On Time,120
O2000294,Hyderabad,7,7,On Time,60
O2000295,Pune,4,4,On Time,120
O2000296,Hyderabad,3,3,On Time,0
O2000297,Bengaluru,5,5,On Time,40
O2000298,Pune,1,1,On Time,80
O2000299,Delhi NCR,1,2,Late,0
O2000300,Pune,3,5,Late,0
O2000301,Hyderabad,5,5,On Time,60
O2000302,Hyderabad,6,6,On Time,60
O2000303,Bengaluru,7,7,On Time,0
O2000304,Bengaluru,5,6,Late,100
O2000305,Delhi NCR,6,6,On Time,80
O2000306,Mumbai,6,7,Late,40
O2000307,Delhi NCR,4,4,On Time,100
O2000308,Delhi NCR,1,1,On Time,60
O2000309,Mumbai,2,2,On Time,0
O2000310,Hyderabad,2,2,On Time,0
O2000311,Kolkata,3,3,On Time,60
O2000312,Mumbai,7,7,On Time,0
O2000313,Kolkata,4,3,On Time,0
O2000314,Hyderabad,4,4,On Time,120
O2000315,Delhi NCR,7,6,On Time,40
O2000316,Pune,3,3,On Time,0
O2000317,Pune,5,5,On Time,0
O2000318,Delhi NCR,3,6,Late,60
O2000319,Pune,6,6,On Time,60
O2000320,Bengaluru,1,1,On Time,80
O2000321,Mumbai,1,1,On Time,60
O2000322,Mumbai,7,7,On Time,80
O2000323,Kolkata,3,5,Late,100
O2000324,Mumbai,6,5,On Time,0
O2000325,Delhi NCR,3,3,On Time,120
O2000326,Hyderabad,2,2,On Time,0
O2000327,Delhi NCR,4,4,On Time,120
O2000328,Delhi NCR,6,6,On Time,80
O2000329,Bengaluru,2,3,Late,150
O2000330,Delhi NCR,4,4,On Time,100
O2000331,Bengaluru,7,7,On Time,100
O2000332,Pune,3,3,On Time,40
O2000333,Bengaluru,3,3,On Time,80
O2000334,Delhi NCR,5,5,On Time,60
O2000335,Hyderabad,3,3,On Time,40
O2000336,Pune,1,4,Late,0
O2000337,Delhi NCR,5,5,On Time,0
O2000338,Hyderabad,3,3,On Time,40
O2000339,Pune,3,3,On Time,0
O2000340,Hyderabad,3,3,On Time,80
O2000341,Pune,1,2,Late,40
O2000342,Hyderabad,4,4,On Time,0
O2000343,Pune,2,2,On Time,0
O2000344,Mumbai,3,3,On Time,40
O2000345,Pune,2,2,On Time,40
O2000346,Kolkata,4,5,Late,60
O2000347,Delhi NCR,2,3,Late,60
O2000348,Delhi NCR,2,2,On Time,100
O2000349,Mumbai,3,3,On Time,80
O2000350,Hyderabad,5,4,On Time,0
O2000351,Bengaluru,7,7,On Time,40
O2000352,Kolkata,3,4,Late,0
O2000353,Pune,5,5,On Time,0
O2000354,Pune,3,2,On Time,40
O2000355,Delhi NCR,4,4,On Time,100
O2000356,Kolkata,4,4,On Time,60
O2000357,Bengaluru,5,5,On Time,80
O2000358,Bengaluru,5,5,On Time,100
O2000359,Kolkata,7,7,On Time,120
O2000360,Hyderabad,4,4,On Time,120
O2000361,Pune,4,4,On Time,60
O2000362,Delhi NCR,5,5,On Time,40
O2000363,Delhi NCR,1,1,On Time,0
O2000364,Kolkata,1,1,On Time,150
O2000365,Delhi NCR,5,7,Late,60
O2000366,Bengaluru,3,3,On Time,80
O2000367,Pune,6,6,On Time,0
O2000368,Hyderabad,3,3,On Time,60
O2000369,Kolkata,2,2,On Time,100
O2000370,Mumbai,3,2,On Time,100
O2000371,Kolkata,5,5,On Time,80
O2000372,Mumbai,4,4,On Time,0
O2000373,Pune,3,3,On Time,60
O2000374,Pune,4,4,On Time,40
O2000375,Delhi NCR,6,6,On Time,80
O2000376,Hyderabad,7,7,On Time,0
O2000377,Delhi NCR,3,3,On Time,60
O2000378,Bengaluru,4,4,On Time,120
O2000379,Kolkata,3,3,On Time,0
O2000380,Pune,6,9,Late,100
O2000381,Pune,4,4,On Time,60
O2000382,Bengaluru,3,3,On Time,100
O2000383,Bengaluru,2,2,On Time,40
O2000384,Bengaluru,5,4,On Time,60
O2000385,Bengaluru,5,8,Late,60
O2000386,Hyderabad,6,6,On Time,0
O2000387,Pune,5,5,On Time,100
O2000388,Delhi NCR,3,4,Late,60
O2000389,Bengaluru,6,8,Late,0
O2000390,Hyderabad,3,3,On Time,40
O2000391,Bengaluru,1,2,Late,60
O2000392,Hyderabad,3,3,On Time,60
O2000393,Kolkata,6,6,On Time,60
O2000394,Pune,4,4,On Time,100
O2000395,Mumbai,1,1,On Time,40
O2000396,Pune,2,2,On Time,40
O2000397,Bengaluru,5,5,On Time,100
O2000398,Bengaluru,4,4,On Time,100
O2000399,Hyderabad,7,7,On Time,0
O2000400,Bengaluru,1,1,On Time,0
O2000401,Kolkata,7,10,Late,0
O2000402,Pune,1,3,Late,100
O2000403,Pune,4,3,On Time,100
O2000404,Bengaluru,3,3,On Time,80
O2000405,Kolkata,2,2,On Time,0
O2000406,Mumbai,3,2,On Time,0
O2000407,Mumbai,4,4,On Time,40
O2000408,Kolkata,4,4,On Time,150
O2000409,Hyderabad,3,3,On Time,0
O2000410,Pune,3,3,On Time,120
O2000411,Hyderabad,2,2,On Time,120
O2000412,Bengaluru,4,4,On Time,0
O2000413,Pune,6,6,On Time,80
O2000414,Bengaluru,2,2,On Time,40
O2000415,Delhi NCR,3,3,On Time,100
O2000416,Hyderabad,7,7,On Time,60
O2000417,Kolkata,5,5,On Time,60
O2000418,Bengaluru,6,7,Late,80
O2000419,Mumbai,2,2,On Time,40
O2000420,Pune,3,3,On Time,0
O2000421,Pune,4,3,On Time,80
O2000422,Delhi NCR,4,4,On Time,0
O2000423,Delhi NCR,2,2,On Time,120
O2000424,Mumbai,3,4,Late,0
O2000425,Mumbai,5,4,On Time,150
O2000426,Delhi NCR,2,2,On Time,0
O2000427,Hyderabad,7,9,Late,80
O2000428,Pune,4,4,On Time,100
O2000429,Mumbai,4,4,On Time,40
O2000430,Kolkata,4,4,On Time,120
O2000431,Hyderabad,1,1,On Time,60
O2000432,Delhi NCR,2,2,On Time,0
O2000433,Pune,7,7,On Time,60
O2000434,Kolkata,4,6,Late,150
O2000435,Bengaluru,5,5,On Time,0
O2000436,Bengaluru,6,6,On Time,80
O2000437,Bengaluru,2,2,On Time,0
O2000438,Pune,5,5,On Time,0
O2000439,Kolkata,4,4,On Time,60
O2000440,Delhi NCR,1,1,On Time,0
O2000441,Hyderabad,2,2,On Time,0
O2000442,Hyderabad,4,4,On Time,120
O2000443,Delhi NCR,4,4,On Time,0
O2000444,Mumbai,1,1,On Time,120
O2000445,Delhi NCR,2,2,On Time,60
O2000446,Mumbai,3,3,On Time,0
O2000447,Hyderabad,7,7,On Time,60
O2000448,Hyderabad,2,2,On Time,120
O2000449,Delhi NCR,3,3,On Time,60
O2000450,Kolkata,4,7,Late,0
O2000451,Pune,4,4,On Time,80
O2000452,Kolkata,7,7,On Time,80
O2000453,Hyderabad,2,1,On Time,0
O2000454,Mumbai,3,6,Late,60
O2000455,Kolkata,5,5,On Time,120
O2000456,Mumbai,3,3,On Time,0
O2000457,Hyderabad,1,1,On Time,0
O2000458,Delhi NCR,1,1,On Time,80
O2000459,Kolkata,4,7,Late,40
O2000460,Bengaluru,6,8,Late,40
O2000461,Delhi NCR,3,2,On Time,150
O2000462,Delhi NCR,1,4,Late,60
O2000463,Pune,3,5,Late,120
O2000464,Hyderabad,3,3,On Time,80
O2000465,Delhi NCR,6,6,On Time,100
O2000466,Pune,5,5,On Time,80
O2000467,Kolkata,5,7,Late,0
O2000468,Kolkata,2,2,On Time,120
O2000469,Delhi NCR,5,5,On Time,80
O2000470,Hyderabad,5,5,On Time,120
O2000471,Pune,2,2,On Time,100
O2000472,Delhi NCR,3,3,On Time,60
O2000473,Delhi NCR,3,3,On Time,100
O2000474,Mumbai,4,5,Late,150
O2000475,Mumbai,2,4,Late,40
O2000476,Kolkata,3,3,On Time,120
O2000477,Bengaluru,5,5,On Time,100
O2000478,Delhi NCR,2,2,On Time,40
O2000479,Hyderabad,6,8,Late,40
O2000480,Bengaluru,6,6,On Time,100
O2000481,Delhi NCR,3,3,On Time,80
O2000482,Kolkata,2,2,On Time,0
O2000483,Hyderabad,6,6,On Time,60
O2000484,Kolkata,3,3,On Time,0
O2000485,Kolkata,4,4,On Time,60
O2000486,Kolkata,6,7,Late,60
O2000487,Mumbai,3,3,On Time,100
O2000488,Kolkata,4,6,Late,80
O2000489,Delhi NCR,7,7,On Time,60
O2000490,Delhi NCR,2,2,On Time,80
O2000491,Mumbai,2,1,On Time,80
O2000492,Bengaluru,3,3,On Time,60
O2000493,Bengaluru,5,5,On Time,60
O2000494,Hyderabad,5,4,On Time,80
O2000495,Bengaluru,4,4,On Time,60
O2000496,Pune,3,3,On Time,40
O2000497,Bengaluru,4,4,On Time,80
O2000498,Kolkata,4,5,Late,100
O2000499,Delhi NCR,4,4,On Time,0
O2000500,Delhi NCR,5,5,On Time,60
O2000501,Pune,2,2,On Time,120
O2000502,Pune,2,2,On Time,100
O2000503,Kolkata,4,4,On Time,80
O2000504,Delhi NCR,3,3,On Time,80
O2000505,Hyderabad,5,6,Late,0
O2000506,Mumbai,3,3,On Time,60
O2000507,Kolkata,6,8,Late,60
O2000508,Kolkata,7,7,On Time,0
O2000509,Delhi NCR,4,4,On Time,40
O2000510,Hyderabad,2,2,On Time,0
O2000511,Hyderabad,5,6,Late,100
O2000512,Pune,7,7,On Time,60
O2000513,Pune,7,8,Late,80
O2000514,Hyderabad,3,3,On Time,80
O2000515,Hyderabad,2,2,On Time,80
O2000516,Pune,7,10,Late,0
O2000517,Bengaluru,4,4,On Time,0
O2000518,Kolkata,5,4,On Time,60
O2000519,Kolkata,1,1,On Time,0
O2000520,Pune,7,7,On Time,60
O2000521,Mumbai,2,2,On Time,80
O2000522,Mumbai,6,6,On Time,120
O2000523,Mumbai,3,3,On Time,60
O2000524,Mumbai,3,6,Late,80
O2000525,Kolkata,4,4,On Time,120
O2000526,Hyderabad,4,4,On Time,80
O2000527,Mumbai,2,2,On Time,80
O2000528,Delhi NCR,2,2,On Time,100
O2000529,Kolkata,1,1,On Time,80
O2000530,Mumbai,1,2,Late,60
O2000531,Mumbai,5,5,On Time,0
O2000532,Bengaluru,1,2,Late,60
O2000533,Bengaluru,5,6,Late,80
O2000534,Bengaluru,7,7,On Time,60
O2000535,Kolkata,3,4,Late,0
O2000536,Hyderabad,4,4,On Time,0
O2000537,Mumbai,2,2,On Time,80
O2000538,Kolkata,1,3,Late,0
O2000539,Mumbai,3,3,On Time,60
O2000540,Kolkata,6,7,Late,60
O2000541,Bengaluru,1,2,Late,0
O2000542,Mumbai,7,6,On Time,0
O2000543,Pune,3,3,On Time,0
O2000544,Kolkata,5,5,On Time,0
O2000545,Kolkata,4,4,On Time,100
O2000546,Kolkata,4,4,On Time,0
O2000547,Kolkata,2,2,On Time,80
O2000548,Mumbai,4,4,On Time,0
O2000549,Pune,4,4,On Time,60
O2000550,Kolkata,3,4,Late,100
O2000551,Kolkata,6,5,On Time,80
O2000552,Pune,2,2,On Time,60
O2000553,Delhi NCR,4,4,On Time,40
O2000554,Mumbai,5,5,On Time,80
O2000555,Bengaluru,2,2,On Time,100
O2000556,Mumbai,4,4,On Time,60
O2000557,Hyderabad,3,3,On Time,60
O2000558,Hyderabad,3,2,On Time,120
O2000559,Pune,3,3,On Time,40
O2000560,Pune,5,7,Late,80
O2000561,Bengaluru,2,2,On Time,80
O2000562,Hyderabad,2,2,On Time,100
O2000563,Bengaluru,5,5,On Time,100
O2000564,Delhi NCR,7,7,On Time,60
O2000565,Hyderabad,3,3,On Time,60
O2000566,Mumbai,5,6,Late,150
O2000567,Mumbai,3,2,On Time,0
O2000568,Kolkata,1,3,Late,0
O2000569,Delhi NCR,1,1,On Time,60
O2000570,Pune,3,3,On Time,0
O2000571,Delhi NCR,2,4,Late,40
O2000572,Pune,4,5,Late,80
O2000573,Pune,5,5,On Time,100
O2000574,Mumbai,7,7,On Time,40
O2000575,Kolkata,4,4,On Time,0
O2000576,Mumbai,6,6,On Time,60
O2000577,Pune,3,3,On Time,60
O2000578,Mumbai,6,8,Late,60
O2000579,Kolkata,2,4,Late,40
O2000580,Delhi NCR,4,6,Late,40
O2000581,Bengaluru,2,2,On Time,100
O2000582,Hyderabad,6,6,On Time,60
O2000583,Kolkata,5,5,On Time,0
O2000584,Kolkata,2,2,On Time,0
O2000585,Delhi NCR,4,4,On Time,60
O2000586,Pune,6,5,On Time,80
O2000587,Delhi NCR,2,2,On Time,40
O2000588,Mumbai,1,1,On Time,40
O2000589,Delhi NCR,5,5,On Time,80
O2000590,Kolkata,5,7,Late,100
O2000591,Pune,4,4,On Time,0
O2000592,Kolkata,5,5,On Time,0
O2000593,Delhi NCR,4,4,On Time,40
O2000594,Delhi NCR,2,2,On Time,0
O2000595,Pune,4,4,On Time,80
O2000596,Kolkata,4,4,On Time,0
O2000597,Pune,4,4,On Time,60
O2000598,Delhi NCR,3,3,On Time,0
O2000599,Hyderabad,6,5,On Time,120
O2000600,Delhi NCR,3,2,On Time,80
O2000601,Kolkata,7,7,On Time,80
O2000602,Delhi NCR,4,6,Late,0
O2000603,Pune,2,2,On Time,120
O2000604,Mumbai,3,3,On Time,60
O2000605,Hyderabad,6,6,On Time,80
O2000606,Delhi NCR,3,3,On Time,0
O2000607,Bengaluru,5,5,On Time,150
O2000608,Kolkata,3,2,On Time,80
O2000609,Pune,3,3,On Time,60
O2000610,Bengaluru,2,2,On Time,120
O2000611,Delhi NCR,5,5,On Time,0
O2000612,Hyderabad,5,5,On Time,150
O2000613,Mumbai,3,3,On Time,0
O2000614,Pune,4,6,Late,60
O2000615,Hyderabad,5,5,On Time,60
O2000616,Pune,2,4,Late,40
O2000617,Mumbai,4,4,On Time,40
O2000618,Kolkata,4,4,On Time,0
O2000619,Delhi NCR,4,4,On Time,0
O2000620,Pune,1,1,On Time,0
O2000621,Kolkata,5,5,On Time,100
O2000622,Bengaluru,5,5,On Time,120
O2000623,Delhi NCR,6,7,Late,150
O2000624,Kolkata,4,4,On Time,0
O2000625,Bengaluru,4,4,On Time,40
O2000626,Delhi NCR,1,1,On Time,0
O2000627,Mumbai,5,5,On Time,60
O2000628,Mumbai,1,1,On Time,150
O2000629,Bengaluru,6,6,On Time,0
O2000630,Bengaluru,3,3,On Time,0
O2000631,Pune,7,8,Late,0
O2000632,Bengaluru,3,3,On Time,40
O2000633,Mumbai,3,5,Late,40
O2000634,Mumbai,3,3,On Time,60
O2000635,Delhi NCR,1,1,On Time,0
O2000636,Hyderabad,6,6,On Time,40
O2000637,Hyderabad,5,5,On Time,80
O2000638,Bengaluru,3,4,Late,60
O2000639,Kolkata,7,7,On Time,120
O2000640,Mumbai,3,3,On Time,40
O2000641,Kolkata,3,4,Late,0
O2000642,Pune,3,2,On Time,80
O2000643,Mumbai,5,5,On Time,80
O2000644,Kolkata,2,2,On Time,120
O2000645,Kolkata,3,3,On Time,100
O2000646,Bengaluru,7,10,Late,100
O2000647,Delhi NCR,3,3,On Time,60
O2000648,Pune,4,4,On Time,0
O2000649,Mumbai,5,6,Late,100
O2000650,Delhi NCR,3,3,On Time,60
O2000651,Pune,6,7,Late,60
O2000652,Hyderabad,5,4,On Time,100
O2000653,Hyderabad,2,2,On Time,60
O2000654,Kolkata,3,3,On Time,120
O2000655,Kolkata,3,4,Late,120
O2000656,Pune,2,2,On Time,0
O2000657,Delhi NCR,7,7,On Time,80
O2000658,Pune,4,3,On Time,0
O2000659,Bengaluru,5,5,On Time,100
O2000660,Pune,3,3,On Time,40
O2000661,Delhi NCR,7,7,On Time,80
O2000662,Hyderabad,2,4,Late,40
O2000663,Pune,4,6,Late,0
O2000664,Pune,5,7,Late,100
O2000665,Hyderabad,1,1,On Time,40
O2000666,Kolkata,4,4,On Time,40
O2000667,Delhi NCR,1,1,On Time,80
O2000668,Pune,2,1,On Time,0
O2000669,Hyderabad,3,3,On Time,100
O2000670,Bengaluru,6,6,On Time,150
O2000671,Hyderabad,2,2,On Time,0
O2000672,Kolkata,4,4,On Time,60
O2000673,Hyderabad,4,4,On Time,60
O2000674,Bengaluru,2,1,On Time,60
O2000675,Pune,1,1,On Time,0
O2000676,Bengaluru,5,5,On Time,80
O2000677,Delhi NCR,3,3,On Time,150
O2000678,Bengaluru,1,2,Late,120
O2000679,Kolkata,5,5,On Time,0
O2000680,Hyderabad,4,5,Late,40
O2000681,Delhi NCR,5,5,On Time,120
O2000682,Pune,3,2,On Time,60
O2000683,Pune,4,4,On Time,80
O2000684,Hyderabad,1,1,On Time,0
O2000685,Pune,2,2,On Time,60
O2000686,Delhi NCR,6,8,Late,60
O2000687,Pune,3,3,On Time,60
O2000688,Kolkata,4,4,On Time,40
O2000689,Kolkata,6,5,On Time,100
O2000690,Mumbai,5,4,On Time,0
O2000691,Hyderabad,1,1,On Time,0
O2000692,Kolkata,4,4,On Time,0
O2000693,Hyderabad,4,5,Late,150
O2000694,Pune,3,3,On Time,80
O2000695,Bengaluru,3,3,On Time,40
O2000696,Pune,2,2,On Time,0
O2000697,Mumbai,2,2,On Time,0
O2000698,Delhi NCR,1,1,On Time,0
O2000699,Bengaluru,4,4,On Time,0
O2000700,Kolkata,3,3,On Time,60
O2000701,Mumbai,6,6,On Time,80
O2000702,Delhi NCR,7,7,On Time,60
O2000703,Hyderabad,5,6,Late,80
O2000704,Kolkata,2,2,On Time,80
O2000705,Bengaluru,3,3,On Time,100
O2000706,Kolkata,4,4,On Time,0
O2000707,Hyderabad,2,2,On Time,40
O2000708,Hyderabad,5,5,On Time,60
O2000709,Kolkata,4,4,On Time,80
O2000710,Mumbai,2,2,On Time,0
O2000711,Pune,3,3,On Time,60
O2000712,Bengaluru,5,4,On Time,80
O2000713,Delhi NCR,3,5,Late,100
O2000714,Hyderabad,3,4,Late,0
O2000715,Hyderabad,3,3,On Time,40
O2000716,Mumbai,5,5,On Time,120
O2000717,Mumbai,6,6,On Time,40
O2000718,Bengaluru,2,2,On Time,0
O2000719,Pune,4,4,On Time,0
O2000720,Delhi NCR,4,5,Late,120
O2000721,Hyderabad,7,7,On Time,40
O2000722,Delhi NCR,7,7,On Time,0
O2000723,Hyderabad,2,2,On Time,100
O2000724,Mumbai,2,5,Late,0
O2000725,Mumbai,4,4,On Time,40
O2000726,Kolkata,4,4,On Time,60
O2000727,Delhi NCR,3,5,Late,60
O2000728,Delhi NCR,4,4,On Time,120
O2000729,Pune,5,5,On Time,100
O2000730,Pune,2,2,On Time,40
O2000731,Kolkata,5,4,On Time,120
O2000732,Kolkata,4,4,On Time,40
O2000733,Kolkata,2,2,On Time,0
O2000734,Bengaluru,6,8,Late,60
O2000735,Pune,4,4,On Time,60
O2000736,Mumbai,7,7,On Time,60
O2000737,Kolkata,1,3,Late,60
O2000738,Kolkata,2,3,Late,100
O2000739,Delhi NCR,2,2,On Time,150
O2000740,Pune,2,2,On Time,0
O2000741,Hyderabad,2,2,On Time,40
O2000742,Delhi NCR,4,5,Late,0
O2000743,Bengaluru,4,4,On Time,60
O2000744,Pune,5,7,Late,40
O2000745,Bengaluru,6,6,On Time,0
O2000746,Mumbai,4,7,Late,80
O2000747,Kolkata,2,2,On Time,80
O2000748,Pune,4,4,On Time,100
O2000749,Hyderabad,1,1,On Time,100
O2000750,Kolkata,2,2,On Time,0
O2000751,Hyderabad,4,6,Late,120
O2000752,Mumbai,4,4,On Time,100
O2000753,Pune,3,3,On Time,40
O2000754,Pune,5,5,On Time,100
O2000755,Mumbai,5,4,On Time,60
O2000756,Bengaluru,2,2,On Time,0
O2000757,Hyderabad,5,4,On Time,0
O2000758,Pune,7,7,On Time,120
O2000759,Kolkata,5,6,Late,120
O2000760,Bengaluru,7,7,On Time,60
O2000761,Delhi NCR,1,1,On Time,40
O2000762,Mumbai,1,1,On Time,0
O2000763,Kolkata,4,4,On Time,0
O2000764,Pune,4,4,On Time,40
O2000765,Pune,3,4,Late,100
O2000766,Bengaluru,4,4,On Time,100
O2000767,Hyderabad,5,4,On Time,60
O2000768,Bengaluru,7,7,On Time,120
O2000769,Bengaluru,3,4,Late,60
O2000770,Hyderabad,5,5,On Time,100
O2000771,Bengaluru,2,2,On Time,60
O2000772,Delhi NCR,3,3,On Time,60
O2000773,Mumbai,3,2,On Time,60
O2000774,Delhi NCR,3,3,On Time,0
O2000775,Kolkata,3,3,On Time,40
O2000776,Kolkata,4,4,On Time,80
O2000777,Bengaluru,2,2,On Time,120
O2000778,Hyderabad,3,5,Late,150
O2000779,Delhi NCR,2,2,On Time,0
O2000780,Pune,2,2,On Time,120
O2000781,Kolkata,4,4,On Time,40
O2000782,Mumbai,5,6,Late,0
O2000783,Bengaluru,3,3,On Time,100
O2000784,Bengaluru,5,7,Late,0
O2000785,Hyderabad,4,4,On Time,40
O2000786,Bengaluru,3,3,On Time,120
O2000787,Hyderabad,5,6,Late,60
O2000788,Kolkata,5,5,On Time,60
O2000789,Delhi NCR,7,7,On Time,120
O2000790,Pune,5,5,On Time,120
O2000791,Kolkata,6,6,On Time,80
O2000792,Pune,4,4,On Time,60
O2000793,Hyderabad,2,2,On Time,60
O2000794,Delhi NCR,5,5,On Time,80
O2000795,Delhi NCR,2,2,On Time,120
O2000796,Bengaluru,3,3,On Time,60
O2000797,Kolkata,6,6,On Time,40
O2000798,Bengaluru,5,5,On Time,0
O2000799,Kolkata,7,7,On Time,0
O2000800,Delhi NCR,6,5,On Time,80
O2000801,Kolkata,2,2,On Time,60
O2000802,Hyderabad,7,7,On Time,80
O2000803,Bengaluru,6,6,On Time,80
O2000804,Kolkata,7,8,Late,80
O2000805,Delhi NCR,2,2,On Time,60
O2000806,Delhi NCR,2,2,On Time,100
O2000807,Kolkata,2,2,On Time,80
O2000808,Kolkata,3,3,On Time,100
O2000809,Hyderabad,3,3,On Time,80
O2000810,Kolkata,2,2,On Time,80
O2000811,Mumbai,4,4,On Time,0
O2000812,Pune,4,4,On Time,0
O2000813,Delhi NCR,1,1,On Time,0
O2000814,Pune,4,5,Late,0
O2000815,Kolkata,5,5,On Time,60
O2000816,Delhi NCR,3,3,On Time,120
O2000817,Kolkata,4,4,On Time,40
O2000818,Mumbai,5,5,On Time,80
O2000819,Delhi NCR,3,4,Late,100
O2000820,Pune,4,4,On Time,0
O2000821,Bengaluru,5,7,Late,0
O2000822,Hyderabad,4,4,On Time,80
O2000823,Kolkata,1,1,On Time,0
O2000824,Bengaluru,3,3,On Time,60
O2000825,Pune,3,6,Late,60
O2000826,Mumbai,4,4,On Time,0
O2000827,Mumbai,4,4,On Time,60
O2000828,Pune,3,5,Late,0
O2000829,Bengaluru,2,3,Late,40
O2000830,Kolkata,1,1,On Time,60
O2000831,Hyderabad,5,8,Late,100
O2000832,Delhi NCR,4,4,On Time,120
O2000833,Delhi NCR,3,3,On Time,80
O2000834,Kolkata,6,5,On Time,0
O2000835,Hyderabad,2,1,On Time,40
O2000836,Hyderabad,3,3,On Time,60
O2000837,Hyderabad,5,5,On Time,80
O2000838,Kolkata,4,4,On Time,60
O2000839,Mumbai,2,2,On Time,60
O2000840,Bengaluru,2,2,On Time,80
O2000841,Bengaluru,7,10,Late,80
O2000842,Mumbai,3,3,On Time,0
O2000843,Mumbai,4,4,On Time,80
O2000844,Hyderabad,3,3,On Time,60
O2000845,Delhi NCR,3,2,On Time,0
O2000846,Delhi NCR,1,1,On Time,120
O2000847,Mumbai,3,5,Late,80
O2000848,Pune,6,6,On Time,60
O2000849,Mumbai,3,3,On Time,80
O2000850,Mumbai,6,6,On Time,80
O2000851,Pune,1,4,Late,0
O2000852,Hyderabad,5,5,On Time,80
O2000853,Mumbai,3,3,On Time,40
O2000854,Delhi NCR,3,3,On Time,60
O2000855,Mumbai,4,4,On Time,80
O2000856,Hyderabad,5,5,On Time,150
O2000857,Hyderabad,4,4,On Time,0
O2000858,Pune,3,3,On Time,0
O2000859,Delhi NCR,4,4,On Time,0
O2000860,Kolkata,4,4,On Time,40
O2000861,Kolkata,4,5,Late,0
O2000862,Kolkata,4,4,On Time,100
O2000863,Kolkata,4,4,On Time,80
O2000864,Delhi NCR,4,3,On Time,80
O2000865,Kolkata,1,1,On Time,60
O2000866,Delhi NCR,3,3,On Time,60
O2000867,Pune,3,2,On Time,0
O2000868,Pune,1,1,On Time,100
O2000869,Kolkata,1,1,On Time,60
O2000870,Hyderabad,3,6,Late,40
O2000871,Mumbai,4,4,On Time,100
O2000872,Pune,5,7,Late,60
O2000873,Pune,7,9,Late,0
O2000874,Mumbai,3,3,On Time,60
O2000875,Pune,6,6,On Time,80
O2000876,Hyderabad,1,1,On Time,0
O2000877,Mumbai,5,6,Late,100
O2000878,Delhi NCR,3,3,On Time,80
O2000879,Kolkata,6,5,On Time,80
O2000880,Bengaluru,5,6,Late,100
O2000881,Mumbai,3,3,On Time,80
O2000882,Pune,1,1,On Time,60
O2000883,Kolkata,4,4,On Time,60
O2000884,Delhi NCR,5,6,Late,120
O2000885,Mumbai,5,5,On Time,0
O2000886,Delhi NCR,2,4,Late,120
O2000887,Delhi NCR,5,5,On Time,80
O2000888,Pune,1,1,On Time,100
O2000889,Kolkata,3,4,Late,80
O2000890,Delhi NCR,5,5,On Time,0
O2000891,Bengaluru,2,3,Late,60
O2000892,Hyderabad,5,5,On Time,80
O2000893,Delhi NCR,4,3,On Time,120
O2000894,Hyderabad,2,2,On Time,150
O2000895,Delhi NCR,4,4,On Time,100
O2000896,Pune,5,5,On Time,40
O2000897,Delhi NCR,4,5,Late,60
O2000898,Mumbai,4,4,On Time,150
O2000899,Bengaluru,7,9,Late,0
O2000900,Pune,5,5,On Time,0
O2000901,Mumbai,5,5,On Time,80
O2000902,Hyderabad,6,5,On Time,60
O2000903,Delhi NCR,7,7,On Time,80
O2000904,Bengaluru,4,4,On Time,80
O2000905,Mumbai,6,6,On Time,150
O2000906,Mumbai,3,3,On Time,0
O2000907,Hyderabad,5,5,On Time,40
O2000908,Hyderabad,3,3,On Time,100
O2000909,Delhi NCR,5,5,On Time,100
O2000910,Bengaluru,5,6,Late,100
O2000911,Kolkata,3,3,On Time,100
O2000912,Delhi NCR,2,4,Late,60
O2000913,Kolkata,3,2,On Time,80
O2000914,Delhi NCR,6,6,On Time,80
O2000915,Mumbai,3,2,On Time,0
O2000916,Pune,4,4,On Time,100
O2000917,Pune,4,4,On Time,60
O2000918,Kolkata,4,4,On Time,60
O2000919,Hyderabad,5,5,On Time,0
O2000920,Mumbai,1,3,Late,120
O2000921,Hyderabad,2,1,On Time,100
O2000922,Delhi NCR,2,2,On Time,80
O2000923,Mumbai,5,5,On Time,150
O2000924,Kolkata,5,5,On Time,120
O2000925,Hyderabad,4,4,On Time,120
O2000926,Hyderabad,3,3,On Time,80
O2000927,Pune,5,5,On Time,40
O2000928,Pune,4,4,On Time,80
O2000929,Kolkata,3,3,On Time,120
O2000930,Kolkata,4,4,On Time,80
O2000931,Pune,6,6,On Time,60
O2000932,Mumbai,3,3,On Time,0
O2000933,Mumbai,3,3,On Time,150
O2000934,Pune,5,5,On Time,60
O2000935,Kolkata,5,5,On Time,100
O2000936,Bengaluru,4,5,Late,0
O2000937,Bengaluru,7,9,Late,0
O2000938,Pune,3,3,On Time,60
O2000939,Pune,6,6,On Time,120
O2000940,Mumbai,1,1,On Time,150
O2000941,Bengaluru,4,4,On Time,120
O2000942,Hyderabad,4,4,On Time,80
O2000943,Kolkata,5,5,On Time,40
O2000944,Bengaluru,3,3,On Time,100
O2000945,Mumbai,5,4,On Time,40
O2000946,Bengaluru,2,2,On Time,40
O2000947,Delhi NCR,4,4,On Time,150
O2000948,Delhi NCR,4,4,On Time,100
O2000949,Bengaluru,3,3,On Time,0
O2000950,Bengaluru,4,3,On Time,100
O2000951,Pune,3,6,Late,60
O2000952,Mumbai,1,3,Late,60
O2000953,Bengaluru,5,5,On Time,0
O2000954,Hyderabad,4,4,On Time,0
O2000955,Delhi NCR,5,5,On Time,0
O2000956,Kolkata,5,5,On Time,80
O2000957,Delhi NCR,3,3,On Time,0
O2000958,Mumbai,3,3,On Time,80
O2000959,Bengaluru,5,6,Late,0
O2000960,Hyderabad,3,2,On Time,80
O2000961,Delhi NCR,2,2,On Time,100
O2000962,Hyderabad,5,5,On Time,60
O2000963,Hyderabad,7,7,On Time,0
O2000964,Kolkata,4,3,On Time,60
O2000965,Hyderabad,1,1,On Time,150
O2000966,Mumbai,6,6,On Time,150
O2000967,Delhi NCR,4,4,On Time,120
O2000968,Bengaluru,7,7,On Time,0
O2000969,Pune,2,2,On Time,80
O2000970,Hyderabad,5,6,Late,0
O2000971,Kolkata,7,7,On Time,120
O2000972,Delhi NCR,4,4,On Time,40
O2000973,Bengaluru,4,4,On Time,100
O2000974,Bengaluru,4,4,On Time,0
O2000975,Hyderabad,5,6,Late,0
O2000976,Delhi NCR,2,2,On Time,150
O2000977,Delhi NCR,3,3,On Time,0
O2000978,Hyderabad,5,5,On Time,60
O2000979,Delhi NCR,4,4,On Time,0
O2000980,Pune,1,2,Late,60
O2000981,Mumbai,4,4,On Time,40
O2000982,Hyderabad,2,2,On Time,60
O2000983,Kolkata,7,7,On Time,60
O2000984,Bengaluru,3,2,On Time,120
O2000985,Hyderabad,7,6,On Time,80
O2000986,Kolkata,3,3,On Time,100
O2000987,Bengaluru,5,7,Late,0
O2000988,Pune,3,3,On Time,0
O2000989,Pune,4,4,On Time,80
O2000990,Delhi NCR,5,6,Late,80
O2000991,Pune,1,1,On Time,100
O2000992,Hyderabad,3,3,On Time,0
O2000993,Delhi NCR,1,1,On Time,0
O2000994,Mumbai,5,5,On Time,120
O2000995,Bengaluru,6,6,On Time,60
O2000996,Kolkata,4,7,Late,80
O2000997,Hyderabad,3,3,On Time,0
O2000998,Mumbai,6,7,Late,40
O2000999,Kolkata,4,5,Late,100
O2001000,Kolkata,3,3,On Time,40
O2001001,Pune,7,8,Late,60
O2001002,Bengaluru,7,7,On Time,40
O2001003,Kolkata,4,5,Late,60
O2001004,Delhi NCR,4,3,On Time,150
O2001005,Mumbai,5,5,On Time,80
O2001006,Delhi NCR,2,2,On Time,120
O2001007,Mumbai,4,5,Late,60
O2001008,Delhi NCR,4,3,On Time,40
O2001009,Hyderabad,6,6,On Time,0
O2001010,Pune,2,2,On Time,80
O2001011,Mumbai,4,4,On Time,60
O2001012,Pune,4,4,On Time,100
O2001013,Mumbai,5,5,On Time,120
O2001014,Bengaluru,4,4,On Time,100
O2001015,Hyderabad,2,2,On Time,80
O2001016,Hyderabad,4,3,On Time,120
O2001017,Kolkata,3,3,On Time,40
O2001018,Hyderabad,2,2,On Time,120
O2001019,Mumbai,4,6,Late,40
O2001020,Hyderabad,6,8,Late,100
O2001021,Pune,4,4,On Time,0
O2001022,Mumbai,5,4,On Time,100
O2001023,Kolkata,5,5,On Time,80
O2001024,Bengaluru,4,3,On Time,0
O2001025,Delhi NCR,3,3,On Time,60
O2001026,Hyderabad,4,4,On Time,100
O2001027,Mumbai,2,2,On Time,80
O2001028,Kolkata,6,6,On Time,40
O2001029,Hyderabad,7,7,On Time,120
O2001030,Bengaluru,4,4,On Time,40
O2001031,Delhi NCR,5,5,On Time,0
O2001032,Kolkata,4,4,On Time,80
O2001033,Mumbai,3,3,On Time,100
O2001034,Bengaluru,2,2,On Time,60
O2001035,Kolkata,7,7,On Time,40
O2001036,Delhi NCR,2,2,On Time,120
O2001037,Mumbai,1,1,On Time,100
O2001038,Pune,5,5,On Time,60
O2001039,Delhi NCR,1,1,On Time,150
O2001040,Mumbai,3,3,On Time,60
O2001041,Pune,6,7,Late,150
O2001042,Bengaluru,2,4,Late,40
O2001043,Delhi NCR,3,3,On Time,0
O2001044,Kolkata,7,6,On Time,60
O2001045,Pune,3,4,Late,0
O2001046,Mumbai,5,4,On Time,100
O2001047,Pune,4,4,On Time,60
O2001048,Kolkata,6,6,On Time,80
O2001049,Bengaluru,2,2,On Time,80
O2001050,Kolkata,7,7,On Time,80
O2001051,Hyderabad,4,5,Late,120
O2001052,Mumbai,6,6,On Time,80
O2001053,Mumbai,2,2,On Time,150
O2001054,Kolkata,5,5,On Time,80
O2001055,Kolkata,7,7,On Time,0
O2001056,Bengaluru,1,4,Late,150
O2001057,Hyderabad,1,1,On Time,60
O2001058,Delhi NCR,7,7,On Time,120
O2001059,Bengaluru,3,3,On Time,40
O2001060,Mumbai,4,4,On Time,150
O2001061,Bengaluru,4,4,On Time,80
O2001062,Kolkata,2,2,On Time,40
O2001063,Pune,4,4,On Time,0
O2001064,Kolkata,1,2,Late,60
O2001065,Kolkata,3,5,Late,80
O2001066,Pune,3,3,On Time,120
O2001067,Kolkata,5,5,On Time,60
O2001068,Mumbai,4,4,On Time,0
O2001069,Bengaluru,3,3,On Time,100
O2001070,Mumbai,5,5,On Time,150
O2001071,Mumbai,3,3,On Time,80
O2001072,Kolkata,5,7,Late,0
O2001073,Kolkata,3,2,On Time,40
O2001074,Kolkata,5,6,Late,40
O2001075,Bengaluru,4,4,On Time,60
O2001076,Kolkata,7,9,Late,120
O2001077,Delhi NCR,3,3,On Time,80
O2001078,Delhi NCR,2,2,On Time,80
O2001079,Kolkata,2,2,On Time,120
O2001080,Hyderabad,4,4,On Time,80
O2001081,Pune,6,6,On Time,80
O2001082,Mumbai,4,4,On Time,120
O2001083,Pune,1,1,On Time,150
O2001084,Pune,3,2,On Time,0
O2001085,Pune,3,3,On Time,0
O2001086,Delhi NCR,5,5,On Time,40
O2001087,Delhi NCR,6,6,On Time,40
O2001088,Pune,5,6,Late,60
O2001089,Mumbai,4,4,On Time,100
O2001090,Delhi NCR,4,4,On Time,60
O2001091,Bengaluru,3,3,On Time,80
O2001092,Kolkata,2,2,On Time,40
O2001093,Kolkata,5,5,On Time,40
O2001094,Pune,1,1,On Time,80
O2001095,Bengaluru,3,3,On Time,80
O2001096,Bengaluru,6,6,On Time,0
O2001097,Kolkata,2,1,On Time,100
O2001098,Mumbai,7,7,On Time,80
O2001099,Hyderabad,3,3,On Time,150
O2001100,Mumbai,5,5,On Time,80
O2001101,Bengaluru,4,4,On Time,100
O2001102,Pune,3,3,On Time,40
O2001103,Delhi NCR,6,6,On Time,0
O2001104,Kolkata,3,2,On Time,60
O2001105,Kolkata,3,4,Late,80
O2001106,Kolkata,6,6,On Time,100
O2001107,Pune,5,5,On Time,100
O2001108,Pune,5,5,On Time,0
O2001109,Kolkata,3,3,On Time,100
O2001110,Mumbai,6,6,On Time,80
O2001111,Pune,3,3,On Time,120
O2001112,Bengaluru,7,7,On Time,40
O2001113,Mumbai,3,3,On Time,0
O2001114,Bengaluru,7,9,Late,60
O2001115,Bengaluru,3,3,On Time,0
O2001116,Mumbai,1,1,On Time,40
O2001117,Pune,2,2,On Time,60
O2001118,Delhi NCR,2,2,On Time,60
O2001119,Mumbai,5,5,On Time,40
O2001120,Mumbai,1,1,On Time,100
O2001121,Hyderabad,3,3,On Time,40
O2001122,Bengaluru,1,1,On Time,120
O2001123,Pune,4,4,On Time,0
O2001124,Kolkata,3,3,On Time,0
O2001125,Bengaluru,2,4,Late,80
O2001126,Pune,2,2,On Time,120
O2001127,Mumbai,4,5,Late,0
O2001128,Mumbai,5,8,Late,120
O2001129,Pune,4,7,Late,0
O2001130,Bengaluru,6,6,On Time,120
O2001131,Delhi NCR,3,3,On Time,120
O2001132,Hyderabad,3,4,Late,150
O2001133,Delhi NCR,2,3,Late,40
O2001134,Pune,2,2,On Time,100
O2001135,Pune,3,4,Late,0
O2001136,Pune,2,2,On Time,150
O2001137,Bengaluru,5,5,On Time,0
O2001138,Bengaluru,4,4,On Time,100
O2001139,Delhi NCR,1,2,Late,40
O2001140,Kolkata,4,7,Late,0
O2001141,Pune,7,7,On Time,80
O2001142,Kolkata,6,8,Late,0
O2001143,Kolkata,6,7,Late,80
O2001144,Delhi NCR,6,8,Late,40
O2001145,Pune,7,7,On Time,150
O2001146,Kolkata,5,5,On Time,0
O2001147,Bengaluru,3,3,On Time,100
O2001148,Delhi NCR,4,4,On Time,0
O2001149,Mumbai,3,3,On Time,60
O2001150,Kolkata,5,5,On Time,100
O2001151,Delhi NCR,7,6,On Time,100
O2001152,Bengaluru,6,6,On Time,80
O2001153,Delhi NCR,4,4,On Time,120
O2001154,Pune,4,4,On Time,0
O2001155,Delhi NCR,5,5,On Time,0
O2001156,Kolkata,4,4,On Time,60
O2001157,Hyderabad,3,3,On Time,60
O2001158,Kolkata,2,3,Late,60
O2001159,Kolkata,1,1,On Time,80
O2001160,Kolkata,3,3,On Time,0
O2001161,Pune,2,2,On Time,80
O2001162,Pune,7,7,On Time,120
O2001163,Kolkata,3,3,On Time,0
O2001164,Pune,5,5,On Time,40
O2001165,Delhi NCR,3,3,On Time,150
O2001166,Delhi NCR,6,6,On Time,100
O2001167,Pune,4,5,Late,80
O2001168,Pune,2,2,On Time,0
O2001169,Mumbai,5,4,On Time,100
O2001170,Bengaluru,2,1,On Time,80
O2001171,Kolkata,7,7,On Time,80
O2001172,Mumbai,4,6,Late,100
O2001173,Bengaluru,6,6,On Time,100
O2001174,Delhi NCR,5,5,On Time,100
O2001175,Bengaluru,7,9,Late,0
O2001176,Delhi NCR,6,6,On Time,120
O2001177,Bengaluru,4,4,On Time,60
O2001178,Mumbai,4,4,On Time,100
O2001179,Hyderabad,4,4,On Time,60
O2001180,Delhi NCR,6,6,On Time,100
O2001181,Pune,3,3,On Time,60
O2001182,Bengaluru,3,3,On Time,100
O2001183,Bengaluru,7,7,On Time,100
O2001184,Bengaluru,5,5,On Time,0
O2001185,Hyderabad,2,4,Late,40
O2001186,Hyderabad,3,3,On Time,100
O2001187,Hyderabad,6,5,On Time,0
O2001188,Mumbai,2,2,On Time,80
O2001189,Delhi NCR,6,7,Late,60
O2001190,Pune,1,3,Late,80
O2001191,Pune,7,7,On Time,80
O2001192,Bengaluru,3,3,On Time,40
O2001193,Kolkata,3,3,On Time,60
O2001194,Bengaluru,6,5,On Time,80
O2001195,Kolkata,3,3,On Time,0
O2001196,Pune,3,5,Late,60
O2001197,Mumbai,4,4,On Time,40
O2001198,Delhi NCR,5,5,On Time,80
O2001199,Mumbai,3,3,On Time,150
O2001200,Mumbai,4,4,On Time,120
O2001201,Kolkata,1,1,On Time,100
O2001202,Delhi NCR,6,6,On Time,80
O2001203,Hyderabad,1,1,On Time,0
O2001204,Pune,6,6,On Time,60
O2001205,Kolkata,6,6,On Time,80
O2001206,Pune,3,3,On Time,80
O2001207,Delhi NCR,3,3,On Time,80
O2001208,Delhi NCR,5,6,Late,80
O2001209,Kolkata,5,7,Late,120
O2001210,Pune,3,2,On Time,60
O2001211,Hyderabad,4,4,On Time,0
O2001212,Pune,6,6,On Time,40
O2001213,Mumbai,6,6,On Time,150
O2001214,Pune,5,5,On Time,80
O2001215,Kolkata,3,3,On Time,0
O2001216,Kolkata,1,1,On Time,0
O2001217,Hyderabad,3,3,On Time,60
O2001218,Kolkata,5,5,On Time,80
O2001219,Hyderabad,6,6,On Time,80
O2001220,Kolkata,4,4,On Time,60
O2001221,Kolkata,5,7,Late,60
O2001222,Delhi NCR,2,2,On Time,0
O2001223,Pune,3,4,Late,100
O2001224,Kolkata,3,3,On Time,150
O2001225,Delhi NCR,6,5,On Time,80
O2001226,Hyderabad,4,3,On Time,100
O2001227,Hyderabad,2,2,On Time,100
O2001228,Hyderabad,2,5,Late,100
O2001229,Kolkata,3,4,Late,0
O2001230,Hyderabad,6,6,On Time,80
O2001231,Pune,2,2,On Time,80
O2001232,Pune,5,5,On Time,100
O2001233,Kolkata,4,3,On Time,80
O2001234,Delhi NCR,4,4,On Time,40
O2001235,Pune,3,3,On Time,40
O2001236,Delhi NCR,1,1,On Time,0
O2001237,Hyderabad,3,3,On Time,120
O2001238,Delhi NCR,4,4,On Time,80
O2001239,Delhi NCR,7,7,On Time,60
O2001240,Hyderabad,5,5,On Time,0
O2001241,Hyderabad,4,4,On Time,150
O2001242,Mumbai,3,3,On Time,100
O2001243,Kolkata,3,4,Late,60
O2001244,Pune,4,4,On Time,120
O2001245,Bengaluru,5,5,On Time,0
O2001246,Hyderabad,4,4,On Time,60
O2001247,Hyderabad,3,3,On Time,100
O2001248,Mumbai,1,1,On Time,60
O2001249,Delhi NCR,4,4,On Time,60
O2001250,Pune,5,7,Late,120
O2001251,Delhi NCR,3,3,On Time,0
O2001252,Mumbai,4,4,On Time,60
O2001253,Pune,2,2,On Time,60
O2001254,Kolkata,3,3,On Time,100
O2001255,Mumbai,3,4,Late,40
O2001256,Kolkata,4,4,On Time,100
O2001257,Mumbai,4,4,On Time,120
O2001258,Pune,1,1,On Time,0
O2001259,Kolkata,6,5,On Time,40
O2001260,Bengaluru,3,2,On Time,60
O2001261,Kolkata,3,3,On Time,60
O2001262,Delhi NCR,5,5,On Time,80
O2001263,Delhi NCR,5,5,On Time,40
O2001264,Mumbai,2,2,On Time,60
O2001265,Mumbai,3,5,Late,0
O2001266,Hyderabad,6,6,On Time,120
O2001267,Mumbai,3,3,On Time,120
O2001268,Delhi NCR,3,6,Late,100
O2001269,Mumbai,3,3,On Time,100
O2001270,Hyderabad,3,3,On Time,0
O2001271,Mumbai,4,4,On Time,80
O2001272,Bengaluru,3,3,On Time,80
O2001273,Hyderabad,3,3,On Time,40
O2001274,Kolkata,6,6,On Time,120
O2001275,Delhi NCR,4,4,On Time,60
O2001276,Bengaluru,3,3,On Time,40
O2001277,Pune,7,7,On Time,150
O2001278,Bengaluru,5,5,On Time,80
O2001279,Delhi NCR,6,6,On Time,40
O2001280,Mumbai,1,1,On Time,150
O2001281,Delhi NCR,2,2,On Time,0
O2001282,Hyderabad,7,7,On Time,80
O2001283,Hyderabad,2,2,On Time,60
O2001284,Mumbai,4,3,On Time,0
O2001285,Pune,3,3,On Time,0
O2001286,Bengaluru,4,4,On Time,0
O2001287,Hyderabad,5,6,Late,0
O2001288,Bengaluru,3,2,On Time,60
O2001289,Pune,3,3,On Time,0
O2001290,Mumbai,3,3,On Time,40
O2001291,Mumbai,3,3,On Time,80
O2001292,Hyderabad,3,6,Late,150
O2001293,Bengaluru,3,3,On Time,120
O2001294,Hyderabad,4,3,On Time,0
O2001295,Pune,7,7,On Time,80
O2001296,Bengaluru,3,6,Late,60
O2001297,Hyderabad,2,1,On Time,0
O2001298,Bengaluru,4,4,On Time,100
O2001299,Pune,2,2,On Time,80
O2001300,Kolkata,5,7,Late,120
O2001301,Kolkata,5,5,On Time,0
O2001302,Mumbai,3,3,On Time,80
O2001303,Delhi NCR,7,6,On Time,80
O2001304,Pune,5,4,On Time,80
O2001305,Kolkata,3,3,On Time,0
O2001306,Bengaluru,4,7,Late,60
O2001307,Pune,2,2,On Time,0
O2001308,Mumbai,5,6,Late,0
O2001309,Pune,2,2,On Time,60
O2001310,Delhi NCR,6,6,On Time,0
O2001311,Pune,5,6,Late,100
O2001312,Pune,2,1,On Time,0
O2001313,Hyderabad,4,4,On Time,40
O2001314,Mumbai,3,3,On Time,0
O2001315,Pune,1,1,On Time,0
O2001316,Pune,7,9,Late,100
O2001317,Delhi NCR,5,5,On Time,40
O2001318,Pune,4,4,On Time,60
O2001319,Bengaluru,3,3,On Time,40
O2001320,Kolkata,3,3,On Time,150
O2001321,Bengaluru,5,5,On Time,100
O2001322,Hyderabad,5,5,On Time,60
O2001323,Delhi NCR,1,1,On Time,120
O2001324,Delhi NCR,2,2,On Time,80
O2001325,Bengaluru,5,5,On Time,120
O2001326,Bengaluru,5,6,Late,60
O2001327,Delhi NCR,5,7,Late,0
O2001328,Pune,1,1,On Time,0
O2001329,Hyderabad,4,4,On Time,40
O2001330,Kolkata,2,3,Late,40
O2001331,Delhi NCR,3,4,Late,0
O2001332,Bengaluru,2,1,On Time,80
O2001333,Kolkata,3,3,On Time,0
O2001334,Delhi NCR,2,2,On Time,0
O2001335,Bengaluru,5,5,On Time,100
O2001336,Mumbai,4,4,On Time,0
O2001337,Pune,6,6,On Time,60
O2001338,Kolkata,4,4,On Time,100
O2001339,Bengaluru,3,3,On Time,80
O2001340,Bengaluru,6,6,On Time,0
O2001341,Bengaluru,1,1,On Time,40
O2001342,Kolkata,5,5,On Time,60
O2001343,Hyderabad,7,7,On Time,80
O2001344,Hyderabad,6,6,On Time,60
O2001345,Hyderabad,2,2,On Time,40
O2001346,Bengaluru,2,2,On Time,80
O2001347,Hyderabad,4,4,On Time,60
O2001348,Bengaluru,7,7,On Time,120
O2001349,Kolkata,3,3,On Time,60
O2001350,Bengaluru,1,1,On Time,0
O2001351,Delhi NCR,2,4,Late,120
O2001352,Pune,3,3,On Time,80
O2001353,Pune,1,1,On Time,60
O2001354,Pune,1,3,Late,0
O2001355,Delhi NCR,2,2,On Time,0
O2001356,Mumbai,4,4,On Time,0
O2001357,Delhi NCR,4,7,Late,0
O2001358,Delhi NCR,3,3,On Time,0
O2001359,Hyderabad,4,4,On Time,80
O2001360,Kolkata,2,3,Late,120
O2001361,Kolkata,4,5,Late,100
O2001362,Delhi NCR,5,6,Late,0
O2001363,Pune,3,3,On Time,100
O2001364,Mumbai,6,6,On Time,40
O2001365,Kolkata,3,4,Late,80
O2001366,Delhi NCR,4,4,On Time,0
O2001367,Mumbai,3,5,Late,0
O2001368,Mumbai,6,6,On Time,100
O2001369,Bengaluru,2,2,On Time,100
O2001370,Mumbai,3,5,Late,60
O2001371,Delhi NCR,3,3,On Time,120
O2001372,Bengaluru,6,8,Late,100
O2001373,Kolkata,4,4,On Time,80
O2001374,Delhi NCR,2,2,On Time,150
O2001375,Kolkata,3,3,On Time,120
O2001376,Hyderabad,3,3,On Time,0
O2001377,Mumbai,6,9,Late,0
O2001378,Pune,3,4,Late,0
O2001379,Delhi NCR,3,6,Late,120
O2001380,Kolkata,2,5,Late,60
O2001381,Hyderabad,6,8,Late,120
O2001382,Bengaluru,4,4,On Time,120
O2001383,Delhi NCR,5,5,On Time,120
O2001384,Pune,5,7,Late,0
O2001385,Kolkata,1,1,On Time,60
O2001386,Kolkata,7,6,On Time,80
O2001387,Hyderabad,7,7,On Time,80
O2001388,Hyderabad,2,2,On Time,100
O2001389,Kolkata,7,7,On Time,40
O2001390,Pune,1,1,On Time,100
O2001391,Hyderabad,4,4,On Time,40
O2001392,Kolkata,6,6,On Time,0
O2001393,Hyderabad,7,7,On Time,120
O2001394,Kolkata,6,6,On Time,150
O2001395,Bengaluru,6,6,On Time,0
O2001396,Kolkata,6,8,Late,80
O2001397,Bengaluru,7,7,On Time,120
O2001398,Pune,2,2,On Time,0
O2001399,Delhi NCR,1,1,On Time,40
O2001400,Hyderabad,1,1,On Time,60
O2001401,Bengaluru,2,2,On Time,100
O2001402,Kolkata,6,7,Late,40
O2001403,Mumbai,5,5,On Time,60
O2001404,Bengaluru,4,4,On Time,0
O2001405,Bengaluru,3,3,On Time,80
O2001406,Pune,4,5,Late,80
O2001407,Hyderabad,2,5,Late,80
O2001408,Bengaluru,3,3,On Time,80
O2001409,Pune,5,5,On Time,120
O2001410,Kolkata,3,3,On Time,80
O2001411,Hyderabad,5,5,On Time,60
O2001412,Hyderabad,4,4,On Time,100
O2001413,Kolkata,2,4,Late,60
O2001414,Delhi NCR,3,3,On Time,80
O2001415,Bengaluru,4,4,On Time,100
O2001416,Hyderabad,6,6,On Time,40
O2001417,Hyderabad,4,7,Late,80
O2001418,Mumbai,2,2,On Time,100
O2001419,Pune,4,5,Late,0
O2001420,Kolkata,4,4,On Time,0
O2001421,Delhi NCR,3,3,On Time,100
O2001422,Pune,3,3,On Time,0
O2001423,Pune,2,2,On Time,100
O2001424,Delhi NCR,4,3,On Time,40
O2001425,Delhi NCR,5,5,On Time,80
O2001426,Hyderabad,2,2,On Time,80
O2001427,Bengaluru,2,2,On Time,60
O2001428,Pune,4,5,Late,0
O2001429,Delhi NCR,3,3,On Time,40
O2001430,Mumbai,4,4,On Time,0
O2001431,Hyderabad,4,4,On Time,80
O2001432,Delhi NCR,1,1,On Time,100
O2001433,Delhi NCR,5,4,On Time,100
O2001434,Delhi NCR,2,1,On Time,0
O2001435,Hyderabad,2,2,On Time,0
O2001436,Pune,2,2,On Time,120
O2001437,Delhi NCR,6,6,On Time,100
O2001438,Delhi NCR,4,6,Late,0
O2001439,Kolkata,4,3,On Time,80
O2001440,Kolkata,4,4,On Time,150
O2001441,Pune,3,3,On Time,60
O2001442,Bengaluru,5,5,On Time,60
O2001443,Hyderabad,4,4,On Time,120
O2001444,Bengaluru,4,4,On Time,120
O2001445,Bengaluru,4,4,On Time,0
O2001446,Mumbai,3,3,On Time,80
O2001447,Delhi NCR,5,5,On Time,100
O2001448,Hyderabad,4,4,On Time,40
O2001449,Kolkata,4,6,Late,100
O2001450,Hyderabad,2,1,On Time,60
O2001451,Bengaluru,4,4,On Time,80
O2001452,Pune,6,6,On Time,0
O2001453,Mumbai,3,5,Late,100
O2001454,Delhi NCR,4,4,On Time,0
O2001455,Hyderabad,2,4,Late,150
O2001456,Delhi NCR,3,2,On Time,80
O2001457,Hyderabad,4,4,On Time,60
O2001458,Mumbai,7,6,On Time,150
O2001459,Bengaluru,3,4,Late,80
O2001460,Pune,3,3,On Time,60
O2001461,Mumbai,2,4,Late,40
O2001462,Delhi NCR,3,3,On Time,80
O2001463,Kolkata,2,2,On Time,40
O2001464,Pune,2,2,On Time,100
O2001465,Mumbai,2,1,On Time,80
O2001466,Bengaluru,3,3,On Time,80
O2001467,Kolkata,3,3,On Time,40
O2001468,Kolkata,5,5,On Time,0
O2001469,Delhi NCR,2,2,On Time,0
O2001470,Mumbai,3,3,On Time,80
O2001471,Pune,5,5,On Time,0
O2001472,Pune,4,6,Late,0
O2001473,Hyderabad,2,2,On Time,120
O2001474,Delhi NCR,5,5,On Time,40
O2001475,Delhi NCR,5,5,On Time,40
O2001476,Mumbai,2,2,On Time,0
O2001477,Hyderabad,4,5,Late,150
O2001478,Hyderabad,4,3,On Time,40
O2001479,Delhi NCR,4,4,On Time,120
O2001480,Hyderabad,3,2,On Time,40
O2001481,Kolkata,5,5,On Time,120
O2001482,Pune,3,3,On Time,60
O2001483,Delhi NCR,5,5,On Time,60
O2001484,Bengaluru,3,3,On Time,80
O2001485,Kolkata,3,5,Late,40
O2001486,Mumbai,6,5,On Time,120
O2001487,Bengaluru,7,7,On Time,60
O2001488,Bengaluru,7,7,On Time,0
O2001489,Mumbai,3,2,On Time,60
O2001490,Delhi NCR,4,4,On Time,60
O2001491,Kolkata,3,3,On Time,0
O2001492,Kolkata,2,2,On Time,40
O2001493,Mumbai,5,5,On Time,0
O2001494,Delhi NCR,6,6,On Time,0
O2001495,Hyderabad,3,3,On Time,80
O2001496,Kolkata,7,7,On Time,80
O2001497,Kolkata,3,3,On Time,0
O2001498,Pune,1,1,On Time,0
O2001499,Kolkata,3,3,On Time,60
O2001500,Delhi NCR,5,5,On Time,60
O2001501,Hyderabad,4,4,On Time,0
O2001502,Hyderabad,6,6,On Time,0
O2001503,Hyderabad,2,2,On Time,0
O2001504,Hyderabad,2,2,On Time,40
O2001505,Kolkata,7,7,On Time,0
O2001506,Bengaluru,5,5,On Time,0
O2001507,Pune,1,2,Late,0
O2001508,Pune,1,1,On Time,150
O2001509,Mumbai,2,2,On Time,0
O2001510,Mumbai,2,2,On Time,40
O2001511,Hyderabad,7,7,On Time,40
O2001512,Delhi NCR,2,2,On Time,60
O2001513,Pune,3,3,On Time,80
O2001514,Bengaluru,2,2,On Time,150
O2001515,Pune,4,3,On Time,100
O2001516,Hyderabad,6,6,On Time,80
O2001517,Bengaluru,6,6,On Time,0
O2001518,Delhi NCR,5,5,On Time,0
O2001519,Bengaluru,2,2,On Time,120
O2001520,Bengaluru,4,4,On Time,0
O2001521,Kolkata,2,2,On Time,0
O2001522,Mumbai,5,5,On Time,0
O2001523,Pune,4,5,Late,100
O2001524,Hyderabad,4,4,On Time,80
O2001525,Kolkata,2,2,On Time,0
O2001526,Bengaluru,1,1,On Time,0
O2001527,Pune,2,1,On Time,100
O2001528,Hyderabad,6,6,On Time,120
O2001529,Delhi NCR,3,3,On Time,120
O2001530,Delhi NCR,4,4,On Time,100
O2001531,Hyderabad,5,6,Late,150
O2001532,Kolkata,5,5,On Time,120
O2001533,Bengaluru,5,5,On Time,60
O2001534,Pune,2,2,On Time,100
O2001535,Mumbai,4,5,Late,40
O2001536,Pune,5,7,Late,80
O2001537,Bengaluru,5,5,On Time,120
O2001538,Kolkata,4,4,On Time,0
O2001539,Mumbai,3,3,On Time,0
O2001540,Pune,3,3,On Time,40
O2001541,Delhi NCR,7,8,Late,0
O2001542,Bengaluru,4,4,On Time,40
O2001543,Kolkata,3,2,On Time,60
O2001544,Hyderabad,3,3,On Time,40
O2001545,Hyderabad,7,8,Late,80
O2001546,Bengaluru,2,2,On Time,60
O2001547,Delhi NCR,4,6,Late,0
O2001548,Delhi NCR,5,4,On Time,40
O2001549,Mumbai,4,4,On Time,80
O2001550,Kolkata,3,4,Late,100
O2001551,Hyderabad,4,4,On Time,60
O2001552,Mumbai,4,4,On Time,60
O2001553,Bengaluru,1,1,On Time,60
O2001554,Kolkata,1,1,On Time,60
O2001555,Kolkata,2,2,On Time,40
O2001556,Hyderabad,6,6,On Time,0
O2001557,Delhi NCR,2,2,On Time,120
O2001558,Delhi NCR,6,6,On Time,80
O2001559,Bengaluru,4,4,On Time,100
O2001560,Hyderabad,5,5,On Time,0
O2001561,Kolkata,6,5,On Time,40
O2001562,Hyderabad,4,4,On Time,40
O2001563,Pune,6,6,On Time,0
O2001564,Kolkata,3,3,On Time,80
O2001565,Mumbai,4,4,On Time,80
O2001566,Kolkata,3,3,On Time,40
O2001567,Kolkata,3,3,On Time,80
O2001568,Pune,3,2,On Time,0
O2001569,Bengaluru,2,2,On Time,60
O2001570,Delhi NCR,4,4,On Time,100
O2001571,Hyderabad,4,4,On Time,80
O2001572,Delhi NCR,5,5,On Time,120
O2001573,Mumbai,1,1,On Time,60
O2001574,Mumbai,3,3,On Time,60
O2001575,Bengaluru,2,1,On Time,0
O2001576,Bengaluru,5,6,Late,0
O2001577,Mumbai,4,7,Late,100
O2001578,Kolkata,5,5,On Time,80
O2001579,Delhi NCR,3,3,On Time,40
O2001580,Mumbai,5,4,On Time,120
O2001581,Mumbai,5,5,On Time,40
O2001582,Kolkata,3,3,On Time,150
O2001583,Hyderabad,1,1,On Time,100
O2001584,Pune,4,4,On Time,40
O2001585,Delhi NCR,4,4,On Time,60
O2001586,Pune,5,5,On Time,0
O2001587,Kolkata,5,5,On Time,0
O2001588,Pune,4,4,On Time,120
O2001589,Bengaluru,3,3,On Time,40
O2001590,Pune,5,5,On Time,80
O2001591,Hyderabad,3,4,Late,80
O2001592,Hyderabad,6,6,On Time,40
O2001593,Hyderabad,5,5,On Time,100
O2001594,Bengaluru,3,3,On Time,80
O2001595,Mumbai,3,4,Late,60
O2001596,Hyderabad,5,5,On Time,100
O2001597,Hyderabad,6,5,On Time,120
O2001598,Delhi NCR,3,3,On Time,40
O2001599,Pune,7,7,On Time,100
O2001600,Hyderabad,4,3,On Time,80
O2001601,Delhi NCR,4,4,On Time,60
O2001602,Delhi NCR,1,2,Late,100
O2001603,Delhi NCR,3,3,On Time,150
O2001604,Delhi NCR,3,3,On Time,0
O2001605,Mumbai,1,1,On Time,40
O2001606,Pune,3,3,On Time,100
O2001607,Bengaluru,3,3,On Time,0
O2001608,Pune,2,2,On Time,80
O2001609,Kolkata,3,3,On Time,60
O2001610,Bengaluru,3,4,Late,80
O2001611,Bengaluru,4,6,Late,80
O2001612,Mumbai,3,6,Late,120
O2001613,Mumbai,5,4,On Time,120
O2001614,Pune,1,3,Late,60
O2001615,Pune,4,4,On Time,0
O2001616,Delhi NCR,4,4,On Time,40
O2001617,Delhi NCR,3,5,Late,80
O2001618,Delhi NCR,2,2,On Time,0
O2001619,Bengaluru,2,2,On Time,80
O2001620,Bengaluru,5,5,On Time,100
O2001621,Delhi NCR,3,3,On Time,40
O2001622,Mumbai,4,4,On Time,0
O2001623,Bengaluru,3,3,On Time,40
O2001624,Bengaluru,4,4,On Time,60
O2001625,Hyderabad,5,5,On Time,120
O2001626,Pune,3,4,Late,60
O2001627,Pune,4,4,On Time,0
O2001628,Pune,6,6,On Time,80
O2001629,Kolkata,6,6,On Time,40
O2001630,Mumbai,3,3,On Time,60
O2001631,Kolkata,5,4,On Time,60
O2001632,Pune,4,4,On Time,40
O2001633,Bengaluru,6,6,On Time,0
O2001634,Kolkata,6,6,On Time,120
O2001635,Pune,2,2,On Time,60
O2001636,Delhi NCR,1,1,On Time,80
O2001637,Delhi NCR,5,5,On Time,60
O2001638,Pune,4,4,On Time,150
O2001639,Pune,1,3,Late,100
O2001640,Mumbai,2,2,On Time,40
O2001641,Mumbai,5,5,On Time,0
O2001642,Hyderabad,7,10,Late,60
O2001643,Hyderabad,3,5,Late,80
O2001644,Pune,3,3,On Time,0
O2001645,Bengaluru,3,3,On Time,60
O2001646,Hyderabad,4,4,On Time,0
O2001647,Hyderabad,3,3,On Time,100
O2001648,Mumbai,3,3,On Time,0
O2001649,Bengaluru,2,2,On Time,60
O2001650,Delhi NCR,3,3,On Time,60
O2001651,Bengaluru,5,5,On Time,120
O2001652,Delhi NCR,4,5,Late,120
O2001653,Hyderabad,6,9,Late,120
O2001654,Pune,4,4,On Time,100
O2001655,Kolkata,2,2,On Time,80
O2001656,Pune,4,4,On Time,100
O2001657,Mumbai,4,4,On Time,40
O2001658,Pune,1,2,Late,100
O2001659,Bengaluru,3,3,On Time,100
O2001660,Pune,7,7,On Time,60
O2001661,Hyderabad,3,3,On Time,40
O2001662,Delhi NCR,3,3,On Time,80
O2001663,Hyderabad,4,4,On Time,100
O2001664,Pune,5,5,On Time,0
O2001665,Delhi NCR,3,3,On Time,60
O2001666,Mumbai,1,1,On Time,150
O2001667,Mumbai,3,5,Late,0
O2001668,Bengaluru,4,4,On Time,40
O2001669,Bengaluru,5,4,On Time,150
O2001670,Kolkata,5,5,On Time,60
O2001671,Kolkata,5,5,On Time,100
O2001672,Pune,1,1,On Time,120
O2001673,Mumbai,5,5,On Time,100
O2001674,Kolkata,1,1,On Time,0
O2001675,Kolkata,3,3,On Time,100
O2001676,Bengaluru,3,3,On Time,80
O2001677,Kolkata,3,3,On Time,0
O2001678,Kolkata,2,2,On Time,120
O2001679,Pune,6,6,On Time,0
O2001680,Pune,4,4,On Time,40
O2001681,Bengaluru,4,4,On Time,120
O2001682,Kolkata,3,4,Late,0
O2001683,Kolkata,5,6,Late,0
O2001684,Pune,3,4,Late,120
O2001685,Kolkata,3,3,On Time,0
O2001686,Mumbai,1,1,On Time,0
O2001687,Pune,4,6,Late,60
O2001688,Kolkata,3,3,On Time,0
O2001689,Delhi NCR,3,3,On Time,60
O2001690,Delhi NCR,5,5,On Time,150
O2001691,Delhi NCR,5,4,On Time,80
O2001692,Hyderabad,3,3,On Time,0
O2001693,Hyderabad,3,3,On Time,120
O2001694,Hyderabad,2,2,On Time,80
O2001695,Hyderabad,1,1,On Time,40
O2001696,Kolkata,5,5,On Time,80
O2001697,Delhi NCR,6,5,On Time,40
O2001698,Delhi NCR,3,3,On Time,100
O2001699,Delhi NCR,1,1,On Time,100
O2001700,Mumbai,4,4,On Time,60
O2001701,Hyderabad,3,3,On Time,80
O2001702,Hyderabad,6,6,On Time,80
O2001703,Hyderabad,2,2,On Time,40
O2001704,Kolkata,1,1,On Time,120
O2001705,Bengaluru,4,4,On Time,150
O2001706,Kolkata,7,7,On Time,40
O2001707,Pune,4,4,On Time,0
O2001708,Hyderabad,5,5,On Time,120
O2001709,Kolkata,5,5,On Time,60
O2001710,Pune,3,3,On Time,40
O2001711,Hyderabad,5,5,On Time,0
O2001712,Mumbai,7,7,On Time,60
O2001713,Bengaluru,2,2,On Time,120
O2001714,Kolkata,4,4,On Time,120
O2001715,Kolkata,3,3,On Time,0
O2001716,Kolkata,3,3,On Time,150
O2001717,Bengaluru,5,5,On Time,40
O2001718,Kolkata,2,4,Late,0
O2001719,Kolkata,5,5,On Time,0
O2001720,Kolkata,3,3,On Time,80
O2001721,Hyderabad,5,5,On Time,80
O2001722,Kolkata,5,5,On Time,60
O2001723,Bengaluru,7,7,On Time,60
O2001724,Pune,2,2,On Time,0
O2001725,Kolkata,4,4,On Time,100
O2001726,Bengaluru,3,3,On Time,60
O2001727,Bengaluru,4,4,On Time,100
O2001728,Mumbai,3,5,Late,0
O2001729,Delhi NCR,3,3,On Time,120
O2001730,Bengaluru,2,3,Late,0
O2001731,Pune,7,7,On Time,60
O2001732,Mumbai,4,4,On Time,0
O2001733,Mumbai,5,5,On Time,0
O2001734,Pune,6,6,On Time,0
O2001735,Delhi NCR,6,6,On Time,0
O2001736,Bengaluru,2,2,On Time,100
O2001737,Kolkata,3,3,On Time,80
O2001738,Mumbai,4,4,On Time,80
O2001739,Hyderabad,2,2,On Time,150
O2001740,Delhi NCR,2,1,On Time,80
O2001741,Mumbai,5,5,On Time,0
O2001742,Mumbai,5,5,On Time,60
O2001743,Bengaluru,4,4,On Time,80
O2001744,Delhi NCR,3,3,On Time,0
O2001745,Kolkata,6,6,On Time,120
O2001746,Hyderabad,5,4,On Time,150
O2001747,Kolkata,6,6,On Time,60
O2001748,Delhi NCR,3,3,On Time,60
O2001749,Pune,7,6,On Time,120
O2001750,Mumbai,3,4,Late,60
O2001751,Bengaluru,3,3,On Time,60
O2001752,Bengaluru,3,4,Late,100
O2001753,Delhi NCR,2,2,On Time,0
O2001754,Hyderabad,6,6,On Time,60
O2001755,Mumbai,4,6,Late,80
O2001756,Mumbai,4,5,Late,100
O2001757,Pune,4,4,On Time,0
O2001758,Mumbai,7,8,Late,40
O2001759,Hyderabad,4,3,On Time,0
O2001760,Mumbai,6,7,Late,40
O2001761,Mumbai,5,5,On Time,0
O2001762,Bengaluru,5,5,On Time,120
O2001763,Hyderabad,1,1,On Time,60
O2001764,Mumbai,4,3,On Time,100
O2001765,Hyderabad,3,3,On Time,60
O2001766,Mumbai,3,3,On Time,100
O2001767,Kolkata,5,6,Late,80
O2001768,Pune,6,6,On Time,60
O2001769,Delhi NCR,3,4,Late,150
O2001770,Pune,4,5,Late,0
O2001771,Bengaluru,4,4,On Time,120
O2001772,Hyderabad,3,3,On Time,0
O2001773,Kolkata,6,6,On Time,100
O2001774,Pune,4,4,On Time,120
O2001775,Bengaluru,4,6,Late,60
O2001776,Mumbai,2,2,On Time,80
O2001777,Mumbai,6,6,On Time,40
O2001778,Kolkata,6,6,On Time,80
O2001779,Kolkata,4,7,Late,0
O2001780,Pune,4,4,On Time,40
O2001781,Mumbai,2,2,On Time,40
O2001782,Hyderabad,3,3,On Time,0
O2001783,Kolkata,2,2,On Time,80
O2001784,Delhi NCR,6,6,On Time,80
O2001785,Kolkata,5,4,On Time,120
O2001786,Delhi NCR,1,1,On Time,40
O2001787,Hyderabad,4,4,On Time,150
O2001788,Pune,5,5,On Time,0
O2001789,Hyderabad,1,1,On Time,60
O2001790,Bengaluru,6,6,On Time,60
O2001791,Delhi NCR,2,5,Late,150
O2001792,Kolkata,5,6,Late,120
O2001793,Mumbai,3,3,On Time,0
O2001794,Hyderabad,7,7,On Time,80
O2001795,Kolkata,5,8,Late,120
O2001796,Mumbai,6,6,On Time,80
O2001797,Hyderabad,3,3,On Time,40
O2001798,Bengaluru,7,6,On Time,40
O2001799,Hyderabad,3,3,On Time,120
O2001800,Bengaluru,3,3,On Time,60
O2001801,Pune,4,4,On Time,120
O2001802,Delhi NCR,4,5,Late,150
O2001803,Mumbai,6,8,Late,80
O2001804,Mumbai,5,5,On Time,100
O2001805,Delhi NCR,3,4,Late,80
O2001806,Hyderabad,5,6,Late,120
O2001807,Pune,6,6,On Time,60
O2001808,Hyderabad,4,4,On Time,80
O2001809,Mumbai,5,8,Late,40
O2001810,Pune,4,5,Late,150
O2001811,Mumbai,6,5,On Time,60
O2001812,Hyderabad,5,5,On Time,120
O2001813,Mumbai,6,6,On Time,40
O2001814,Kolkata,4,4,On Time,60
O2001815,Hyderabad,2,2,On Time,60
O2001816,Delhi NCR,3,2,On Time,100
O2001817,Delhi NCR,4,3,On Time,80
O2001818,Delhi NCR,2,2,On Time,100
O2001819,Pune,3,2,On Time,40
O2001820,Bengaluru,4,5,Late,100
O2001821,Pune,2,3,Late,150
O2001822,Mumbai,7,7,On Time,60
O2001823,Bengaluru,5,8,Late,0
O2001824,Bengaluru,7,9,Late,0
O2001825,Kolkata,4,3,On Time,80
O2001826,Kolkata,2,2,On Time,80
O2001827,Delhi NCR,3,2,On Time,60
O2001828,Delhi NCR,3,4,Late,0
O2001829,Kolkata,5,5,On Time,80
O2001830,Hyderabad,7,9,Late,80
O2001831,Hyderabad,4,4,On Time,40
O2001832,Bengaluru,3,3,On Time,60
O2001833,Hyderabad,6,5,On Time,60
O2001834,Delhi NCR,4,5,Late,0
O2001835,Pune,4,4,On Time,100
O2001836,Delhi NCR,5,5,On Time,150
O2001837,Mumbai,6,6,On Time,80
O2001838,Delhi NCR,3,3,On Time,40
O2001839,Pune,7,7,On Time,0
O2001840,Kolkata,7,6,On Time,0
O2001841,Hyderabad,3,3,On Time,100
O2001842,Pune,5,4,On Time,60
O2001843,Kolkata,1,1,On Time,100
O2001844,Hyderabad,7,9,Late,0
O2001845,Mumbai,5,5,On Time,60
O2001846,Hyderabad,5,5,On Time,120
O2001847,Pune,3,4,Late,0
O2001848,Bengaluru,3,3,On Time,100
O2001849,Delhi NCR,5,5,On Time,80
O2001850,Hyderabad,5,5,On Time,150
O2001851,Mumbai,6,7,Late,60
O2001852,Bengaluru,4,4,On Time,40
O2001853,Kolkata,4,4,On Time,0
O2001854,Hyderabad,4,5,Late,40
O2001855,Pune,5,5,On Time,100
O2001856,Hyderabad,2,2,On Time,150
O2001857,Hyderabad,3,2,On Time,60
O2001858,Delhi NCR,4,4,On Time,0
O2001859,Pune,5,5,On Time,60
O2001860,Hyderabad,4,4,On Time,120
O2001861,Kolkata,3,5,Late,80
O2001862,Pune,4,5,Late,120
O2001863,Hyderabad,7,7,On Time,100
O2001864,Pune,3,3,On Time,0
O2001865,Delhi NCR,7,7,On Time,60
O2001866,Mumbai,1,1,On Time,0
O2001867,Hyderabad,7,7,On Time,60
O2001868,Hyderabad,3,3,On Time,60
O2001869,Delhi NCR,3,3,On Time,60
O2001870,Kolkata,7,7,On Time,40
O2001871,Kolkata,4,4,On Time,100
O2001872,Kolkata,3,2,On Time,120
O2001873,Kolkata,2,2,On Time,0
O2001874,Kolkata,3,2,On Time,150
O2001875,Pune,2,2,On Time,80
O2001876,Bengaluru,7,10,Late,0
O2001877,Pune,2,2,On Time,0
O2001878,Pune,4,4,On Time,40
O2001879,Delhi NCR,5,5,On Time,80
O2001880,Hyderabad,1,1,On Time,0
O2001881,Kolkata,4,5,Late,80
O2001882,Mumbai,3,3,On Time,40
O2001883,Bengaluru,3,4,Late,80
O2001884,Bengaluru,4,3,On Time,60
O2001885,Kolkata,5,6,Late,150
O2001886,Hyderabad,4,4,On Time,40
O2001887,Delhi NCR,5,4,On Time,0
O2001888,Mumbai,4,4,On Time,80
O2001889,Bengaluru,7,7,On Time,80
O2001890,Bengaluru,4,4,On Time,0
O2001891,Delhi NCR,3,3,On Time,120
O2001892,Bengaluru,2,2,On Time,60
O2001893,Kolkata,7,7,On Time,0
O2001894,Delhi NCR,1,1,On Time,0
O2001895,Kolkata,5,5,On Time,80
O2001896,Bengaluru,6,6,On Time,60
O2001897,Delhi NCR,7,7,On Time,100
O2001898,Pune,3,3,On Time,60
O2001899,Kolkata,7,8,Late,60
O2001900,Bengaluru,6,6,On Time,0
O2001901,Mumbai,3,3,On Time,100
O2001902,Delhi NCR,4,4,On Time,0
O2001903,Delhi NCR,3,3,On Time,0
O2001904,Pune,1,1,On Time,60
O2001905,Delhi NCR,3,3,On Time,120
O2001906,Mumbai,1,1,On Time,80
O2001907,Pune,3,3,On Time,80
O2001908,Delhi NCR,4,4,On Time,40
O2001909,Bengaluru,5,8,Late,40
O2001910,Pune,7,9,Late,80
O2001911,Kolkata,6,6,On Time,120
O2001912,Bengaluru,3,4,Late,40
O2001913,Delhi NCR,4,4,On Time,120
O2001914,Kolkata,4,6,Late,80
O2001915,Bengaluru,6,5,On Time,60
O2001916,Pune,2,4,Late,0
O2001917,Delhi NCR,4,4,On Time,40
O2001918,Kolkata,3,3,On Time,100
O2001919,Bengaluru,4,6,Late,120
O2001920,Kolkata,2,2,On Time,120
O2001921,Pune,1,1,On Time,0
O2001922,Pune,3,5,Late,120
O2001923,Hyderabad,5,5,On Time,60
O2001924,Bengaluru,5,5,On Time,0
O2001925,Mumbai,2,3,Late,40
O2001926,Mumbai,4,6,Late,0
O2001927,Pune,4,4,On Time,0
O2001928,Hyderabad,5,4,On Time,120
O2001929,Mumbai,3,3,On Time,120
O2001930,Delhi NCR,6,8,Late,120
O2001931,Kolkata,5,5,On Time,40
O2001932,Bengaluru,5,5,On Time,60
O2001933,Mumbai,2,4,Late,60
O2001934,Delhi NCR,5,7,Late,60
O2001935,Kolkata,6,6,On Time,0
O2001936,Delhi NCR,3,3,On Time,80
O2001937,Mumbai,2,2,On Time,60
O2001938,Hyderabad,7,7,On Time,40
O2001939,Hyderabad,1,1,On Time,60
O2001940,Delhi NCR,1,1,On Time,40
O2001941,Hyderabad,4,4,On Time,80
O2001942,Hyderabad,7,8,Late,60
O2001943,Pune,5,8,Late,0
O2001944,Mumbai,4,4,On Time,80
O2001945,Delhi NCR,1,3,Late,150
O2001946,Bengaluru,6,6,On Time,40
O2001947,Bengaluru,6,6,On Time,60
O2001948,Kolkata,4,4,On Time,0
O2001949,Bengaluru,2,4,Late,80
O2001950,Delhi NCR,4,4,On Time,100
O2001951,Mumbai,5,5,On Time,0
O2001952,Pune,5,5,On Time,80
O2001953,Pune,6,6,On Time,40
O2001954,Pune,4,4,On Time,0
O2001955,Hyderabad,5,5,On Time,40
O2001956,Kolkata,2,2,On Time,80
O2001957,Hyderabad,3,3,On Time,60
O2001958,Bengaluru,5,5,On Time,100
O2001959,Delhi NCR,5,5,On Time,60
O2001960,Pune,5,7,Late,40
O2001961,Kolkata,3,3,On Time,60
O2001962,Mumbai,2,2,On Time,60
O2001963,Kolkata,4,4,On Time,150
O2001964,Mumbai,2,1,On Time,80
O2001965,Mumbai,3,3,On Time,40
O2001966,Mumbai,4,4,On Time,0
O2001967,Pune,4,4,On Time,40
O2001968,Bengaluru,2,2,On Time,0
O2001969,Mumbai,4,4,On Time,60
O2001970,Kolkata,1,1,On Time,0
O2001971,Kolkata,3,4,Late,80
O2001972,Mumbai,5,5,On Time,0
O2001973,Hyderabad,5,5,On Time,0
O2001974,Delhi NCR,4,4,On Time,100
O2001975,Kolkata,2,2,On Time,0
O2001976,Pune,6,6,On Time,60
O2001977,Pune,4,4,On Time,120
O2001978,Bengaluru,2,3,Late,80
O2001979,Mumbai,2,2,On Time,0
O2001980,Mumbai,3,5,Late,150
O2001981,Mumbai,3,3,On Time,60
O2001982,Hyderabad,5,7,Late,60
O2001983,Pune,5,5,On Time,0
O2001984,Bengaluru,6,5,On Time,100
O2001985,Mumbai,1,1,On Time,120
O2001986,Hyderabad,4,4,On Time,40
O2001987,Delhi NCR,7,8,Late,0
O2001988,Delhi NCR,5,6,Late,150
O2001989,Delhi NCR,2,2,On Time,100
O2001990,Hyderabad,3,6,Late,80
O2001991,Mumbai,3,3,On Time,40
O2001992,Bengaluru,4,3,On Time,60
O2001993,Pune,7,8,Late,40
O2001994,Bengaluru,2,2,On Time,60
O2001995,Bengaluru,4,6,Late,40
O2001996,Hyderabad,4,4,On Time,60
O2001997,Hyderabad,4,5,Late,100
O2001998,Kolkata,4,4,On Time,60
O2001999,Pune,7,7,On Time,0
O2002000,Bengaluru,2,2,On Time,100
O2002001,Mumbai,2,2,On Time,150
O2002002,Hyderabad,5,5,On Time,0
O2002003,Kolkata,5,5,On Time,40
O2002004,Pune,4,4,On Time,60
O2002005,Mumbai,4,4,On Time,40
O2002006,Mumbai,6,6,On Time,150
O2002007,Mumbai,5,5,On Time,0
O2002008,Hyderabad,5,5,On Time,150
O2002009,Hyderabad,2,3,Late,150
O2002010,Kolkata,3,3,On Time,0
O2002011,Kolkata,2,4,Late,120
O2002012,Bengaluru,6,6,On Time,60
O2002013,Hyderabad,5,4,On Time,0
O2002014,Bengaluru,6,6,On Time,60
O2002015,Hyderabad,3,3,On Time,100
O2002016,Pune,2,1,On Time,40
O2002017,Bengaluru,5,5,On Time,0
O2002018,Kolkata,4,4,On Time,120
O2002019,Hyderabad,4,4,On Time,80
O2002020,Pune,4,6,Late,60
O2002021,Bengaluru,7,7,On Time,100
O2002022,Delhi NCR,2,1,On Time,0
O2002023,Bengaluru,2,3,Late,60
O2002024,Bengaluru,7,7,On Time,80
O2002025,Pune,6,5,On Time,100
O2002026,Pune,7,7,On Time,60
O2002027,Delhi NCR,6,6,On Time,80
O2002028,Delhi NCR,1,1,On Time,0
O2002029,Kolkata,4,6,Late,0
O2002030,Mumbai,5,6,Late,0
O2002031,Mumbai,4,4,On Time,80
O2002032,Mumbai,1,1,On Time,0
O2002033,Kolkata,2,2,On Time,60
O2002034,Delhi NCR,4,3,On Time,40
O2002035,Pune,3,3,On Time,80
O2002036,Kolkata,4,4,On Time,100
O2002037,Kolkata,5,5,On Time,120
O2002038,Mumbai,5,8,Late,80
O2002039,Mumbai,2,5,Late,40
O2002040,Mumbai,3,3,On Time,80
O2002041,Bengaluru,4,4,On Time,100
O2002042,Delhi NCR,5,5,On Time,60
O2002043,Hyderabad,4,4,On Time,80
O2002044,Hyderabad,2,2,On Time,0
O2002045,Delhi NCR,3,3,On Time,40
O2002046,Bengaluru,4,4,On Time,100
O2002047,Bengaluru,2,2,On Time,100
O2002048,Hyderabad,3,2,On Time,40
O2002049,Hyderabad,6,6,On Time,0
O2002050,Hyderabad,3,3,On Time,0
O2002051,Mumbai,2,2,On Time,80
O2002052,Kolkata,2,2,On Time,80
O2002053,Kolkata,4,4,On Time,0
O2002054,Mumbai,4,4,On Time,60
O2002055,Kolkata,7,7,On Time,60
O2002056,Kolkata,3,3,On Time,60
O2002057,Delhi NCR,2,5,Late,120
O2002058,Delhi NCR,4,4,On Time,100
O2002059,Pune,6,6,On Time,150
O2002060,Delhi NCR,6,6,On Time,60
O2002061,Kolkata,4,3,On Time,80
O2002062,Pune,6,6,On Time,150
O2002063,Pune,4,4,On Time,0
O2002064,Mumbai,3,3,On Time,80
O2002065,Bengaluru,4,4,On Time,60
O2002066,Mumbai,4,4,On Time,100
O2002067,Hyderabad,2,2,On Time,120
O2002068,Delhi NCR,2,2,On Time,120
O2002069,Bengaluru,5,7,Late,80
O2002070,Hyderabad,5,5,On Time,80
O2002071,Delhi NCR,4,4,On Time,120
O2002072,Bengaluru,5,5,On Time,60
O2002073,Pune,2,5,Late,0
O2002074,Bengaluru,6,6,On Time,60
O2002075,Kolkata,6,6,On Time,80
O2002076,Bengaluru,1,1,On Time,120
O2002077,Hyderabad,2,2,On Time,100
O2002078,Delhi NCR,2,2,On Time,120
O2002079,Pune,2,1,On Time,0
O2002080,Bengaluru,3,5,Late,120
O2002081,Mumbai,3,3,On Time,0
O2002082,Bengaluru,7,7,On Time,40
O2002083,Pune,2,2,On Time,0
O2002084,Pune,4,5,Late,60
O2002085,Pune,4,5,Late,100
O2002086,Hyderabad,2,2,On Time,0
O2002087,Delhi NCR,6,6,On Time,80
O2002088,Hyderabad,3,3,On Time,60
O2002089,Mumbai,5,5,On Time,100
O2002090,Hyderabad,3,3,On Time,40
O2002091,Kolkata,5,5,On Time,120
O2002092,Pune,6,6,On Time,0
O2002093,Bengaluru,2,3,Late,80
O2002094,Bengaluru,4,4,On Time,120
O2002095,Hyderabad,4,4,On Time,60
O2002096,Pune,7,7,On Time,0
O2002097,Bengaluru,1,1,On Time,100
O2002098,Mumbai,5,6,Late,80
O2002099,Kolkata,3,3,On Time,0
O2002100,Delhi NCR,3,3,On Time,0
O2002101,Hyderabad,3,5,Late,100
O2002102,Pune,5,7,Late,60
O2002103,Bengaluru,4,5,Late,0
O2002104,Hyderabad,6,7,Late,120
O2002105,Mumbai,4,4,On Time,0
O2002106,Mumbai,2,2,On Time,80
O2002107,Pune,4,4,On Time,60
O2002108,Kolkata,6,5,On Time,60
O2002109,Pune,3,3,On Time,60
O2002110,Kolkata,3,3,On Time,60
O2002111,Mumbai,1,1,On Time,60
O2002112,Kolkata,3,3,On Time,40
O2002113,Mumbai,2,2,On Time,150
O2002114,Mumbai,1,1,On Time,100
O2002115,Delhi NCR,2,2,On Time,80
O2002116,Hyderabad,5,5,On Time,60
O2002117,Mumbai,4,4,On Time,120
O2002118,Hyderabad,3,3,On Time,150
O2002119,Kolkata,2,2,On Time,120
O2002120,Mumbai,4,4,On Time,0
O2002121,Delhi NCR,3,5,Late,100
O2002122,Kolkata,1,1,On Time,80
O2002123,Bengaluru,2,3,Late,80
O2002124,Mumbai,5,6,Late,80
O2002125,Mumbai,2,2,On Time,100
O2002126,Hyderabad,6,6,On Time,120
O2002127,Hyderabad,4,4,On Time,60
O2002128,Delhi NCR,7,6,On Time,80
O2002129,Hyderabad,3,3,On Time,120
O2002130,Mumbai,3,3,On Time,120
O2002131,Hyderabad,3,2,On Time,40
O2002132,Mumbai,7,8,Late,100
O2002133,Bengaluru,4,5,Late,40
O2002134,Hyderabad,6,9,Late,80
O2002135,Kolkata,5,5,On Time,0
O2002136,Delhi NCR,5,4,On Time,60
O2002137,Delhi NCR,3,5,Late,0
O2002138,Delhi NCR,3,6,Late,150
O2002139,Pune,3,3,On Time,40
O2002140,Pune,3,4,Late,0
O2002141,Hyderabad,4,4,On Time,120
O2002142,Delhi NCR,6,6,On Time,0
O2002143,Hyderabad,4,4,On Time,0
O2002144,Kolkata,4,5,Late,60
O2002145,Hyderabad,2,2,On Time,40
O2002146,Delhi NCR,7,7,On Time,60
O2002147,Delhi NCR,1,1,On Time,0
O2002148,Hyderabad,5,5,On Time,0
O2002149,Delhi NCR,6,8,Late,100
O2002150,Kolkata,4,4,On Time,60
O2002151,Hyderabad,2,4,Late,0
O2002152,Mumbai,4,4,On Time,0
O2002153,Delhi NCR,3,5,Late,100
O2002154,Bengaluru,5,5,On Time,0
O2002155,Pune,4,4,On Time,80
O2002156,Delhi NCR,7,7,On Time,40
O2002157,Delhi NCR,3,3,On Time,0
O2002158,Pune,4,6,Late,80
O2002159,Pune,5,5,On Time,150
O2002160,Hyderabad,6,7,Late,60
O2002161,Pune,4,4,On Time,80
O2002162,Kolkata,2,4,Late,80
O2002163,Kolkata,7,7,On Time,150
O2002164,Mumbai,2,2,On Time,0
O2002165,Bengaluru,3,3,On Time,0
O2002166,Delhi NCR,5,5,On Time,80
O2002167,Kolkata,3,3,On Time,100
O2002168,Mumbai,4,4,On Time,60
O2002169,Pune,2,2,On Time,150
O2002170,Bengaluru,4,4,On Time,0
O2002171,Kolkata,3,3,On Time,150
O2002172,Bengaluru,1,1,On Time,40
O2002173,Kolkata,2,2,On Time,40
O2002174,Delhi NCR,4,4,On Time,60
O2002175,Pune,6,6,On Time,0
O2002176,Bengaluru,6,6,On Time,100
O2002177,Kolkata,5,5,On Time,0
O2002178,Kolkata,6,6,On Time,60
O2002179,Kolkata,3,3,On Time,0
O2002180,Kolkata,3,5,Late,0
O2002181,Hyderabad,3,3,On Time,40
O2002182,Bengaluru,5,5,On Time,0
O2002183,Bengaluru,1,1,On Time,0
O2002184,Hyderabad,7,7,On Time,120
O2002185,Kolkata,5,5,On Time,0
O2002186,Pune,4,4,On Time,40
O2002187,Bengaluru,1,1,On Time,80
O2002188,Delhi NCR,2,2,On Time,60
O2002189,Kolkata,1,1,On Time,80
O2002190,Pune,4,5,Late,40
O2002191,Delhi NCR,4,4,On Time,100
O2002192,Kolkata,3,3,On Time,150
O2002193,Mumbai,4,5,Late,0
O2002194,Hyderabad,5,5,On Time,0
O2002195,Kolkata,5,5,On Time,120
O2002196,Mumbai,4,5,Late,80
O2002197,Delhi NCR,4,7,Late,0
O2002198,Pune,1,2,Late,0
O2002199,Pune,5,5,On Time,60
O2002200,Mumbai,3,3,On Time,40
O2002201,Kolkata,4,4,On Time,0
O2002202,Hyderabad,1,1,On Time,60
O2002203,Delhi NCR,3,3,On Time,100
O2002204,Hyderabad,4,4,On Time,150
O2002205,Delhi NCR,7,7,On Time,100
O2002206,Pune,5,5,On Time,40
O2002207,Kolkata,2,2,On Time,0
O2002208,Pune,4,5,Late,0
O2002209,Delhi NCR,3,3,On Time,100
O2002210,Delhi NCR,5,5,On Time,60
O2002211,Pune,5,4,On Time,60
O2002212,Pune,4,4,On Time,120
O2002213,Mumbai,1,1,On Time,120
O2002214,Hyderabad,5,5,On Time,80
O2002215,Mumbai,2,3,Late,40
O2002216,Mumbai,2,2,On Time,0
O2002217,Delhi NCR,3,2,On Time,40
O2002218,Kolkata,7,7,On Time,40
O2002219,Pune,3,3,On Time,40
O2002220,Pune,1,1,On Time,60
O2002221,Pune,5,5,On Time,150
O2002222,Mumbai,5,5,On Time,100
O2002223,Delhi NCR,3,5,Late,80
O2002224,Mumbai,5,5,On Time,100
O2002225,Mumbai,3,3,On Time,0
O2002226,Hyderabad,4,4,On Time,80
O2002227,Delhi NCR,2,4,Late,100
O2002228,Mumbai,2,2,On Time,0
O2002229,Delhi NCR,7,7,On Time,60
O2002230,Bengaluru,1,1,On Time,0
O2002231,Kolkata,4,4,On Time,100
O2002232,Bengaluru,3,3,On Time,0
O2002233,Bengaluru,3,2,On Time,0
O2002234,Hyderabad,3,3,On Time,80
O2002235,Pune,5,7,Late,80
O2002236,Bengaluru,2,2,On Time,80
O2002237,Mumbai,6,5,On Time,80
O2002238,Delhi NCR,4,3,On Time,80
O2002239,Hyderabad,7,7,On Time,60
O2002240,Pune,7,7,On Time,150
O2002241,Delhi NCR,4,4,On Time,120
O2002242,Hyderabad,4,4,On Time,150
O2002243,Delhi NCR,4,4,On Time,40
O2002244,Bengaluru,2,2,On Time,0
O2002245,Kolkata,4,6,Late,40
O2002246,Kolkata,3,3,On Time,150
O2002247,Hyderabad,2,1,On Time,40
O2002248,Bengaluru,3,3,On Time,100
O2002249,Bengaluru,5,5,On Time,120
O2002250,Pune,5,5,On Time,40
O2002251,Bengaluru,3,2,On Time,60
O2002252,Bengaluru,2,2,On Time,80
O2002253,Kolkata,4,7,Late,0
O2002254,Mumbai,2,2,On Time,0
O2002255,Bengaluru,2,1,On Time,80
O2002256,Bengaluru,3,3,On Time,0
O2002257,Pune,4,4,On Time,40
O2002258,Delhi NCR,2,2,On Time,80
O2002259,Pune,2,2,On Time,40
O2002260,Mumbai,2,2,On Time,80
O2002261,Hyderabad,4,4,On Time,0
O2002262,Pune,2,2,On Time,120
O2002263,Delhi NCR,4,6,Late,0
O2002264,Kolkata,2,2,On Time,0
O2002265,Bengaluru,2,2,On Time,120
O2002266,Pune,5,5,On Time,120
O2002267,Mumbai,4,4,On Time,80
O2002268,Kolkata,6,6,On Time,80
O2002269,Bengaluru,3,3,On Time,120
O2002270,Hyderabad,3,3,On Time,60
O2002271,Bengaluru,4,4,On Time,120
O2002272,Bengaluru,3,4,Late,60
O2002273,Pune,2,2,On Time,60
O2002274,Pune,3,3,On Time,100
O2002275,Bengaluru,3,3,On Time,60
O2002276,Bengaluru,7,7,On Time,40
O2002277,Hyderabad,3,3,On Time,80
O2002278,Hyderabad,6,6,On Time,80
O2002279,Delhi NCR,6,6,On Time,40
O2002280,Bengaluru,3,3,On Time,40
O2002281,Mumbai,4,5,Late,40
O2002282,Mumbai,3,3,On Time,0
O2002283,Bengaluru,1,1,On Time,80
O2002284,Kolkata,7,7,On Time,60
O2002285,Bengaluru,4,4,On Time,100
O2002286,Pune,4,4,On Time,100
O2002287,Kolkata,2,3,Late,40
O2002288,Hyderabad,5,5,On Time,80
O2002289,Mumbai,7,6,On Time,80
O2002290,Hyderabad,6,6,On Time,80
O2002291,Mumbai,5,6,Late,60
O2002292,Pune,1,1,On Time,100
O2002293,Bengaluru,2,2,On Time,80
O2002294,Mumbai,4,4,On Time,100
O2002295,Kolkata,5,5,On Time,0
O2002296,Pune,4,4,On Time,80
O2002297,Pune,7,6,On Time,80
O2002298,Pune,1,3,Late,80
O2002299,Bengaluru,4,4,On Time,80
O2002300,Kolkata,5,5,On Time,80
O2002301,Delhi NCR,6,6,On Time,120
O2002302,Hyderabad,3,2,On Time,80
O2002303,Delhi NCR,4,4,On Time,60
O2002304,Mumbai,5,5,On Time,100
O2002305,Mumbai,6,6,On Time,60
O2002306,Bengaluru,2,2,On Time,0
O2002307,Bengaluru,3,6,Late,120
O2002308,Pune,7,7,On Time,0
O2002309,Hyderabad,2,2,On Time,0
O2002310,Bengaluru,4,4,On Time,0
O2002311,Delhi NCR,5,5,On Time,40
O2002312,Kolkata,4,4,On Time,0
O2002313,Pune,2,2,On Time,120
O2002314,Hyderabad,6,6,On Time,100
O2002315,Kolkata,3,3,On Time,80
O2002316,Hyderabad,5,5,On Time,0
O2002317,Pune,5,4,On Time,100
O2002318,Bengaluru,5,5,On Time,0
O2002319,Hyderabad,2,2,On Time,150
O2002320,Pune,2,5,Late,0
O2002321,Delhi NCR,4,4,On Time,60
O2002322,Kolkata,5,5,On Time,120
O2002323,Mumbai,5,4,On Time,60
O2002324,Mumbai,5,5,On Time,120
O2002325,Kolkata,3,4,Late,60
O2002326,Pune,4,4,On Time,120
O2002327,Delhi NCR,7,8,Late,0
O2002328,Pune,2,2,On Time,80
O2002329,Pune,4,3,On Time,40
O2002330,Mumbai,3,3,On Time,60
O2002331,Hyderabad,4,4,On Time,80
O2002332,Kolkata,3,3,On Time,60
O2002333,Hyderabad,5,5,On Time,80
O2002334,Bengaluru,1,1,On Time,0
O2002335,Hyderabad,4,4,On Time,60
O2002336,Kolkata,4,4,On Time,0
O2002337,Mumbai,6,6,On Time,0
O2002338,Pune,7,7,On Time,100
O2002339,Mumbai,7,7,On Time,100
O2002340,Hyderabad,5,5,On Time,100
O2002341,Kolkata,2,2,On Time,40
O2002342,Hyderabad,3,4,Late,40
O2002343,Hyderabad,6,6,On Time,80
O2002344,Bengaluru,6,6,On Time,60
O2002345,Kolkata,5,5,On Time,150
O2002346,Kolkata,5,7,Late,80
O2002347,Bengaluru,7,6,On Time,80
O2002348,Bengaluru,3,2,On Time,100
O2002349,Bengaluru,3,3,On Time,100
O2002350,Pune,3,5,Late,60
O2002351,Bengaluru,7,7,On Time,0
O2002352,Bengaluru,4,4,On Time,100
O2002353,Mumbai,1,1,On Time,0
O2002354,Mumbai,2,1,On Time,60
O2002355,Bengaluru,4,4,On Time,80
O2002356,Mumbai,6,6,On Time,0
O2002357,Hyderabad,4,4,On Time,0
O2002358,Pune,2,2,On Time,40
O2002359,Bengaluru,3,3,On Time,40
O2002360,Kolkata,2,2,On Time,0
O2002361,Pune,3,3,On Time,0
O2002362,Delhi NCR,2,2,On Time,40
O2002363,Mumbai,2,2,On Time,120
O2002364,Mumbai,2,2,On Time,100
O2002365,Pune,7,7,On Time,100
O2002366,Pune,7,7,On Time,80
O2002367,Hyderabad,4,4,On Time,80
O2002368,Delhi NCR,6,5,On Time,40
O2002369,Mumbai,5,5,On Time,0
O2002370,Pune,4,4,On Time,0
O2002371,Delhi NCR,4,7,Late,40
O2002372,Bengaluru,6,6,On Time,40
O2002373,Mumbai,2,2,On Time,0
O2002374,Pune,5,6,Late,0
O2002375,Delhi NCR,2,3,Late,0
O2002376,Hyderabad,4,3,On Time,80
O2002377,Pune,5,5,On Time,80
O2002378,Pune,1,1,On Time,80
O2002379,Pune,1,1,On Time,120
O2002380,Bengaluru,3,4,Late,0
O2002381,Kolkata,7,7,On Time,40
O2002382,Mumbai,5,5,On Time,0
O2002383,Delhi NCR,4,4,On Time,0
O2002384,Mumbai,2,4,Late,80
O2002385,Delhi NCR,5,5,On Time,0
O2002386,Kolkata,2,1,On Time,80
O2002387,Hyderabad,7,9,Late,100
O2002388,Hyderabad,2,2,On Time,40
O2002389,Kolkata,7,7,On Time,80
O2002390,Hyderabad,5,5,On Time,80
O2002391,Mumbai,6,6,On Time,100
O2002392,Mumbai,3,3,On Time,120
O2002393,Kolkata,3,3,On Time,80
O2002394,Kolkata,5,5,On Time,0
O2002395,Bengaluru,2,2,On Time,120
O2002396,Pune,5,5,On Time,100
O2002397,Pune,5,4,On Time,40
O2002398,Kolkata,2,3,Late,60
O2002399,Bengaluru,4,5,Late,0
O2002400,Kolkata,5,7,Late,80
O2002401,Mumbai,5,5,On Time,60
O2002402,Pune,5,5,On Time,60
O2002403,Mumbai,5,5,On Time,80
O2002404,Delhi NCR,7,7,On Time,0
O2002405,Hyderabad,1,1,On Time,80
O2002406,Mumbai,3,3,On Time,60
O2002407,Pune,5,5,On Time,80
O2002408,Delhi NCR,7,6,On Time,60
O2002409,Kolkata,4,4,On Time,60
O2002410,Bengaluru,5,5,On Time,80
O2002411,Mumbai,4,4,On Time,80
O2002412,Mumbai,7,7,On Time,100
O2002413,Bengaluru,5,7,Late,0
O2002414,Bengaluru,3,3,On Time,40
O2002415,Pune,1,1,On Time,0
O2002416,Kolkata,6,6,On Time,120
O2002417,Mumbai,7,7,On Time,40
O2002418,Mumbai,3,3,On Time,60
O2002419,Kolkata,3,3,On Time,0
O2002420,Delhi NCR,5,5,On Time,100
O2002421,Mumbai,3,3,On Time,150
O2002422,Mumbai,7,7,On Time,40
O2002423,Hyderabad,1,1,On Time,80
O2002424,Pune,5,5,On Time,60
O2002425,Pune,3,3,On Time,40
O2002426,Delhi NCR,6,6,On Time,40
O2002427,Hyderabad,5,4,On Time,0
O2002428,Hyderabad,3,4,Late,40
O2002429,Delhi NCR,2,3,Late,0
O2002430,Mumbai,7,7,On Time,120
O2002431,Kolkata,6,6,On Time,0
O2002432,Bengaluru,4,4,On Time,0
O2002433,Bengaluru,2,2,On Time,0
O2002434,Bengaluru,4,4,On Time,120
O2002435,Kolkata,6,5,On Time,60
O2002436,Kolkata,3,3,On Time,40
O2002437,Pune,5,5,On Time,40
O2002438,Delhi NCR,4,6,Late,0
O2002439,Hyderabad,4,4,On Time,150
O2002440,Kolkata,5,4,On Time,0
O2002441,Delhi NCR,2,4,Late,0
O2002442,Bengaluru,1,2,Late,80
O2002443,Mumbai,5,5,On Time,0
O2002444,Kolkata,4,4,On Time,0
O2002445,Delhi NCR,5,5,On Time,120
O2002446,Mumbai,5,8,Late,80
O2002447,Delhi NCR,4,4,On Time,40
O2002448,Pune,3,3,On Time,100
O2002449,Bengaluru,6,7,Late,40
O2002450,Delhi NCR,3,3,On Time,60
O2002451,Hyderabad,3,3,On Time,40
O2002452,Pune,3,5,Late,0
O2002453,Bengaluru,4,3,On Time,0
O2002454,Pune,4,4,On Time,100
O2002455,Mumbai,3,4,Late,60
O2002456,Mumbai,4,6,Late,150
O2002457,Hyderabad,5,5,On Time,0
O2002458,Mumbai,3,3,On Time,60
O2002459,Bengaluru,4,6,Late,40
O2002460,Bengaluru,3,2,On Time,60
O2002461,Bengaluru,4,4,On Time,120
O2002462,Delhi NCR,4,4,On Time,80
O2002463,Hyderabad,7,8,Late,40
O2002464,Kolkata,2,2,On Time,80
O2002465,Pune,4,4,On Time,120
O2002466,Delhi NCR,7,8,Late,0
O2002467,Delhi NCR,3,3,On Time,0
O2002468,Pune,4,4,On Time,80
O2002469,Kolkata,5,5,On Time,120
O2002470,Hyderabad,4,4,On Time,80
O2002471,Bengaluru,3,2,On Time,80
O2002472,Mumbai,5,6,Late,60
O2002473,Kolkata,6,9,Late,120
O2002474,Kolkata,2,3,Late,100
O2002475,Delhi NCR,1,2,Late,80
O2002476,Hyderabad,3,3,On Time,40
O2002477,Kolkata,5,5,On Time,120
O2002478,Delhi NCR,3,4,Late,60
O2002479,Hyderabad,3,3,On Time,40
O2002480,Mumbai,7,7,On Time,100
O2002481,Hyderabad,2,2,On Time,100
O2002482,Kolkata,4,4,On Time,40
O2002483,Kolkata,3,3,On Time,120
O2002484,Delhi NCR,6,9,Late,100
O2002485,Mumbai,3,3,On Time,40
O2002486,Hyderabad,3,3,On Time,80
O2002487,Pune,3,4,Late,80
O2002488,Hyderabad,6,6,On Time,80
O2002489,Mumbai,5,5,On Time,0
O2002490,Bengaluru,3,3,On Time,120
O2002491,Bengaluru,3,3,On Time,100
O2002492,Bengaluru,5,5,On Time,80
O2002493,Hyderabad,3,3,On Time,120
O2002494,Bengaluru,1,1,On Time,120
O2002495,Pune,5,4,On Time,0
O2002496,Kolkata,5,5,On Time,80
O2002497,Bengaluru,4,4,On Time,0
O2002498,Bengaluru,3,3,On Time,0
O2002499,Mumbai,1,2,Late,60
O2002500,Bengaluru,5,5,On Time,60
O2002501,Bengaluru,5,5,On Time,80
O2002502,Delhi NCR,4,4,On Time,0
O2002503,Hyderabad,5,5,On Time,60
O2002504,Mumbai,1,1,On Time,40
O2002505,Kolkata,1,1,On Time,80
O2002506,Mumbai,3,3,On Time,60
O2002507,Bengaluru,5,4,On Time,40
O2002508,Kolkata,2,2,On Time,0
O2002509,Mumbai,6,6,On Time,80
O2002510,Kolkata,6,6,On Time,0
O2002511,Kolkata,3,2,On Time,150
O2002512,Mumbai,6,6,On Time,0
O2002513,Bengaluru,2,4,Late,80
O2002514,Hyderabad,4,3,On Time,60
O2002515,Bengaluru,4,4,On Time,80
O2002516,Delhi NCR,7,6,On Time,80
O2002517,Pune,4,5,Late,80
O2002518,Bengaluru,6,6,On Time,100
O2002519,Delhi NCR,2,2,On Time,80
O2002520,Kolkata,2,2,On Time,120
O2002521,Mumbai,4,4,On Time,60
O2002522,Kolkata,3,2,On Time,40
O2002523,Pune,2,2,On Time,80
O2002524,Hyderabad,4,4,On Time,120
O2002525,Pune,6,5,On Time,60
O2002526,Mumbai,5,4,On Time,0
O2002527,Mumbai,2,2,On Time,60
O2002528,Bengaluru,3,3,On Time,40
O2002529,Delhi NCR,5,5,On Time,80
O2002530,Pune,7,7,On Time,60
O2002531,Mumbai,4,4,On Time,60
O2002532,Pune,3,3,On Time,150
O2002533,Hyderabad,3,5,Late,150
O2002534,Kolkata,1,1,On Time,100
O2002535,Bengaluru,6,6,On Time,80
O2002536,Bengaluru,2,2,On Time,100
O2002537,Bengaluru,6,6,On Time,0
O2002538,Hyderabad,3,3,On Time,0
O2002539,Bengaluru,1,1,On Time,40
O2002540,Pune,2,2,On Time,80
O2002541,Hyderabad,2,2,On Time,0
O2002542,Mumbai,5,5,On Time,80
O2002543,Pune,2,4,Late,120
O2002544,Bengaluru,3,3,On Time,0
O2002545,Pune,3,5,Late,100
O2002546,Kolkata,1,1,On Time,60
O2002547,Kolkata,3,2,On Time,60
O2002548,Bengaluru,4,4,On Time,0
O2002549,Hyderabad,4,4,On Time,60
O2002550,Delhi NCR,5,5,On Time,40
O2002551,Hyderabad,4,4,On Time,0
O2002552,Delhi NCR,4,4,On Time,0
O2002553,Delhi NCR,4,3,On Time,0
O2002554,Kolkata,4,4,On Time,100
O2002555,Bengaluru,1,3,Late,0
O2002556,Mumbai,2,4,Late,0
O2002557,Kolkata,2,5,Late,120
O2002558,Hyderabad,6,6,On Time,0
O2002559,Hyderabad,3,3,On Time,120
O2002560,Pune,1,1,On Time,60
O2002561,Pune,7,6,On Time,100
O2002562,Bengaluru,3,3,On Time,80
O2002563,Hyderabad,6,6,On Time,60
O2002564,Delhi NCR,4,4,On Time,80
O2002565,Delhi NCR,7,7,On Time,0
O2002566,Mumbai,5,5,On Time,80
O2002567,Hyderabad,7,7,On Time,80
O2002568,Bengaluru,5,7,Late,120
O2002569,Hyderabad,5,7,Late,100
O2002570,Kolkata,6,7,Late,0
O2002571,Bengaluru,4,4,On Time,60
O2002572,Mumbai,4,4,On Time,80
O2002573,Kolkata,5,7,Late,0
O2002574,Mumbai,3,3,On Time,80
O2002575,Kolkata,1,4,Late,60
O2002576,Mumbai,5,5,On Time,150
O2002577,Bengaluru,3,4,Late,60
O2002578,Mumbai,4,5,Late,120
O2002579,Kolkata,4,4,On Time,0
O2002580,Hyderabad,5,4,On Time,100
O2002581,Delhi NCR,5,4,On Time,100
O2002582,Bengaluru,3,5,Late,80
O2002583,Pune,5,6,Late,80
O2002584,Kolkata,5,5,On Time,40
O2002585,Mumbai,4,4,On Time,0
O2002586,Hyderabad,6,6,On Time,120
O2002587,Hyderabad,2,3,Late,80
O2002588,Hyderabad,5,5,On Time,80
O2002589,Mumbai,4,4,On Time,60
O2002590,Pune,4,4,On Time,0
O2002591,Kolkata,4,5,Late,80
O2002592,Pune,4,3,On Time,150
O2002593,Pune,4,4,On Time,100
O2002594,Delhi NCR,6,6,On Time,80
O2002595,Hyderabad,2,3,Late,100
O2002596,Kolkata,4,4,On Time,0
O2002597,Pune,5,5,On Time,80
O2002598,Pune,4,3,On Time,40
O2002599,Mumbai,5,5,On Time,40
O2002600,Bengaluru,3,3,On Time,150
O2002601,Bengaluru,3,3,On Time,100
O2002602,Pune,2,2,On Time,120
O2002603,Pune,5,5,On Time,60
O2002604,Delhi NCR,1,1,On Time,0
O2002605,Kolkata,3,3,On Time,60
O2002606,Bengaluru,7,6,On Time,60
O2002607,Pune,3,3,On Time,0
O2002608,Pune,4,4,On Time,150
O2002609,Hyderabad,3,3,On Time,0
O2002610,Bengaluru,1,1,On Time,60
O2002611,Pune,3,5,Late,120
O2002612,Pune,6,7,Late,80
O2002613,Pune,4,7,Late,40
O2002614,Kolkata,3,3,On Time,100
O2002615,Kolkata,3,3,On Time,80
O2002616,Mumbai,7,7,On Time,80
O2002617,Mumbai,4,4,On Time,60
O2002618,Hyderabad,4,4,On Time,0
O2002619,Bengaluru,4,3,On Time,80
O2002620,Hyderabad,7,7,On Time,0
O2002621,Kolkata,6,7,Late,150
O2002622,Bengaluru,4,6,Late,0
O2002623,Bengaluru,4,5,Late,80
O2002624,Bengaluru,1,1,On Time,80
O2002625,Bengaluru,6,6,On Time,80
O2002626,Delhi NCR,5,5,On Time,80
O2002627,Delhi NCR,3,5,Late,120
O2002628,Bengaluru,3,3,On Time,40
O2002629,Delhi NCR,5,5,On Time,80
O2002630,Delhi NCR,1,1,On Time,60
O2002631,Mumbai,3,3,On Time,80
O2002632,Bengaluru,2,1,On Time,60
O2002633,Kolkata,3,5,Late,80
O2002634,Delhi NCR,3,4,Late,0
O2002635,Pune,6,7,Late,150
O2002636,Delhi NCR,6,6,On Time,0
O2002637,Mumbai,3,3,On Time,0
O2002638,Delhi NCR,4,6,Late,0
O2002639,Kolkata,4,4,On Time,0
O2002640,Kolkata,6,6,On Time,100
O2002641,Hyderabad,1,1,On Time,0
O2002642,Bengaluru,3,3,On Time,40
O2002643,Delhi NCR,6,5,On Time,60
O2002644,Delhi NCR,1,1,On Time,100
O2002645,Delhi NCR,3,3,On Time,120
O2002646,Delhi NCR,6,6,On Time,60
O2002647,Delhi NCR,2,2,On Time,0
O2002648,Pune,2,2,On Time,100
O2002649,Kolkata,5,5,On Time,60
O2002650,Mumbai,3,6,Late,0
O2002651,Pune,5,5,On Time,0
O2002652,Pune,6,6,On Time,40
O2002653,Kolkata,2,1,On Time,60
O2002654,Kolkata,6,6,On Time,100
O2002655,Hyderabad,2,2,On Time,80
O2002656,Pune,1,1,On Time,60
O2002657,Mumbai,1,1,On Time,60
O2002658,Pune,4,4,On Time,80
O2002659,Mumbai,4,4,On Time,0
O2002660,Delhi NCR,4,4,On Time,40
O2002661,Pune,2,3,Late,80
O2002662,Delhi NCR,3,3,On Time,60
O2002663,Pune,5,5,On Time,100
O2002664,Bengaluru,5,5,On Time,120
O2002665,Hyderabad,6,6,On Time,80
O2002666,Delhi NCR,4,5,Late,60
O2002667,Kolkata,7,9,Late,150
O2002668,Kolkata,3,3,On Time,80
O2002669,Mumbai,5,6,Late,100
O2002670,Bengaluru,6,5,On Time,100
O2002671,Mumbai,6,6,On Time,60
O2002672,Delhi NCR,6,6,On Time,100
O2002673,Mumbai,5,5,On Time,80
O2002674,Delhi NCR,7,6,On Time,120
O2002675,Hyderabad,4,4,On Time,60
O2002676,Mumbai,7,7,On Time,0
O2002677,Hyderabad,5,5,On Time,80
O2002678,Hyderabad,3,3,On Time,80
O2002679,Pune,4,3,On Time,0
O2002680,Hyderabad,3,3,On Time,150
O2002681,Kolkata,2,2,On Time,0
O2002682,Delhi NCR,5,5,On Time,40
O2002683,Kolkata,3,3,On Time,0
O2002684,Kolkata,4,4,On Time,80
O2002685,Delhi NCR,4,6,Late,60
O2002686,Pune,5,5,On Time,0
O2002687,Kolkata,3,3,On Time,0
O2002688,Delhi NCR,6,6,On Time,40
O2002689,Delhi NCR,4,4,On Time,80
O2002690,Mumbai,2,2,On Time,120
O2002691,Hyderabad,4,4,On Time,0
O2002692,Delhi NCR,4,4,On Time,0
O2002693,Hyderabad,1,1,On Time,0
O2002694,Pune,5,5,On Time,0
O2002695,Delhi NCR,2,2,On Time,80
O2002696,Kolkata,3,3,On Time,60
O2002697,Bengaluru,3,6,Late,80
O2002698,Hyderabad,5,5,On Time,120
O2002699,Mumbai,2,2,On Time,60
O2002700,Hyderabad,7,6,On Time,0
O2002701,Kolkata,3,2,On Time,40
O2002702,Mumbai,6,6,On Time,120
O2002703,Delhi NCR,7,7,On Time,80
O2002704,Mumbai,2,3,Late,0
O2002705,Kolkata,2,2,On Time,40
O2002706,Mumbai,4,4,On Time,100
O2002707,Bengaluru,5,5,On Time,40
O2002708,Delhi NCR,3,3,On Time,60
O2002709,Bengaluru,4,3,On Time,0
O2002710,Mumbai,2,2,On Time,120
O2002711,Hyderabad,4,4,On Time,60
O2002712,Delhi NCR,2,2,On Time,60
O2002713,Hyderabad,7,7,On Time,60
O2002714,Pune,3,4,Late,60
O2002715,Kolkata,6,6,On Time,100
O2002716,Pune,1,1,On Time,0
O2002717,Delhi NCR,5,5,On Time,40
O2002718,Mumbai,4,4,On Time,120
O2002719,Bengaluru,2,2,On Time,120
O2002720,Mumbai,4,7,Late,0
O2002721,Hyderabad,3,5,Late,120
O2002722,Pune,2,2,On Time,0
O2002723,Mumbai,2,2,On Time,0
O2002724,Mumbai,4,6,Late,120
O2002725,Kolkata,4,4,On Time,0
O2002726,Bengaluru,6,6,On Time,80
O2002727,Pune,3,2,On Time,120
O2002728,Pune,6,6,On Time,60
O2002729,Mumbai,2,2,On Time,80
O2002730,Delhi NCR,3,3,On Time,0
O2002731,Kolkata,1,1,On Time,0
O2002732,Kolkata,3,3,On Time,60
O2002733,Kolkata,3,3,On Time,100
O2002734,Kolkata,5,5,On Time,40
O2002735,Pune,5,5,On Time,40
O2002736,Pune,4,4,On Time,80
O2002737,Hyderabad,4,3,On Time,100
O2002738,Bengaluru,6,6,On Time,0
O2002739,Hyderabad,4,5,Late,100
O2002740,Pune,1,1,On Time,120
O2002741,Mumbai,3,3,On Time,40
O2002742,Mumbai,4,4,On Time,60
O2002743,Pune,5,5,On Time,60
O2002744,Delhi NCR,7,7,On Time,0
O2002745,Delhi NCR,4,4,On Time,120
O2002746,Delhi NCR,1,1,On Time,60
O2002747,Delhi NCR,6,6,On Time,0
O2002748,Hyderabad,5,5,On Time,40
O2002749,Mumbai,3,3,On Time,60
O2002750,Bengaluru,5,5,On Time,120
O2002751,Kolkata,4,4,On Time,100
O2002752,Hyderabad,1,1,On Time,60
O2002753,Hyderabad,4,7,Late,0
O2002754,Delhi NCR,4,6,Late,0
O2002755,Kolkata,7,8,Late,0
O2002756,Bengaluru,6,6,On Time,40
O2002757,Kolkata,5,5,On Time,150
O2002758,Delhi NCR,5,5,On Time,60
O2002759,Kolkata,4,4,On Time,120
O2002760,Bengaluru,3,3,On Time,0
O2002761,Mumbai,3,4,Late,80
O2002762,Mumbai,2,3,Late,0
O2002763,Bengaluru,7,9,Late,40
O2002764,Hyderabad,3,3,On Time,40
O2002765,Delhi NCR,4,3,On Time,60
O2002766,Hyderabad,1,2,Late,60
O2002767,Delhi NCR,5,5,On Time,0
O2002768,Bengaluru,3,3,On Time,60
O2002769,Bengaluru,7,7,On Time,40
O2002770,Mumbai,4,4,On Time,80
O2002771,Hyderabad,3,3,On Time,0
O2002772,Kolkata,2,2,On Time,80
O2002773,Mumbai,2,2,On Time,60
O2002774,Mumbai,3,3,On Time,60
O2002775,Hyderabad,6,9,Late,80
O2002776,Hyderabad,3,3,On Time,40
O2002777,Delhi NCR,4,4,On Time,100
O2002778,Kolkata,1,1,On Time,120
O2002779,Delhi NCR,2,2,On Time,80
O2002780,Mumbai,3,3,On Time,40
O2002781,Delhi NCR,3,3,On Time,0
O2002782,Bengaluru,6,6,On Time,80
O2002783,Hyderabad,1,3,Late,40
O2002784,Mumbai,3,2,On Time,60
O2002785,Bengaluru,2,2,On Time,100
O2002786,Bengaluru,3,3,On Time,120
O2002787,Pune,1,3,Late,0
O2002788,Hyderabad,5,5,On Time,120
O2002789,Delhi NCR,4,4,On Time,150
O2002790,Kolkata,3,3,On Time,100
O2002791,Pune,1,1,On Time,120
O2002792,Mumbai,3,5,Late,60
O2002793,Mumbai,5,5,On Time,80
O2002794,Bengaluru,3,3,On Time,60
O2002795,Mumbai,3,4,Late,80
O2002796,Kolkata,2,3,Late,40
O2002797,Mumbai,5,5,On Time,80
O2002798,Mumbai,2,2,On Time,100
O2002799,Mumbai,4,4,On Time,60
O2002800,Delhi NCR,2,1,On Time,100
O2002801,Mumbai,7,7,On Time,120
O2002802,Kolkata,3,3,On Time,0
O2002803,Mumbai,4,4,On Time,0
O2002804,Bengaluru,2,2,On Time,0
O2002805,Delhi NCR,4,4,On Time,40
O2002806,Mumbai,2,2,On Time,80
O2002807,Kolkata,6,6,On Time,0
O2002808,Bengaluru,5,5,On Time,100
O2002809,Bengaluru,2,2,On Time,0
O2002810,Delhi NCR,6,6,On Time,40
O2002811,Mumbai,3,2,On Time,100
O2002812,Delhi NCR,5,5,On Time,0
O2002813,Delhi NCR,7,7,On Time,80
O2002814,Mumbai,5,5,On Time,0
O2002815,Hyderabad,2,3,Late,40
O2002816,Delhi NCR,5,7,Late,0
O2002817,Bengaluru,5,4,On Time,80
O2002818,Hyderabad,4,4,On Time,0
O2002819,Kolkata,3,3,On Time,80
O2002820,Pune,4,4,On Time,0
O2002821,Mumbai,1,1,On Time,100
O2002822,Kolkata,3,3,On Time,40
O2002823,Bengaluru,7,7,On Time,0
O2002824,Hyderabad,3,3,On Time,60
O2002825,Mumbai,3,3,On Time,100
O2002826,Pune,5,6,Late,0
O2002827,Delhi NCR,3,3,On Time,60
O2002828,Delhi NCR,2,2,On Time,150
O2002829,Mumbai,3,3,On Time,0
O2002830,Hyderabad,5,5,On Time,60
O2002831,Kolkata,6,6,On Time,150
O2002832,Delhi NCR,4,4,On Time,60
O2002833,Delhi NCR,5,5,On Time,0
O2002834,Pune,3,5,Late,0
O2002835,Pune,4,4,On Time,150
O2002836,Delhi NCR,3,4,Late,0
O2002837,Kolkata,3,4,Late,120
O2002838,Delhi NCR,1,2,Late,120
O2002839,Delhi NCR,3,4,Late,0
O2002840,Kolkata,2,2,On Time,40
O2002841,Hyderabad,3,3,On Time,120
O2002842,Bengaluru,5,5,On Time,100
O2002843,Delhi NCR,7,7,On Time,120
O2002844,Kolkata,5,6,Late,0
O2002845,Mumbai,6,6,On Time,100
O2002846,Delhi NCR,6,6,On Time,0
O2002847,Mumbai,3,4,Late,0
O2002848,Mumbai,7,7,On Time,0
O2002849,Kolkata,4,5,Late,120
O2002850,Pune,5,5,On Time,80
O2002851,Hyderabad,4,5,Late,60
O2002852,Pune,6,6,On Time,80
O2002853,Pune,5,5,On Time,0
O2002854,Kolkata,1,1,On Time,60
O2002855,Bengaluru,5,7,Late,0
O2002856,Hyderabad,1,1,On Time,0
O2002857,Hyderabad,3,3,On Time,0
O2002858,Pune,3,3,On Time,0
O2002859,Mumbai,1,1,On Time,0
O2002860,Pune,3,3,On Time,60
O2002861,Pune,1,1,On Time,120
O2002862,Pune,5,4,On Time,80
O2002863,Hyderabad,1,1,On Time,40
O2002864,Pune,5,5,On Time,0
O2002865,Bengaluru,3,5,Late,0
O2002866,Bengaluru,1,1,On Time,0
O2002867,Mumbai,2,2,On Time,80
O2002868,Pune,2,5,Late,0
O2002869,Delhi NCR,1,1,On Time,0
O2002870,Pune,1,1,On Time,60
O2002871,Bengaluru,3,2,On Time,80
O2002872,Bengaluru,6,6,On Time,0
O2002873,Pune,5,5,On Time,0
O2002874,Bengaluru,7,7,On Time,40
O2002875,Delhi NCR,6,7,Late,0
O2002876,Kolkata,4,6,Late,120
O2002877,Delhi NCR,4,4,On Time,40
O2002878,Bengaluru,5,5,On Time,120
O2002879,Pune,4,6,Late,0
O2002880,Delhi NCR,3,3,On Time,60
O2002881,Bengaluru,5,5,On Time,120
O2002882,Pune,6,6,On Time,120
O2002883,Kolkata,5,5,On Time,120
O2002884,Pune,5,5,On Time,0
O2002885,Pune,5,5,On Time,40
O2002886,Kolkata,3,4,Late,60
O2002887,Bengaluru,5,5,On Time,60
O2002888,Mumbai,5,4,On Time,0
O2002889,Pune,4,7,Late,0
O2002890,Pune,1,1,On Time,0
O2002891,Hyderabad,5,5,On Time,80
O2002892,Mumbai,1,1,On Time,0
O2002893,Mumbai,1,1,On Time,100
O2002894,Mumbai,3,3,On Time,40
O2002895,Hyderabad,5,6,Late,40
O2002896,Delhi NCR,7,8,Late,40
O2002897,Mumbai,7,6,On Time,40
O2002898,Delhi NCR,4,5,Late,120
O2002899,Pune,2,2,On Time,0
O2002900,Mumbai,1,1,On Time,0
O2002901,Hyderabad,2,2,On Time,40
O2002902,Bengaluru,3,3,On Time,120
O2002903,Pune,6,6,On Time,100
O2002904,Mumbai,5,5,On Time,120
O2002905,Mumbai,1,2,Late,60
O2002906,Kolkata,4,4,On Time,80
O2002907,Delhi NCR,5,5,On Time,100
O2002908,Pune,6,6,On Time,120
O2002909,Hyderabad,4,5,Late,0
O2002910,Pune,3,3,On Time,120
O2002911,Bengaluru,7,6,On Time,120
O2002912,Mumbai,2,2,On Time,40
O2002913,Hyderabad,4,4,On Time,60
O2002914,Mumbai,6,8,Late,60
O2002915,Bengaluru,6,6,On Time,60
O2002916,Delhi NCR,2,2,On Time,80
O2002917,Delhi NCR,6,8,Late,80
O2002918,Mumbai,3,3,On Time,100
O2002919,Pune,5,5,On Time,40
O2002920,Kolkata,3,3,On Time,100
O2002921,Pune,3,3,On Time,120
O2002922,Mumbai,3,5,Late,0
O2002923,Kolkata,7,7,On Time,0
O2002924,Hyderabad,1,1,On Time,60
O2002925,Pune,5,5,On Time,40
O2002926,Delhi NCR,1,1,On Time,0
O2002927,Kolkata,4,3,On Time,40
O2002928,Pune,2,2,On Time,40
O2002929,Bengaluru,1,2,Late,0
O2002930,Delhi NCR,2,2,On Time,150
O2002931,Kolkata,3,3,On Time,0
O2002932,Hyderabad,3,3,On Time,0
O2002933,Bengaluru,3,4,Late,60
O2002934,Kolkata,5,8,Late,60
O2002935,Hyderabad,3,3,On Time,0
O2002936,Pune,3,2,On Time,0
O2002937,Delhi NCR,4,4,On Time,0
O2002938,Bengaluru,7,7,On Time,120
O2002939,Mumbai,7,7,On Time,80
O2002940,Kolkata,3,3,On Time,120
O2002941,Hyderabad,3,4,Late,80
O2002942,Kolkata,4,4,On Time,0
O2002943,Kolkata,6,6,On Time,120
O2002944,Mumbai,3,3,On Time,150
O2002945,Hyderabad,4,7,Late,0
O2002946,Delhi NCR,5,5,On Time,0
O2002947,Pune,3,3,On Time,100
O2002948,Bengaluru,5,5,On Time,100
O2002949,Bengaluru,3,3,On Time,60
O2002950,Delhi NCR,4,4,On Time,80
O2002951,Pune,5,5,On Time,100
O2002952,Pune,3,3,On Time,40
O2002953,Delhi NCR,4,4,On Time,80
O2002954,Pune,4,4,On Time,100
O2002955,Mumbai,6,6,On Time,0
O2002956,Delhi NCR,5,5,On Time,100
O2002957,Delhi NCR,3,2,On Time,40
O2002958,Kolkata,5,7,Late,80
O2002959,Pune,1,1,On Time,0
O2002960,Mumbai,4,4,On Time,80
O2002961,Hyderabad,4,4,On Time,0
O2002962,Delhi NCR,2,2,On Time,60
O2002963,Bengaluru,7,7,On Time,150
O2002964,Mumbai,5,4,On Time,0
O2002965,Delhi NCR,3,4,Late,100
O2002966,Hyderabad,3,4,Late,120
O2002967,Kolkata,4,5,Late,80
O2002968,Hyderabad,3,3,On Time,40
O2002969,Mumbai,2,2,On Time,120
O2002970,Pune,4,4,On Time,0
O2002971,Mumbai,4,4,On Time,120
O2002972,Kolkata,4,4,On Time,100
O2002973,Hyderabad,4,7,Late,60
O2002974,Delhi NCR,5,5,On Time,0
O2002975,Bengaluru,5,5,On Time,80
O2002976,Bengaluru,1,1,On Time,100
O2002977,Bengaluru,3,3,On Time,80
O2002978,Kolkata,6,6,On Time,150
O2002979,Hyderabad,3,3,On Time,80
O2002980,Mumbai,4,4,On Time,150
O2002981,Pune,4,7,Late,0
O2002982,Pune,5,5,On Time,40
O2002983,Hyderabad,5,5,On Time,60
O2002984,Pune,3,3,On Time,0
O2002985,Delhi NCR,7,7,On Time,120
O2002986,Pune,3,4,Late,150
O2002987,Mumbai,2,2,On Time,100
O2002988,Pune,3,3,On Time,80
O2002989,Kolkata,3,3,On Time,60
O2002990,Kolkata,4,4,On Time,40
O2002991,Pune,5,5,On Time,40
O2002992,Mumbai,1,1,On Time,0
O2002993,Kolkata,5,5,On Time,0
O2002994,Bengaluru,1,1,On Time,0
O2002995,Mumbai,5,5,On Time,100
O2002996,Delhi NCR,2,2,On Time,80
O2002997,Kolkata,2,2,On Time,0
O2002998,Bengaluru,5,5,On Time,100
O2002999,Pune,5,5,On Time,40
O2003000,Pune,3,3,On Time,80
O2003001,Pune,3,5,Late,100
O2003002,Bengaluru,5,5,On Time,0
O2003003,Bengaluru,4,4,On Time,0
O2003004,Delhi NCR,2,5,Late,60
O2003005,Mumbai,3,3,On Time,80
O2003006,Mumbai,3,3,On Time,100
O2003007,Hyderabad,7,7,On Time,0
O2003008,Kolkata,2,2,On Time,150
O2003009,Mumbai,2,2,On Time,40
O2003010,Delhi NCR,4,4,On Time,80
O2003011,Pune,5,5,On Time,0
O2003012,Mumbai,6,6,On Time,0
O2003013,Mumbai,3,3,On Time,0
O2003014,Hyderabad,5,6,Late,40
O2003015,Kolkata,6,5,On Time,0
O2003016,Bengaluru,7,7,On Time,80
O2003017,Hyderabad,4,4,On Time,100
O2003018,Delhi NCR,5,5,On Time,60
O2003019,Hyderabad,5,5,On Time,60
O2003020,Pune,3,3,On Time,40
O2003021,Hyderabad,5,5,On Time,120
O2003022,Kolkata,4,4,On Time,0
O2003023,Mumbai,1,1,On Time,40
O2003024,Pune,4,6,Late,0
O2003025,Kolkata,3,5,Late,120
O2003026,Bengaluru,2,2,On Time,0
O2003027,Mumbai,4,6,Late,40
O2003028,Hyderabad,3,3,On Time,0
O2003029,Pune,2,2,On Time,40
O2003030,Mumbai,6,9,Late,60
O2003031,Delhi NCR,2,2,On Time,40
O2003032,Mumbai,4,4,On Time,60
O2003033,Pune,4,4,On Time,40
O2003034,Mumbai,5,5,On Time,40
O2003035,Kolkata,3,3,On Time,0
O2003036,Mumbai,5,5,On Time,0
O2003037,Kolkata,2,2,On Time,40
O2003038,Mumbai,5,5,On Time,60
O2003039,Mumbai,6,6,On Time,60
O2003040,Hyderabad,1,1,On Time,150
O2003041,Pune,6,6,On Time,80
O2003042,Kolkata,1,1,On Time,0
O2003043,Delhi NCR,4,4,On Time,120
O2003044,Pune,4,4,On Time,60
O2003045,Mumbai,3,3,On Time,60
O2003046,Delhi NCR,7,8,Late,80
O2003047,Pune,6,8,Late,120
O2003048,Pune,3,3,On Time,60
O2003049,Bengaluru,5,6,Late,120
O2003050,Hyderabad,4,4,On Time,80
O2003051,Mumbai,3,5,Late,80
O2003052,Mumbai,3,3,On Time,100
O2003053,Mumbai,2,2,On Time,0
O2003054,Bengaluru,1,1,On Time,60
O2003055,Hyderabad,5,7,Late,150
O2003056,Mumbai,7,7,On Time,40
O2003057,Mumbai,4,4,On Time,40
O2003058,Mumbai,3,2,On Time,80
O2003059,Pune,2,2,On Time,100
O2003060,Hyderabad,3,3,On Time,150
O2003061,Hyderabad,3,3,On Time,120
O2003062,Hyderabad,3,3,On Time,60
O2003063,Kolkata,1,3,Late,0
O2003064,Delhi NCR,4,4,On Time,60
O2003065,Delhi NCR,6,6,On Time,0
O2003066,Delhi NCR,1,1,On Time,150
O2003067,Bengaluru,4,4,On Time,0
O2003068,Mumbai,5,5,On Time,100
O2003069,Pune,5,5,On Time,150
O2003070,Kolkata,3,5,Late,150
O2003071,Hyderabad,6,6,On Time,80
O2003072,Pune,5,4,On Time,60
O2003073,Pune,3,2,On Time,60
O2003074,Bengaluru,2,1,On Time,0
O2003075,Delhi NCR,2,2,On Time,0
O2003076,Delhi NCR,2,2,On Time,0
O2003077,Mumbai,3,3,On Time,150
O2003078,Kolkata,4,4,On Time,0
O2003079,Delhi NCR,6,6,On Time,100
O2003080,Kolkata,1,1,On Time,60
O2003081,Hyderabad,3,3,On Time,100
O2003082,Mumbai,4,4,On Time,120
O2003083,Bengaluru,4,4,On Time,80
O2003084,Pune,3,3,On Time,80
O2003085,Mumbai,4,4,On Time,120
O2003086,Bengaluru,2,2,On Time,120
O2003087,Delhi NCR,4,4,On Time,100
O2003088,Delhi NCR,6,9,Late,120
O2003089,Pune,2,2,On Time,0
O2003090,Bengaluru,4,4,On Time,150
O2003091,Kolkata,7,7,On Time,60
O2003092,Pune,3,3,On Time,120
O2003093,Kolkata,3,5,Late,40
O2003094,Kolkata,3,4,Late,80
O2003095,Mumbai,3,2,On Time,0
O2003096,Pune,6,6,On Time,60
O2003097,Kolkata,1,1,On Time,120
O2003098,Kolkata,1,1,On Time,120
O2003099,Delhi NCR,3,3,On Time,100
O2003100,Bengaluru,3,3,On Time,150
O2003101,Mumbai,2,2,On Time,0
O2003102,Bengaluru,5,4,On Time,60
O2003103,Kolkata,5,5,On Time,100
O2003104,Kolkata,5,5,On Time,120
O2003105,Mumbai,4,4,On Time,100
O2003106,Pune,5,5,On Time,60
O2003107,Bengaluru,5,5,On Time,80
O2003108,Mumbai,3,3,On Time,60
O2003109,Pune,6,6,On Time,120
O2003110,Hyderabad,6,7,Late,0
O2003111,Mumbai,4,4,On Time,0
O2003112,Pune,6,6,On Time,80
O2003113,Kolkata,1,1,On Time,120
O2003114,Bengaluru,6,6,On Time,120
O2003115,Delhi NCR,2,3,Late,0
O2003116,Pune,2,2,On Time,0
O2003117,Hyderabad,3,2,On Time,60
O2003118,Pune,2,2,On Time,40
O2003119,Kolkata,4,4,On Time,80
O2003120,Bengaluru,6,5,On Time,60
O2003121,Pune,4,3,On Time,100
O2003122,Kolkata,1,1,On Time,80
O2003123,Hyderabad,1,1,On Time,80
O2003124,Mumbai,6,8,Late,80
O2003125,Pune,4,4,On Time,120
O2003126,Pune,5,4,On Time,100
O2003127,Pune,3,3,On Time,80
O2003128,Hyderabad,5,5,On Time,100
O2003129,Kolkata,4,4,On Time,0
O2003130,Delhi NCR,5,7,Late,60
O2003131,Mumbai,7,7,On Time,0
O2003132,Mumbai,5,5,On Time,120
O2003133,Delhi NCR,4,5,Late,100
O2003134,Mumbai,3,3,On Time,80
O2003135,Bengaluru,5,5,On Time,120
O2003136,Kolkata,2,2,On Time,120
O2003137,Kolkata,4,4,On Time,120
O2003138,Mumbai,4,4,On Time,100
O2003139,Pune,3,3,On Time,60
O2003140,Bengaluru,5,4,On Time,80
O2003141,Mumbai,5,5,On Time,100
O2003142,Delhi NCR,1,1,On Time,60
O2003143,Pune,4,4,On Time,150
O2003144,Delhi NCR,3,3,On Time,0
O2003145,Kolkata,4,4,On Time,100
O2003146,Mumbai,5,5,On Time,40
O2003147,Pune,6,6,On Time,100
O2003148,Kolkata,3,3,On Time,60
O2003149,Hyderabad,3,3,On Time,0
O2003150,Mumbai,2,3,Late,0
O2003151,Bengaluru,5,5,On Time,60
O2003152,Mumbai,4,4,On Time,40
O2003153,Delhi NCR,7,7,On Time,40
O2003154,Mumbai,1,1,On Time,120
O2003155,Hyderabad,3,3,On Time,100
O2003156,Mumbai,3,3,On Time,0
O2003157,Kolkata,4,6,Late,100
O2003158,Pune,4,4,On Time,60
O2003159,Pune,5,5,On Time,100
O2003160,Hyderabad,5,5,On Time,0
O2003161,Mumbai,4,4,On Time,0
O2003162,Hyderabad,3,3,On Time,150
O2003163,Bengaluru,3,5,Late,120
O2003164,Kolkata,1,1,On Time,40
O2003165,Mumbai,2,2,On Time,0
O2003166,Mumbai,5,6,Late,0
O2003167,Mumbai,6,6,On Time,120
O2003168,Pune,4,3,On Time,80
O2003169,Kolkata,3,2,On Time,80
O2003170,Delhi NCR,2,2,On Time,60
O2003171,Hyderabad,1,1,On Time,120
O2003172,Mumbai,4,6,Late,40
O2003173,Delhi NCR,1,1,On Time,60
O2003174,Hyderabad,3,3,On Time,80
O2003175,Mumbai,3,4,Late,0
O2003176,Bengaluru,5,5,On Time,120
O2003177,Delhi NCR,6,6,On Time,100
O2003178,Pune,3,5,Late,80
O2003179,Mumbai,5,5,On Time,60
O2003180,Kolkata,4,4,On Time,0
O2003181,Mumbai,1,1,On Time,40
O2003182,Pune,2,2,On Time,80
O2003183,Mumbai,6,6,On Time,100
O2003184,Bengaluru,5,5,On Time,120
O2003185,Pune,7,10,Late,0
O2003186,Hyderabad,1,1,On Time,60
O2003187,Bengaluru,4,4,On Time,0
O2003188,Mumbai,2,2,On Time,60
O2003189,Mumbai,7,6,On Time,100
O2003190,Hyderabad,3,3,On Time,100
O2003191,Delhi NCR,4,4,On Time,0
O2003192,Kolkata,4,4,On Time,80
O2003193,Delhi NCR,6,8,Late,40
O2003194,Pune,3,2,On Time,150
O2003195,Bengaluru,4,7,Late,80
O2003196,Delhi NCR,3,2,On Time,100
O2003197,Kolkata,3,3,On Time,0
O2003198,Mumbai,4,6,Late,0
O2003199,Kolkata,4,4,On Time,80
O2003200,Delhi NCR,3,3,On Time,40
O2003201,Delhi NCR,4,4,On Time,100
O2003202,Pune,6,6,On Time,150
O2003203,Delhi NCR,1,1,On Time,0
O2003204,Hyderabad,6,6,On Time,150
O2003205,Mumbai,7,6,On Time,40
O2003206,Mumbai,3,4,Late,80
O2003207,Mumbai,2,2,On Time,40
O2003208,Mumbai,2,2,On Time,0
O2003209,Bengaluru,7,7,On Time,80
O2003210,Mumbai,5,7,Late,0
O2003211,Hyderabad,7,7,On Time,100
O2003212,Pune,4,4,On Time,0
O2003213,Kolkata,2,4,Late,100
O2003214,Hyderabad,6,6,On Time,0
O2003215,Pune,5,5,On Time,0
O2003216,Kolkata,3,5,Late,0
O2003217,Hyderabad,2,2,On Time,60
O2003218,Hyderabad,7,7,On Time,0
O2003219,Bengaluru,4,5,Late,100
O2003220,Pune,6,6,On Time,0
O2003221,Hyderabad,4,3,On Time,80
O2003222,Mumbai,5,5,On Time,40
O2003223,Mumbai,3,6,Late,120
O2003224,Pune,3,3,On Time,0
O2003225,Hyderabad,4,4,On Time,40
O2003226,Hyderabad,5,5,On Time,40
O2003227,Bengaluru,1,1,On Time,60
O2003228,Mumbai,1,1,On Time,150
O2003229,Kolkata,2,2,On Time,80
O2003230,Hyderabad,3,4,Late,100
O2003231,Pune,2,5,Late,80
O2003232,Hyderabad,4,5,Late,60
O2003233,Bengaluru,2,2,On Time,40
O2003234,Pune,6,6,On Time,60
O2003235,Pune,6,6,On Time,0
O2003236,Delhi NCR,5,5,On Time,60
O2003237,Bengaluru,5,7,Late,0
O2003238,Delhi NCR,5,5,On Time,80
O2003239,Delhi NCR,2,5,Late,150
O2003240,Kolkata,5,5,On Time,0
O2003241,Mumbai,1,1,On Time,100
O2003242,Kolkata,3,3,On Time,60
O2003243,Kolkata,7,8,Late,0
O2003244,Hyderabad,3,3,On Time,80
O2003245,Mumbai,6,6,On Time,80
O2003246,Kolkata,4,4,On Time,0
O2003247,Bengaluru,1,4,Late,120
O2003248,Hyderabad,1,1,On Time,60
O2003249,Pune,2,4,Late,40
O2003250,Bengaluru,2,1,On Time,60
O2003251,Delhi NCR,1,1,On Time,80
O2003252,Kolkata,1,1,On Time,80
O2003253,Mumbai,4,6,Late,80
O2003254,Mumbai,4,4,On Time,0
O2003255,Bengaluru,5,5,On Time,150
O2003256,Kolkata,5,5,On Time,100
O2003257,Delhi NCR,4,4,On Time,0
O2003258,Hyderabad,6,6,On Time,0
O2003259,Mumbai,2,2,On Time,150
O2003260,Pune,3,5,Late,80
O2003261,Mumbai,3,3,On Time,0
O2003262,Kolkata,1,1,On Time,150
O2003263,Bengaluru,3,4,Late,0
O2003264,Hyderabad,2,5,Late,120
O2003265,Bengaluru,7,7,On Time,80
O2003266,Mumbai,3,4,Late,0
O2003267,Kolkata,5,5,On Time,80
O2003268,Kolkata,3,3,On Time,100
O2003269,Delhi NCR,2,2,On Time,0
O2003270,Delhi NCR,5,5,On Time,0
O2003271,Hyderabad,5,5,On Time,0
O2003272,Hyderabad,2,2,On Time,0
O2003273,Delhi NCR,5,7,Late,0
O2003274,Bengaluru,4,4,On Time,0
O2003275,Pune,4,7,Late,100
O2003276,Delhi NCR,1,1,On Time,60
O2003277,Kolkata,3,3,On Time,40
O2003278,Mumbai,2,2,On Time,120
O2003279,Bengaluru,2,1,On Time,60
O2003280,Hyderabad,2,4,Late,0
O2003281,Delhi NCR,1,1,On Time,40
O2003282,Kolkata,5,5,On Time,80
O2003283,Hyderabad,7,7,On Time,0
O2003284,Mumbai,3,3,On Time,100
O2003285,Hyderabad,4,4,On Time,80
O2003286,Bengaluru,3,2,On Time,150
O2003287,Kolkata,6,5,On Time,60
O2003288,Bengaluru,3,4,Late,150
O2003289,Bengaluru,4,4,On Time,120
O2003290,Hyderabad,6,6,On Time,0
O2003291,Pune,5,5,On Time,150
O2003292,Hyderabad,5,5,On Time,100
O2003293,Bengaluru,1,1,On Time,60
O2003294,Kolkata,5,5,On Time,80
O2003295,Bengaluru,4,5,Late,100
O2003296,Mumbai,2,2,On Time,80
O2003297,Mumbai,5,5,On Time,0
O2003298,Kolkata,4,4,On Time,120
O2003299,Mumbai,6,9,Late,150
O2003300,Bengaluru,4,4,On Time,0
O2003301,Kolkata,3,2,On Time,120
O2003302,Delhi NCR,5,4,On Time,80
O2003303,Bengaluru,1,1,On Time,80
O2003304,Bengaluru,3,4,Late,100
O2003305,Mumbai,6,7,Late,60
O2003306,Bengaluru,4,6,Late,120
O2003307,Hyderabad,2,2,On Time,60
O2003308,Kolkata,3,3,On Time,60
O2003309,Delhi NCR,6,6,On Time,40
O2003310,Bengaluru,3,2,On Time,0
O2003311,Pune,7,6,On Time,0
O2003312,Delhi NCR,6,6,On Time,0
O2003313,Kolkata,3,3,On Time,0
O2003314,Mumbai,6,6,On Time,80
O2003315,Hyderabad,3,3,On Time,0
O2003316,Mumbai,4,6,Late,120
O2003317,Bengaluru,3,4,Late,120
O2003318,Bengaluru,3,3,On Time,0
O2003319,Delhi NCR,7,7,On Time,80
O2003320,Bengaluru,4,4,On Time,80
O2003321,Pune,4,4,On Time,60
O2003322,Hyderabad,6,5,On Time,60
O2003323,Mumbai,4,4,On Time,100
O2003324,Delhi NCR,5,5,On Time,0
O2003325,Delhi NCR,6,6,On Time,0
O2003326,Mumbai,5,5,On Time,0
O2003327,Kolkata,3,3,On Time,100
O2003328,Bengaluru,3,3,On Time,60
O2003329,Pune,4,4,On Time,0
O2003330,Hyderabad,3,4,Late,60
O2003331,Pune,3,3,On Time,0
O2003332,Kolkata,4,4,On Time,60
O2003333,Bengaluru,5,5,On Time,100
O2003334,Bengaluru,3,3,On Time,0
O2003335,Hyderabad,3,3,On Time,80
O2003336,Kolkata,5,5,On Time,0
O2003337,Delhi NCR,2,3,Late,0
O2003338,Kolkata,7,7,On Time,120
O2003339,Mumbai,3,3,On Time,80
O2003340,Bengaluru,4,5,Late,100
O2003341,Kolkata,4,4,On Time,80
O2003342,Mumbai,3,4,Late,100
O2003343,Kolkata,5,5,On Time,0
O2003344,Pune,1,1,On Time,150
O2003345,Kolkata,4,4,On Time,80
O2003346,Pune,2,2,On Time,100
O2003347,Delhi NCR,1,1,On Time,60
O2003348,Hyderabad,7,7,On Time,0
O2003349,Delhi NCR,5,5,On Time,100
O2003350,Bengaluru,4,6,Late,40
O2003351,Delhi NCR,2,2,On Time,100
O2003352,Pune,1,1,On Time,0
O2003353,Pune,2,1,On Time,80
O2003354,Mumbai,6,6,On Time,80
O2003355,Pune,1,4,Late,60
O2003356,Kolkata,2,4,Late,100
O2003357,Kolkata,4,4,On Time,60
O2003358,Delhi NCR,3,3,On Time,60
O2003359,Pune,4,4,On Time,60
O2003360,Kolkata,1,1,On Time,0
O2003361,Kolkata,3,3,On Time,0
O2003362,Hyderabad,6,8,Late,0
O2003363,Bengaluru,5,6,Late,150
O2003364,Pune,1,1,On Time,0
O2003365,Hyderabad,5,4,On Time,0
O2003366,Delhi NCR,1,1,On Time,40
O2003367,Pune,2,2,On Time,40
O2003368,Mumbai,5,5,On Time,100
O2003369,Delhi NCR,7,7,On Time,40
O2003370,Delhi NCR,3,2,On Time,0
O2003371,Hyderabad,4,4,On Time,40
O2003372,Bengaluru,4,4,On Time,80
O2003373,Mumbai,2,2,On Time,100
O2003374,Kolkata,4,4,On Time,0
O2003375,Hyderabad,6,6,On Time,40
O2003376,Pune,4,4,On Time,0
O2003377,Delhi NCR,2,2,On Time,100
O2003378,Bengaluru,4,3,On Time,80
O2003379,Mumbai,3,3,On Time,60
O2003380,Hyderabad,6,6,On Time,0
O2003381,Bengaluru,3,5,Late,120
O2003382,Hyderabad,4,4,On Time,0
O2003383,Kolkata,3,4,Late,40
O2003384,Delhi NCR,1,2,Late,40
O2003385,Pune,7,7,On Time,60
O2003386,Delhi NCR,3,4,Late,0
O2003387,Bengaluru,7,7,On Time,0
O2003388,Mumbai,1,1,On Time,0
O2003389,Kolkata,6,9,Late,120
O2003390,Pune,7,7,On Time,100
O2003391,Kolkata,5,5,On Time,0
O2003392,Delhi NCR,5,5,On Time,100
O2003393,Bengaluru,3,3,On Time,80
O2003394,Bengaluru,4,4,On Time,80
O2003395,Delhi NCR,2,2,On Time,120
O2003396,Mumbai,4,4,On Time,60
O2003397,Kolkata,4,3,On Time,40
O2003398,Hyderabad,5,5,On Time,100
O2003399,Mumbai,1,1,On Time,0
O2003400,Hyderabad,5,5,On Time,60
O2003401,Kolkata,5,5,On Time,120
O2003402,Delhi NCR,6,9,Late,40
O2003403,Delhi NCR,5,5,On Time,60
O2003404,Delhi NCR,4,4,On Time,0
O2003405,Pune,4,4,On Time,0
O2003406,Bengaluru,5,5,On Time,60
O2003407,Kolkata,2,2,On Time,40
O2003408,Pune,4,4,On Time,100
O2003409,Kolkata,3,3,On Time,80
O2003410,Bengaluru,3,4,Late,150
O2003411,Mumbai,7,9,Late,60
O2003412,Bengaluru,3,3,On Time,150
O2003413,Hyderabad,6,7,Late,0
O2003414,Pune,2,2,On Time,0
O2003415,Hyderabad,5,6,Late,60
O2003416,Bengaluru,6,6,On Time,60
O2003417,Hyderabad,4,4,On Time,80
O2003418,Delhi NCR,4,6,Late,0
O2003419,Kolkata,7,7,On Time,60
O2003420,Bengaluru,5,5,On Time,100
O2003421,Delhi NCR,3,5,Late,150
O2003422,Kolkata,7,7,On Time,0
O2003423,Mumbai,4,4,On Time,60
O2003424,Pune,7,8,Late,100
O2003425,Kolkata,3,2,On Time,120
O2003426,Mumbai,3,3,On Time,150
O2003427,Hyderabad,7,7,On Time,0
O2003428,Kolkata,4,4,On Time,0
O2003429,Bengaluru,5,6,Late,80
O2003430,Mumbai,5,5,On Time,0
O2003431,Pune,2,4,Late,60
O2003432,Pune,3,3,On Time,80
O2003433,Hyderabad,3,3,On Time,0
O2003434,Kolkata,3,4,Late,120
O2003435,Hyderabad,5,5,On Time,0
O2003436,Bengaluru,3,3,On Time,0
O2003437,Delhi NCR,4,4,On Time,150
O2003438,Delhi NCR,4,5,Late,120
O2003439,Pune,3,3,On Time,100
O2003440,Hyderabad,6,6,On Time,0
O2003441,Kolkata,3,3,On Time,100
O2003442,Hyderabad,2,2,On Time,0
O2003443,Kolkata,6,6,On Time,80
O2003444,Hyderabad,5,5,On Time,80
O2003445,Pune,4,4,On Time,60
O2003446,Kolkata,1,1,On Time,40
O2003447,Mumbai,4,4,On Time,80
O2003448,Hyderabad,7,6,On Time,0
O2003449,Pune,2,2,On Time,60
O2003450,Kolkata,5,4,On Time,120
O2003451,Pune,5,6,Late,80
O2003452,Bengaluru,1,1,On Time,100
O2003453,Bengaluru,4,4,On Time,100
O2003454,Pune,4,5,Late,60
O2003455,Pune,4,4,On Time,120
O2003456,Kolkata,4,5,Late,60
O2003457,Hyderabad,4,4,On Time,80
O2003458,Pune,4,4,On Time,0
O2003459,Bengaluru,2,1,On Time,60
O2003460,Mumbai,3,3,On Time,120
O2003461,Pune,1,1,On Time,0
O2003462,Pune,5,5,On Time,120
O2003463,Hyderabad,5,5,On Time,80
O2003464,Bengaluru,4,4,On Time,120
O2003465,Mumbai,2,2,On Time,120
O2003466,Bengaluru,3,3,On Time,120
O2003467,Kolkata,1,1,On Time,80
O2003468,Delhi NCR,5,5,On Time,0
O2003469,Delhi NCR,1,1,On Time,60
O2003470,Hyderabad,5,5,On Time,150
O2003471,Kolkata,3,3,On Time,40
O2003472,Kolkata,2,2,On Time,80
O2003473,Delhi NCR,2,2,On Time,60
O2003474,Mumbai,4,4,On Time,120
O2003475,Delhi NCR,4,5,Late,150
O2003476,Hyderabad,7,8,Late,120
O2003477,Hyderabad,5,7,Late,100
O2003478,Mumbai,1,1,On Time,0
O2003479,Pune,1,1,On Time,100
O2003480,Kolkata,2,2,On Time,40
O2003481,Delhi NCR,3,4,Late,80
O2003482,Hyderabad,2,2,On Time,40
O2003483,Delhi NCR,1,2,Late,0
O2003484,Mumbai,4,4,On Time,150
O2003485,Delhi NCR,2,3,Late,0
O2003486,Kolkata,3,3,On Time,80
O2003487,Kolkata,2,2,On Time,0
O2003488,Pune,4,4,On Time,80
O2003489,Bengaluru,5,5,On Time,80
O2003490,Delhi NCR,3,3,On Time,0
O2003491,Mumbai,5,5,On Time,120
O2003492,Hyderabad,1,1,On Time,0
O2003493,Kolkata,6,6,On Time,60
O2003494,Bengaluru,4,6,Late,60
O2003495,Kolkata,2,2,On Time,0
O2003496,Hyderabad,5,5,On Time,100
O2003497,Bengaluru,3,3,On Time,100
O2003498,Hyderabad,5,5,On Time,100
O2003499,Pune,3,3,On Time,100
O2003500,Bengaluru,7,7,On Time,0
O2003501,Pune,3,2,On Time,120
O2003502,Mumbai,4,6,Late,120
O2003503,Delhi NCR,6,6,On Time,100
O2003504,Bengaluru,3,3,On Time,120
O2003505,Kolkata,3,3,On Time,100
O2003506,Mumbai,4,6,Late,150
O2003507,Bengaluru,2,2,On Time,60
O2003508,Bengaluru,4,4,On Time,40
O2003509,Bengaluru,6,6,On Time,0
O2003510,Bengaluru,6,8,Late,150
O2003511,Delhi NCR,2,2,On Time,60
O2003512,Delhi NCR,4,4,On Time,80
O2003513,Kolkata,4,4,On Time,80
O2003514,Hyderabad,4,4,On Time,100
O2003515,Delhi NCR,5,7,Late,80
O2003516,Mumbai,2,2,On Time,80
O2003517,Hyderabad,1,3,Late,40
O2003518,Delhi NCR,4,3,On Time,40
O2003519,Hyderabad,5,5,On Time,0
O2003520,Kolkata,3,3,On Time,0
O2003521,Bengaluru,6,6,On Time,40
O2003522,Bengaluru,5,8,Late,0
O2003523,Delhi NCR,7,7,On Time,100
O2003524,Hyderabad,3,6,Late,40
O2003525,Bengaluru,5,4,On Time,80
O2003526,Kolkata,3,3,On Time,0
O2003527,Mumbai,7,8,Late,60
O2003528,Bengaluru,3,3,On Time,60
O2003529,Mumbai,7,6,On Time,40
O2003530,Mumbai,4,4,On Time,40
O2003531,Kolkata,5,7,Late,40
O2003532,Bengaluru,3,3,On Time,100
O2003533,Pune,3,3,On Time,40
O2003534,Kolkata,3,4,Late,60
O2003535,Hyderabad,3,3,On Time,60
O2003536,Kolkata,4,4,On Time,60
O2003537,Hyderabad,3,3,On Time,80
O2003538,Kolkata,3,3,On Time,60
O2003539,Kolkata,7,8,Late,150
O2003540,Kolkata,4,7,Late,100
O2003541,Mumbai,2,3,Late,80
O2003542,Kolkata,4,4,On Time,120
O2003543,Bengaluru,2,2,On Time,120
O2003544,Mumbai,2,2,On Time,0
O2003545,Kolkata,4,4,On Time,60
O2003546,Pune,3,3,On Time,60
O2003547,Mumbai,5,5,On Time,40
O2003548,Pune,5,5,On Time,0
O2003549,Bengaluru,2,2,On Time,40
O2003550,Delhi NCR,4,4,On Time,80
O2003551,Mumbai,6,8,Late,0
O2003552,Kolkata,6,6,On Time,40
O2003553,Bengaluru,2,2,On Time,0
O2003554,Kolkata,4,4,On Time,0
O2003555,Mumbai,3,3,On Time,40
O2003556,Kolkata,3,2,On Time,60
O2003557,Hyderabad,2,2,On Time,0
O2003558,Hyderabad,4,3,On Time,60
O2003559,Bengaluru,4,4,On Time,60
O2003560,Bengaluru,4,4,On Time,40
O2003561,Mumbai,2,2,On Time,60
O2003562,Mumbai,3,3,On Time,0
O2003563,Pune,7,7,On Time,60
O2003564,Mumbai,6,6,On Time,0
O2003565,Pune,3,6,Late,40
O2003566,Mumbai,3,3,On Time,40
O2003567,Bengaluru,2,2,On Time,0
O2003568,Delhi NCR,2,2,On Time,150
O2003569,Hyderabad,4,4,On Time,0
O2003570,Bengaluru,5,8,Late,80
O2003571,Hyderabad,6,6,On Time,80
O2003572,Mumbai,5,5,On Time,100
O2003573,Bengaluru,4,4,On Time,100
O2003574,Delhi NCR,1,3,Late,0
O2003575,Kolkata,3,3,On Time,0
O2003576,Delhi NCR,3,4,Late,120
O2003577,Kolkata,4,6,Late,0
O2003578,Bengaluru,6,6,On Time,0
O2003579,Hyderabad,3,3,On Time,0
O2003580,Hyderabad,5,5,On Time,100
O2003581,Kolkata,3,4,Late,120
O2003582,Bengaluru,1,2,Late,60
O2003583,Kolkata,4,4,On Time,80
O2003584,Mumbai,5,5,On Time,40
O2003585,Delhi NCR,3,3,On Time,60
O2003586,Pune,4,4,On Time,150
O2003587,Kolkata,7,7,On Time,60
O2003588,Hyderabad,5,5,On Time,80
O2003589,Kolkata,3,3,On Time,60
O2003590,Bengaluru,5,5,On Time,40
O2003591,Hyderabad,5,5,On Time,100
O2003592,Mumbai,3,4,Late,40
O2003593,Mumbai,4,4,On Time,40
O2003594,Pune,1,1,On Time,0
O2003595,Kolkata,1,1,On Time,120
O2003596,Hyderabad,7,7,On Time,0
O2003597,Bengaluru,1,1,On Time,0
O2003598,Delhi NCR,2,2,On Time,80
O2003599,Kolkata,4,3,On Time,0
O2003600,Hyderabad,6,5,On Time,0
O2003601,Bengaluru,6,9,Late,80
O2003602,Mumbai,4,4,On Time,40
O2003603,Mumbai,6,6,On Time,150
O2003604,Hyderabad,2,2,On Time,100
O2003605,Hyderabad,5,4,On Time,60
O2003606,Delhi NCR,3,3,On Time,80
O2003607,Mumbai,2,2,On Time,120
O2003608,Mumbai,4,4,On Time,60
O2003609,Delhi NCR,6,6,On Time,120
O2003610,Mumbai,4,5,Late,0
O2003611,Pune,6,6,On Time,40
O2003612,Delhi NCR,4,4,On Time,120
O2003613,Mumbai,7,7,On Time,0
O2003614,Pune,4,4,On Time,40
O2003615,Delhi NCR,5,5,On Time,100
O2003616,Delhi NCR,5,6,Late,80
O2003617,Hyderabad,3,3,On Time,120
O2003618,Delhi NCR,5,6,Late,60
O2003619,Hyderabad,3,3,On Time,60
O2003620,Delhi NCR,3,3,On Time,40
O2003621,Bengaluru,3,3,On Time,120
O2003622,Delhi NCR,4,3,On Time,60
O2003623,Kolkata,2,2,On Time,80
O2003624,Kolkata,5,5,On Time,60
O2003625,Pune,6,6,On Time,80
O2003626,Bengaluru,3,3,On Time,80
O2003627,Bengaluru,4,4,On Time,60
O2003628,Delhi NCR,5,6,Late,100
O2003629,Delhi NCR,6,6,On Time,60
O2003630,Pune,3,4,Late,80
O2003631,Bengaluru,2,2,On Time,40
O2003632,Pune,5,5,On Time,60
O2003633,Kolkata,4,4,On Time,0
O2003634,Bengaluru,3,3,On Time,120
O2003635,Pune,4,4,On Time,80
O2003636,Pune,1,1,On Time,80
O2003637,Pune,4,3,On Time,40
O2003638,Bengaluru,4,4,On Time,40
O2003639,Kolkata,5,5,On Time,80
O2003640,Delhi NCR,2,2,On Time,60
O2003641,Hyderabad,3,3,On Time,120
O2003642,Kolkata,2,3,Late,40
O2003643,Kolkata,3,3,On Time,40
O2003644,Kolkata,4,4,On Time,100
O2003645,Kolkata,1,1,On Time,0
O2003646,Mumbai,6,8,Late,100
O2003647,Delhi NCR,4,6,Late,0
O2003648,Hyderabad,3,3,On Time,80
O2003649,Bengaluru,4,4,On Time,120
O2003650,Delhi NCR,5,5,On Time,80
O2003651,Mumbai,6,6,On Time,120
O2003652,Hyderabad,4,4,On Time,40
O2003653,Delhi NCR,2,2,On Time,80
O2003654,Delhi NCR,7,7,On Time,0
O2003655,Mumbai,2,2,On Time,80
O2003656,Delhi NCR,4,6,Late,80
O2003657,Kolkata,3,3,On Time,60
O2003658,Hyderabad,1,1,On Time,40
O2003659,Mumbai,5,5,On Time,60
O2003660,Kolkata,4,4,On Time,150
O2003661,Delhi NCR,6,6,On Time,80
O2003662,Pune,5,5,On Time,150
O2003663,Bengaluru,4,4,On Time,100
O2003664,Mumbai,1,1,On Time,150
O2003665,Kolkata,4,4,On Time,120
O2003666,Delhi NCR,4,3,On Time,80
O2003667,Kolkata,3,3,On Time,0
O2003668,Pune,6,6,On Time,40
O2003669,Mumbai,1,1,On Time,60
O2003670,Hyderabad,2,5,Late,120
O2003671,Hyderabad,4,4,On Time,80
O2003672,Delhi NCR,3,3,On Time,80
O2003673,Delhi NCR,4,4,On Time,60
O2003674,Delhi NCR,3,3,On Time,0
O2003675,Hyderabad,7,9,Late,60
O2003676,Hyderabad,3,3,On Time,0
O2003677,Bengaluru,6,8,Late,60
O2003678,Delhi NCR,2,2,On Time,0
O2003679,Kolkata,4,4,On Time,0
O2003680,Pune,3,3,On Time,60
O2003681,Hyderabad,3,3,On Time,80
O2003682,Mumbai,6,8,Late,80
O2003683,Bengaluru,1,1,On Time,100
O2003684,Mumbai,3,3,On Time,100
O2003685,Bengaluru,1,2,Late,40
O2003686,Hyderabad,6,6,On Time,0
O2003687,Kolkata,5,5,On Time,0
O2003688,Bengaluru,3,3,On Time,40
O2003689,Mumbai,4,3,On Time,60
O2003690,Delhi NCR,4,4,On Time,0
O2003691,Kolkata,3,3,On Time,120
O2003692,Hyderabad,7,8,Late,100
O2003693,Mumbai,5,5,On Time,120
O2003694,Bengaluru,3,3,On Time,40
O2003695,Bengaluru,4,4,On Time,40
O2003696,Hyderabad,2,2,On Time,120
O2003697,Pune,2,1,On Time,80
O2003698,Bengaluru,4,4,On Time,40
O2003699,Mumbai,1,2,Late,0
O2003700,Delhi NCR,4,3,On Time,40
O2003701,Bengaluru,4,4,On Time,40
O2003702,Bengaluru,4,4,On Time,40
O2003703,Kolkata,5,5,On Time,80
O2003704,Delhi NCR,5,8,Late,60
O2003705,Delhi NCR,4,4,On Time,0
O2003706,Delhi NCR,2,2,On Time,60
O2003707,Bengaluru,5,5,On Time,150
O2003708,Mumbai,5,5,On Time,120
O2003709,Mumbai,2,3,Late,60
O2003710,Pune,6,6,On Time,40
O2003711,Mumbai,5,5,On Time,80
O2003712,Pune,4,4,On Time,80
O2003713,Mumbai,3,3,On Time,40
O2003714,Kolkata,3,3,On Time,60
O2003715,Pune,5,5,On Time,150
O2003716,Delhi NCR,2,2,On Time,40
O2003717,Kolkata,2,2,On Time,60
O2003718,Pune,3,3,On Time,0
O2003719,Mumbai,3,2,On Time,0
O2003720,Mumbai,3,4,Late,40
O2003721,Pune,1,3,Late,0
O2003722,Hyderabad,2,2,On Time,120
O2003723,Delhi NCR,1,1,On Time,60
O2003724,Bengaluru,4,5,Late,0
O2003725,Delhi NCR,6,6,On Time,60
O2003726,Mumbai,2,2,On Time,120
O2003727,Delhi NCR,5,5,On Time,40
O2003728,Bengaluru,6,5,On Time,0
O2003729,Mumbai,3,3,On Time,60
O2003730,Kolkata,6,6,On Time,150
O2003731,Bengaluru,3,4,Late,80
O2003732,Bengaluru,3,3,On Time,0
O2003733,Bengaluru,5,5,On Time,0
O2003734,Pune,6,8,Late,60
O2003735,Mumbai,4,4,On Time,0
O2003736,Kolkata,3,4,Late,100
O2003737,Delhi NCR,2,2,On Time,100
O2003738,Delhi NCR,4,4,On Time,60
O2003739,Mumbai,2,4,Late,60
O2003740,Pune,2,4,Late,0
O2003741,Kolkata,3,3,On Time,40
O2003742,Kolkata,6,6,On Time,80
O2003743,Mumbai,4,7,Late,100
O2003744,Hyderabad,7,9,Late,80
O2003745,Mumbai,2,2,On Time,80
O2003746,Mumbai,5,8,Late,0
O2003747,Hyderabad,2,2,On Time,80
O2003748,Pune,6,6,On Time,0
O2003749,Pune,2,2,On Time,40
O2003750,Delhi NCR,3,3,On Time,80
O2003751,Mumbai,1,1,On Time,0
O2003752,Bengaluru,7,7,On Time,60
O2003753,Kolkata,2,2,On Time,120
O2003754,Hyderabad,3,3,On Time,100
O2003755,Delhi NCR,4,4,On Time,60
O2003756,Delhi NCR,2,2,On Time,60
O2003757,Bengaluru,4,4,On Time,100
O2003758,Mumbai,6,6,On Time,0
O2003759,Hyderabad,4,4,On Time,60
O2003760,Hyderabad,3,2,On Time,0
O2003761,Delhi NCR,4,5,Late,0
O2003762,Mumbai,4,4,On Time,80
O2003763,Mumbai,3,4,Late,120
O2003764,Hyderabad,2,2,On Time,0
O2003765,Delhi NCR,6,6,On Time,100
O2003766,Mumbai,5,7,Late,60
O2003767,Kolkata,3,3,On Time,60
O2003768,Delhi NCR,3,3,On Time,80
O2003769,Bengaluru,2,2,On Time,80
O2003770,Pune,1,1,On Time,120
O2003771,Mumbai,1,1,On Time,0
O2003772,Delhi NCR,3,3,On Time,150
O2003773,Delhi NCR,2,5,Late,80
O2003774,Delhi NCR,4,4,On Time,0
O2003775,Mumbai,3,3,On Time,100
O2003776,Delhi NCR,3,3,On Time,80
O2003777,Kolkata,7,7,On Time,0
O2003778,Pune,2,2,On Time,150
O2003779,Kolkata,5,5,On Time,0
O2003780,Mumbai,7,7,On Time,60
O2003781,Bengaluru,6,8,Late,0
O2003782,Kolkata,6,6,On Time,40
O2003783,Bengaluru,4,4,On Time,80
O2003784,Delhi NCR,2,2,On Time,80
O2003785,Bengaluru,1,1,On Time,120
O2003786,Mumbai,5,5,On Time,120
O2003787,Kolkata,6,6,On Time,60
O2003788,Kolkata,6,6,On Time,0
O2003789,Kolkata,4,4,On Time,60
O2003790,Mumbai,2,2,On Time,60
O2003791,Delhi NCR,1,1,On Time,80
O2003792,Pune,5,5,On Time,80
O2003793,Bengaluru,2,1,On Time,40
O2003794,Pune,7,7,On Time,100
O2003795,Bengaluru,6,9,Late,60
O2003796,Pune,5,4,On Time,0
O2003797,Kolkata,4,4,On Time,0
O2003798,Bengaluru,6,6,On Time,100
O2003799,Bengaluru,5,5,On Time,0
O2003800,Mumbai,1,1,On Time,0
O2003801,Kolkata,7,9,Late,40
O2003802,Bengaluru,4,4,On Time,40
O2003803,Pune,4,4,On Time,0
O2003804,Bengaluru,2,2,On Time,80
O2003805,Bengaluru,5,5,On Time,120
O2003806,Hyderabad,3,5,Late,100
O2003807,Delhi NCR,5,5,On Time,120
O2003808,Delhi NCR,2,2,On Time,120
O2003809,Bengaluru,6,6,On Time,0
O2003810,Pune,3,6,Late,80
O2003811,Pune,3,3,On Time,0
O2003812,Bengaluru,5,6,Late,80
O2003813,Hyderabad,3,5,Late,80
O2003814,Pune,4,4,On Time,120
O2003815,Mumbai,4,5,Late,120
O2003816,Hyderabad,4,4,On Time,60
O2003817,Kolkata,1,1,On Time,60
O2003818,Kolkata,4,4,On Time,0
O2003819,Pune,5,4,On Time,60
O2003820,Delhi NCR,5,5,On Time,80
O2003821,Bengaluru,5,6,Late,60
O2003822,Kolkata,2,1,On Time,0
O2003823,Hyderabad,4,4,On Time,80
O2003824,Mumbai,3,4,Late,80
O2003825,Hyderabad,7,7,On Time,150
O2003826,Kolkata,4,7,Late,100
O2003827,Hyderabad,4,7,Late,150
O2003828,Bengaluru,1,1,On Time,120
O2003829,Kolkata,3,3,On Time,120
O2003830,Pune,2,2,On Time,60
O2003831,Hyderabad,3,3,On Time,60
O2003832,Kolkata,5,5,On Time,0
O2003833,Mumbai,2,2,On Time,60
O2003834,Delhi NCR,2,2,On Time,0
O2003835,Pune,2,2,On Time,100
O2003836,Bengaluru,4,6,Late,100
O2003837,Delhi NCR,3,4,Late,0
O2003838,Pune,3,3,On Time,0
O2003839,Kolkata,5,5,On Time,40
O2003840,Kolkata,3,3,On Time,80
O2003841,Mumbai,1,1,On Time,60
O2003842,Pune,3,3,On Time,100
O2003843,Mumbai,5,5,On Time,60
O2003844,Pune,2,2,On Time,40
O2003845,Bengaluru,3,3,On Time,80
O2003846,Delhi NCR,7,7,On Time,40
O2003847,Pune,3,3,On Time,120
O2003848,Delhi NCR,4,4,On Time,0
O2003849,Mumbai,5,8,Late,0
O2003850,Mumbai,4,4,On Time,0
O2003851,Pune,4,4,On Time,0
O2003852,Delhi NCR,5,5,On Time,100
O2003853,Delhi NCR,4,3,On Time,40
O2003854,Mumbai,3,3,On Time,80
O2003855,Hyderabad,6,6,On Time,100
O2003856,Delhi NCR,4,4,On Time,100
O2003857,Bengaluru,4,4,On Time,0
O2003858,Delhi NCR,3,3,On Time,120
O2003859,Kolkata,3,4,Late,80
O2003860,Mumbai,4,4,On Time,40
O2003861,Bengaluru,6,7,Late,0
O2003862,Kolkata,3,3,On Time,150
O2003863,Mumbai,4,4,On Time,60
O2003864,Kolkata,3,3,On Time,100
O2003865,Bengaluru,7,8,Late,120
O2003866,Pune,4,4,On Time,0
O2003867,Kolkata,3,3,On Time,120
O2003868,Bengaluru,5,5,On Time,0
O2003869,Hyderabad,5,5,On Time,0
O2003870,Bengaluru,2,2,On Time,0
O2003871,Bengaluru,4,4,On Time,40
O2003872,Delhi NCR,1,1,On Time,0
O2003873,Hyderabad,4,6,Late,120
O2003874,Delhi NCR,4,4,On Time,120
O2003875,Mumbai,5,5,On Time,60
O2003876,Mumbai,4,4,On Time,150
O2003877,Pune,3,3,On Time,60
O2003878,Delhi NCR,6,6,On Time,40
O2003879,Bengaluru,5,5,On Time,80
O2003880,Pune,3,3,On Time,0
O2003881,Delhi NCR,5,7,Late,0
O2003882,Pune,3,5,Late,100
O2003883,Kolkata,2,2,On Time,0
O2003884,Pune,4,4,On Time,100
O2003885,Hyderabad,5,6,Late,40
O2003886,Mumbai,3,3,On Time,0
O2003887,Bengaluru,4,4,On Time,100
O2003888,Hyderabad,3,2,On Time,100
O2003889,Bengaluru,5,4,On Time,100
O2003890,Kolkata,7,7,On Time,40
O2003891,Bengaluru,1,1,On Time,60
O2003892,Bengaluru,4,5,Late,0
O2003893,Mumbai,1,1,On Time,150
O2003894,Delhi NCR,3,3,On Time,60
O2003895,Bengaluru,2,2,On Time,0
O2003896,Kolkata,3,3,On Time,80
O2003897,Bengaluru,6,6,On Time,60
O2003898,Mumbai,3,3,On Time,0
O2003899,Hyderabad,6,6,On Time,120
O2003900,Delhi NCR,6,6,On Time,80
O2003901,Mumbai,3,3,On Time,60
O2003902,Bengaluru,3,3,On Time,60
O2003903,Bengaluru,2,2,On Time,80
O2003904,Bengaluru,3,3,On Time,0
O2003905,Kolkata,7,7,On Time,120
O2003906,Pune,3,3,On Time,0
O2003907,Bengaluru,3,3,On Time,40
O2003908,Bengaluru,4,4,On Time,80
O2003909,Hyderabad,3,5,Late,60
O2003910,Pune,1,1,On Time,100
O2003911,Delhi NCR,4,5,Late,0
O2003912,Kolkata,4,4,On Time,0
O2003913,Bengaluru,3,3,On Time,40
O2003914,Pune,1,1,On Time,100
O2003915,Hyderabad,4,6,Late,100
O2003916,Bengaluru,3,3,On Time,120
O2003917,Kolkata,2,2,On Time,60
O2003918,Delhi NCR,2,2,On Time,80
O2003919,Bengaluru,4,4,On Time,40
O2003920,Bengaluru,3,3,On Time,0
O2003921,Delhi NCR,5,5,On Time,80
O2003922,Mumbai,5,5,On Time,0
O2003923,Kolkata,7,7,On Time,60
O2003924,Mumbai,6,6,On Time,0
O2003925,Bengaluru,6,6,On Time,120
O2003926,Pune,3,3,On Time,120
O2003927,Mumbai,6,7,Late,80
O2003928,Bengaluru,3,3,On Time,60
O2003929,Delhi NCR,3,3,On Time,80
O2003930,Bengaluru,3,3,On Time,80
O2003931,Mumbai,6,6,On Time,80
O2003932,Bengaluru,3,4,Late,120
O2003933,Bengaluru,5,5,On Time,80
O2003934,Mumbai,2,2,On Time,60
O2003935,Kolkata,3,3,On Time,0
O2003936,Delhi NCR,5,5,On Time,80
O2003937,Bengaluru,3,4,Late,80
O2003938,Delhi NCR,4,6,Late,80
O2003939,Bengaluru,4,4,On Time,0
O2003940,Mumbai,6,7,Late,100
O2003941,Hyderabad,5,4,On Time,100
O2003942,Bengaluru,4,4,On Time,0
O2003943,Bengaluru,4,4,On Time,0
O2003944,Kolkata,3,3,On Time,150
O2003945,Kolkata,3,3,On Time,0
O2003946,Hyderabad,4,4,On Time,0
O2003947,Kolkata,3,3,On Time,80
O2003948,Delhi NCR,3,5,Late,60
O2003949,Pune,5,5,On Time,100
O2003950,Delhi NCR,6,5,On Time,80
O2003951,Pune,1,2,Late,0
O2003952,Delhi NCR,3,2,On Time,100
O2003953,Mumbai,2,4,Late,100
O2003954,Pune,5,5,On Time,0
O2003955,Bengaluru,4,4,On Time,120
O2003956,Bengaluru,4,6,Late,0
O2003957,Delhi NCR,5,5,On Time,0
O2003958,Mumbai,3,4,Late,0
O2003959,Hyderabad,4,4,On Time,100
O2003960,Delhi NCR,7,8,Late,120
O2003961,Hyderabad,5,8,Late,150
O2003962,Kolkata,2,2,On Time,60
O2003963,Delhi NCR,2,2,On Time,0
O2003964,Hyderabad,5,5,On Time,120
O2003965,Pune,4,5,Late,0
O2003966,Hyderabad,3,3,On Time,150
O2003967,Hyderabad,4,6,Late,80
O2003968,Mumbai,6,5,On Time,60
O2003969,Kolkata,1,1,On Time,80
O2003970,Kolkata,3,2,On Time,80
O2003971,Pune,4,4,On Time,80
O2003972,Mumbai,3,3,On Time,150
O2003973,Kolkata,4,4,On Time,0
O2003974,Pune,5,5,On Time,120
O2003975,Bengaluru,3,3,On Time,60
O2003976,Mumbai,4,5,Late,0
O2003977,Bengaluru,3,3,On Time,100
O2003978,Hyderabad,6,7,Late,0
O2003979,Pune,4,4,On Time,40
O2003980,Kolkata,6,6,On Time,60
O2003981,Bengaluru,3,3,On Time,40
O2003982,Delhi NCR,3,3,On Time,0
O2003983,Hyderabad,4,7,Late,100
O2003984,Delhi NCR,6,6,On Time,100
O2003985,Mumbai,3,3,On Time,40
O2003986,Bengaluru,4,4,On Time,80
O2003987,Delhi NCR,2,2,On Time,150
O2003988,Pune,4,4,On Time,150
O2003989,Bengaluru,6,6,On Time,80
O2003990,Delhi NCR,2,2,On Time,100
O2003991,Pune,1,1,On Time,0
O2003992,Mumbai,4,4,On Time,40
O2003993,Pune,3,3,On Time,150
O2003994,Pune,3,4,Late,0
O2003995,Mumbai,2,2,On Time,60
O2003996,Mumbai,4,4,On Time,80
O2003997,Mumbai,5,5,On Time,0
O2003998,Bengaluru,3,3,On Time,120
O2003999,Mumbai,5,5,On Time,40
O2004000,Delhi NCR,6,5,On Time,120
O2004001,Hyderabad,1,1,On Time,60
O2004002,Pune,3,4,Late,60
O2004003,Pune,5,5,On Time,40
O2004004,Pune,3,3,On Time,40
O2004005,Pune,6,6,On Time,60
O2004006,Hyderabad,5,5,On Time,80
O2004007,Hyderabad,2,1,On Time,120
O2004008,Pune,5,5,On Time,40
O2004009,Delhi NCR,4,4,On Time,100
O2004010,Bengaluru,4,4,On Time,0
O2004011,Kolkata,5,6,Late,0
O2004012,Bengaluru,3,3,On Time,40
O2004013,Hyderabad,3,2,On Time,40
O2004014,Pune,5,5,On Time,0
O2004015,Bengaluru,7,8,Late,120
O2004016,Delhi NCR,6,7,Late,0
O2004017,Kolkata,4,4,On Time,60
O2004018,Kolkata,3,3,On Time,80
O2004019,Delhi NCR,3,5,Late,80
O2004020,Delhi NCR,1,3,Late,0
O2004021,Delhi NCR,3,3,On Time,60
O2004022,Delhi NCR,2,2,On Time,40
O2004023,Bengaluru,4,3,On Time,0
O2004024,Bengaluru,4,4,On Time,60
O2004025,Kolkata,2,2,On Time,60
O2004026,Delhi NCR,4,4,On Time,0
O2004027,Bengaluru,5,6,Late,0
O2004028,Pune,6,7,Late,0
O2004029,Hyderabad,2,2,On Time,80
O2004030,Bengaluru,5,4,On Time,80
O2004031,Hyderabad,4,4,On Time,80
O2004032,Bengaluru,3,2,On Time,80
O2004033,Kolkata,3,3,On Time,0
O2004034,Pune,4,4,On Time,40
O2004035,Delhi NCR,2,2,On Time,0
O2004036,Delhi NCR,4,4,On Time,60
O2004037,Hyderabad,4,4,On Time,150
O2004038,Bengaluru,4,6,Late,0
O2004039,Hyderabad,3,3,On Time,100
O2004040,Kolkata,5,4,On Time,60
O2004041,Kolkata,6,6,On Time,40
O2004042,Pune,2,2,On Time,60
O2004043,Hyderabad,3,3,On Time,100
O2004044,Pune,3,6,Late,0
O2004045,Mumbai,2,2,On Time,60
O2004046,Delhi NCR,5,8,Late,100
O2004047,Delhi NCR,7,7,On Time,60
O2004048,Bengaluru,3,3,On Time,60
O2004049,Mumbai,6,6,On Time,0
O2004050,Kolkata,3,3,On Time,60
O2004051,Hyderabad,5,5,On Time,60
O2004052,Hyderabad,7,7,On Time,0
O2004053,Mumbai,3,3,On Time,0
O2004054,Hyderabad,5,5,On Time,0
O2004055,Mumbai,3,3,On Time,60
O2004056,Hyderabad,5,5,On Time,150
O2004057,Bengaluru,6,6,On Time,100
O2004058,Kolkata,6,7,Late,0
O2004059,Delhi NCR,1,1,On Time,120
O2004060,Bengaluru,5,5,On Time,0
O2004061,Bengaluru,2,5,Late,80
O2004062,Bengaluru,4,4,On Time,0
O2004063,Delhi NCR,6,8,Late,60
O2004064,Pune,3,3,On Time,0
O2004065,Mumbai,3,4,Late,80
O2004066,Bengaluru,3,3,On Time,60
O2004067,Delhi NCR,4,3,On Time,80
O2004068,Bengaluru,3,3,On Time,0
O2004069,Kolkata,6,5,On Time,150
O2004070,Kolkata,4,4,On Time,60
O2004071,Pune,4,4,On Time,120
O2004072,Bengaluru,4,4,On Time,80
O2004073,Pune,4,4,On Time,150
O2004074,Mumbai,2,2,On Time,60
O2004075,Hyderabad,6,6,On Time,60
O2004076,Delhi NCR,3,3,On Time,60
O2004077,Bengaluru,7,7,On Time,150
O2004078,Hyderabad,4,4,On Time,40
O2004079,Delhi NCR,5,5,On Time,0
O2004080,Bengaluru,4,4,On Time,0
O2004081,Delhi NCR,3,3,On Time,120
O2004082,Delhi NCR,4,4,On Time,40
O2004083,Pune,5,5,On Time,0
O2004084,Kolkata,6,6,On Time,60
O2004085,Kolkata,3,4,Late,0
O2004086,Kolkata,6,6,On Time,0
O2004087,Kolkata,4,4,On Time,0
O2004088,Kolkata,2,2,On Time,80
O2004089,Hyderabad,1,1,On Time,0
O2004090,Hyderabad,3,5,Late,0
O2004091,Kolkata,4,4,On Time,150
O2004092,Hyderabad,4,4,On Time,0
O2004093,Mumbai,4,4,On Time,120
O2004094,Delhi NCR,5,5,On Time,60
O2004095,Delhi NCR,6,6,On Time,60
O2004096,Bengaluru,7,6,On Time,80
O2004097,Pune,4,5,Late,60
O2004098,Mumbai,4,4,On Time,150
O2004099,Pune,1,1,On Time,150
O2004100,Mumbai,6,9,Late,0
O2004101,Bengaluru,6,6,On Time,80
O2004102,Kolkata,6,6,On Time,150
O2004103,Pune,1,2,Late,40
O2004104,Kolkata,1,1,On Time,100
O2004105,Hyderabad,6,6,On Time,0
O2004106,Kolkata,4,4,On Time,0
O2004107,Mumbai,3,3,On Time,0
O2004108,Delhi NCR,3,3,On Time,0
O2004109,Hyderabad,3,4,Late,60
O2004110,Kolkata,2,2,On Time,100
O2004111,Mumbai,7,7,On Time,60
O2004112,Kolkata,5,5,On Time,120
O2004113,Pune,5,5,On Time,80
O2004114,Pune,2,3,Late,0
O2004115,Hyderabad,2,2,On Time,60
O2004116,Kolkata,4,4,On Time,0
O2004117,Delhi NCR,4,4,On Time,150
O2004118,Hyderabad,2,1,On Time,40
O2004119,Pune,2,2,On Time,60
O2004120,Hyderabad,2,2,On Time,0
O2004121,Mumbai,5,5,On Time,60
O2004122,Delhi NCR,1,2,Late,150
O2004123,Kolkata,6,6,On Time,100
O2004124,Mumbai,5,7,Late,60
O2004125,Delhi NCR,1,2,Late,60
O2004126,Bengaluru,4,4,On Time,0
O2004127,Hyderabad,4,4,On Time,0
O2004128,Kolkata,4,4,On Time,100
O2004129,Bengaluru,6,5,On Time,120
O2004130,Pune,4,4,On Time,80
O2004131,Delhi NCR,4,4,On Time,40
O2004132,Hyderabad,4,4,On Time,120
O2004133,Hyderabad,4,4,On Time,0
O2004134,Hyderabad,5,5,On Time,100
O2004135,Delhi NCR,3,5,Late,40
O2004136,Bengaluru,4,4,On Time,100
O2004137,Kolkata,4,4,On Time,100
O2004138,Kolkata,3,3,On Time,40
O2004139,Kolkata,3,3,On Time,80
O2004140,Mumbai,2,2,On Time,60
O2004141,Pune,3,4,Late,80
O2004142,Pune,5,5,On Time,0
O2004143,Pune,5,5,On Time,120
O2004144,Bengaluru,4,4,On Time,100
O2004145,Pune,6,9,Late,0
O2004146,Delhi NCR,1,1,On Time,80
O2004147,Pune,3,4,Late,40
O2004148,Delhi NCR,3,3,On Time,0
O2004149,Kolkata,5,7,Late,0
O2004150,Pune,2,2,On Time,60
O2004151,Delhi NCR,6,6,On Time,80
O2004152,Kolkata,6,6,On Time,0
O2004153,Mumbai,1,1,On Time,60
O2004154,Pune,4,4,On Time,80
O2004155,Bengaluru,3,6,Late,80
O2004156,Hyderabad,6,7,Late,150
O2004157,Kolkata,4,4,On Time,0
O2004158,Hyderabad,5,5,On Time,60
O2004159,Hyderabad,2,2,On Time,0
O2004160,Bengaluru,6,6,On Time,0
O2004161,Hyderabad,6,6,On Time,60
O2004162,Kolkata,7,6,On Time,80
O2004163,Hyderabad,3,3,On Time,60
O2004164,Mumbai,3,3,On Time,100
O2004165,Kolkata,2,2,On Time,80
O2004166,Delhi NCR,4,5,Late,40
O2004167,Delhi NCR,1,1,On Time,40
O2004168,Pune,3,5,Late,120
O2004169,Pune,6,7,Late,60
O2004170,Bengaluru,1,1,On Time,150
O2004171,Kolkata,5,5,On Time,100
O2004172,Hyderabad,1,1,On Time,150
O2004173,Bengaluru,4,4,On Time,0
O2004174,Mumbai,4,6,Late,150
O2004175,Hyderabad,6,6,On Time,100
O2004176,Delhi NCR,2,2,On Time,100
O2004177,Hyderabad,4,4,On Time,100
O2004178,Bengaluru,5,5,On Time,40
O2004179,Bengaluru,4,6,Late,60
O2004180,Bengaluru,5,5,On Time,0
O2004181,Hyderabad,5,5,On Time,80
O2004182,Kolkata,4,4,On Time,60
O2004183,Bengaluru,2,2,On Time,100
O2004184,Delhi NCR,3,3,On Time,40
O2004185,Hyderabad,7,7,On Time,100
O2004186,Kolkata,2,2,On Time,80
O2004187,Bengaluru,4,6,Late,0
O2004188,Hyderabad,6,6,On Time,0
O2004189,Bengaluru,3,3,On Time,100
O2004190,Bengaluru,2,4,Late,60
O2004191,Mumbai,4,4,On Time,80
O2004192,Hyderabad,4,4,On Time,120
O2004193,Delhi NCR,3,3,On Time,0
O2004194,Delhi NCR,3,2,On Time,0
O2004195,Kolkata,3,3,On Time,100
O2004196,Kolkata,4,7,Late,40
O2004197,Delhi NCR,3,4,Late,100
O2004198,Kolkata,5,5,On Time,60
O2004199,Kolkata,5,6,Late,40
O2004200,Delhi NCR,5,5,On Time,60
O2004201,Pune,1,1,On Time,100
O2004202,Hyderabad,3,3,On Time,100
O2004203,Mumbai,4,4,On Time,0
O2004204,Mumbai,6,6,On Time,40
O2004205,Kolkata,3,3,On Time,100
O2004206,Kolkata,6,6,On Time,0
O2004207,Bengaluru,3,2,On Time,0
O2004208,Delhi NCR,1,1,On Time,150
O2004209,Pune,3,2,On Time,40
O2004210,Kolkata,4,4,On Time,80
O2004211,Bengaluru,2,2,On Time,80
O2004212,Mumbai,6,6,On Time,100
O2004213,Delhi NCR,4,5,Late,40
O2004214,Kolkata,4,4,On Time,40
O2004215,Kolkata,1,1,On Time,100
O2004216,Bengaluru,3,5,Late,40
O2004217,Bengaluru,4,7,Late,80
O2004218,Delhi NCR,7,7,On Time,0
O2004219,Pune,3,5,Late,100
O2004220,Kolkata,5,5,On Time,0
O2004221,Kolkata,2,3,Late,80
O2004222,Bengaluru,6,6,On Time,60
O2004223,Bengaluru,1,1,On Time,80
O2004224,Hyderabad,5,5,On Time,0
O2004225,Hyderabad,5,5,On Time,60
O2004226,Mumbai,3,4,Late,0
O2004227,Bengaluru,4,5,Late,60
O2004228,Bengaluru,6,7,Late,100
O2004229,Pune,6,6,On Time,60
O2004230,Pune,3,3,On Time,0
O2004231,Delhi NCR,4,4,On Time,0
O2004232,Delhi NCR,5,5,On Time,60
O2004233,Bengaluru,7,7,On Time,0
O2004234,Kolkata,5,4,On Time,80
O2004235,Delhi NCR,4,6,Late,80
O2004236,Mumbai,4,4,On Time,80
O2004237,Bengaluru,6,6,On Time,40
O2004238,Pune,5,8,Late,0
O2004239,Mumbai,2,5,Late,40
O2004240,Hyderabad,5,4,On Time,0
O2004241,Bengaluru,6,7,Late,40
O2004242,Pune,4,4,On Time,40
O2004243,Mumbai,5,5,On Time,60
O2004244,Bengaluru,3,3,On Time,60
O2004245,Kolkata,3,4,Late,0
O2004246,Kolkata,3,5,Late,100
O2004247,Delhi NCR,3,3,On Time,120
O2004248,Bengaluru,3,2,On Time,40
O2004249,Mumbai,6,6,On Time,60
O2004250,Pune,6,5,On Time,60
O2004251,Bengaluru,3,3,On Time,40
O2004252,Hyderabad,3,3,On Time,0
O2004253,Delhi NCR,2,3,Late,80
O2004254,Kolkata,3,2,On Time,80
O2004255,Kolkata,3,3,On Time,40
O2004256,Delhi NCR,3,3,On Time,60
O2004257,Hyderabad,6,6,On Time,60
O2004258,Delhi NCR,3,3,On Time,0
O2004259,Hyderabad,1,1,On Time,40
O2004260,Hyderabad,6,6,On Time,80
O2004261,Hyderabad,6,8,Late,60
O2004262,Kolkata,4,4,On Time,100
O2004263,Delhi NCR,2,4,Late,100
O2004264,Hyderabad,5,5,On Time,60
O2004265,Kolkata,3,3,On Time,100
O2004266,Bengaluru,3,3,On Time,0
O2004267,Kolkata,2,2,On Time,80
O2004268,Hyderabad,3,3,On Time,0
O2004269,Mumbai,4,4,On Time,40
O2004270,Pune,4,4,On Time,60
O2004271,Kolkata,3,3,On Time,60
O2004272,Pune,3,3,On Time,60
O2004273,Kolkata,4,4,On Time,100
O2004274,Bengaluru,4,4,On Time,80
O2004275,Mumbai,5,5,On Time,40
O2004276,Kolkata,3,5,Late,80
O2004277,Delhi NCR,6,6,On Time,80
O2004278,Hyderabad,2,2,On Time,80
O2004279,Delhi NCR,3,2,On Time,60
O2004280,Bengaluru,3,4,Late,0
O2004281,Pune,7,7,On Time,80
O2004282,Delhi NCR,4,4,On Time,150
O2004283,Mumbai,4,4,On Time,0
O2004284,Bengaluru,4,7,Late,80
O2004285,Bengaluru,4,4,On Time,120
O2004286,Pune,3,3,On Time,120
O2004287,Pune,3,3,On Time,40
O2004288,Delhi NCR,3,3,On Time,100
O2004289,Hyderabad,3,3,On Time,100
O2004290,Kolkata,4,6,Late,60
O2004291,Pune,4,4,On Time,60
O2004292,Hyderabad,3,3,On Time,120
O2004293,Mumbai,5,5,On Time,40
O2004294,Hyderabad,5,6,Late,0
O2004295,Mumbai,5,5,On Time,120
O2004296,Kolkata,2,3,Late,0
O2004297,Mumbai,1,1,On Time,0
O2004298,Pune,6,6,On Time,120
O2004299,Pune,3,3,On Time,80
O2004300,Bengaluru,4,4,On Time,0
O2004301,Mumbai,4,4,On Time,80
O2004302,Hyderabad,3,3,On Time,40
O2004303,Pune,2,2,On Time,60
O2004304,Mumbai,4,4,On Time,60
O2004305,Delhi NCR,2,2,On Time,60
O2004306,Kolkata,5,4,On Time,60
O2004307,Bengaluru,3,4,Late,60
O2004308,Mumbai,3,4,Late,0
O2004309,Kolkata,2,2,On Time,100
O2004310,Delhi NCR,6,6,On Time,80
O2004311,Pune,5,5,On Time,40
O2004312,Mumbai,3,3,On Time,0
O2004313,Bengaluru,4,4,On Time,150
O2004314,Delhi NCR,4,4,On Time,100
O2004315,Pune,4,4,On Time,60
O2004316,Bengaluru,6,6,On Time,80
O2004317,Kolkata,3,3,On Time,40
O2004318,Mumbai,5,5,On Time,80
O2004319,Bengaluru,3,3,On Time,0
O2004320,Bengaluru,5,6,Late,40
O2004321,Hyderabad,4,7,Late,0
O2004322,Delhi NCR,5,5,On Time,40
O2004323,Delhi NCR,3,3,On Time,0
O2004324,Mumbai,5,7,Late,60
O2004325,Delhi NCR,1,1,On Time,100
O2004326,Pune,2,2,On Time,60
O2004327,Delhi NCR,5,5,On Time,80
O2004328,Mumbai,3,2,On Time,0
O2004329,Mumbai,5,5,On Time,100
O2004330,Kolkata,4,4,On Time,40
O2004331,Pune,5,5,On Time,60
O2004332,Pune,4,5,Late,120
O2004333,Pune,5,8,Late,0
O2004334,Mumbai,2,5,Late,0
O2004335,Hyderabad,4,5,Late,120
O2004336,Bengaluru,1,4,Late,0
O2004337,Mumbai,1,2,Late,80
O2004338,Bengaluru,6,6,On Time,80
O2004339,Delhi NCR,4,4,On Time,0
O2004340,Mumbai,3,3,On Time,0
O2004341,Bengaluru,3,4,Late,40
O2004342,Delhi NCR,5,5,On Time,80
O2004343,Pune,3,3,On Time,40
O2004344,Bengaluru,2,4,Late,100
O2004345,Delhi NCR,2,1,On Time,80
O2004346,Hyderabad,7,6,On Time,40
O2004347,Pune,5,5,On Time,100
O2004348,Bengaluru,6,6,On Time,40
O2004349,Kolkata,3,3,On Time,0
O2004350,Kolkata,6,7,Late,80
O2004351,Kolkata,6,6,On Time,120
O2004352,Pune,3,4,Late,120
O2004353,Hyderabad,6,6,On Time,40
O2004354,Delhi NCR,5,5,On Time,120
O2004355,Bengaluru,4,4,On Time,60
O2004356,Kolkata,7,7,On Time,40
O2004357,Kolkata,2,4,Late,80
O2004358,Mumbai,4,4,On Time,120
O2004359,Mumbai,6,5,On Time,0
O2004360,Delhi NCR,2,3,Late,0
O2004361,Hyderabad,3,2,On Time,0
O2004362,Delhi NCR,4,5,Late,40
O2004363,Delhi NCR,3,3,On Time,80
O2004364,Hyderabad,1,1,On Time,80
O2004365,Bengaluru,4,5,Late,80
O2004366,Pune,2,2,On Time,0
O2004367,Mumbai,3,5,Late,60
O2004368,Pune,4,7,Late,40
O2004369,Pune,2,2,On Time,60
O2004370,Bengaluru,3,3,On Time,0
O2004371,Mumbai,1,1,On Time,80
O2004372,Delhi NCR,4,4,On Time,60
O2004373,Mumbai,4,4,On Time,40
O2004374,Pune,4,3,On Time,80
O2004375,Bengaluru,3,4,Late,0
O2004376,Hyderabad,1,1,On Time,150
O2004377,Delhi NCR,2,4,Late,40
O2004378,Kolkata,2,2,On Time,0
O2004379,Kolkata,3,3,On Time,80
O2004380,Mumbai,3,3,On Time,80
O2004381,Pune,4,4,On Time,120
O2004382,Hyderabad,1,1,On Time,40
O2004383,Kolkata,4,5,Late,40
O2004384,Kolkata,5,5,On Time,0
O2004385,Mumbai,4,4,On Time,0
O2004386,Delhi NCR,1,1,On Time,60
O2004387,Pune,2,2,On Time,100
O2004388,Delhi NCR,6,6,On Time,80
O2004389,Pune,3,3,On Time,80
O2004390,Hyderabad,2,2,On Time,80
O2004391,Pune,4,3,On Time,120
O2004392,Delhi NCR,3,3,On Time,40
O2004393,Kolkata,4,4,On Time,120
O2004394,Mumbai,3,3,On Time,40
O2004395,Delhi NCR,4,4,On Time,0
O2004396,Bengaluru,3,3,On Time,60
O2004397,Bengaluru,5,5,On Time,80
O2004398,Bengaluru,3,3,On Time,150
O2004399,Kolkata,4,4,On Time,0
O2004400,Kolkata,2,2,On Time,60
O2004401,Hyderabad,2,2,On Time,0
O2004402,Delhi NCR,2,2,On Time,80
O2004403,Mumbai,4,4,On Time,120
O2004404,Pune,5,5,On Time,150
O2004405,Bengaluru,2,2,On Time,120
O2004406,Kolkata,4,4,On Time,100
O2004407,Bengaluru,6,8,Late,80
O2004408,Kolkata,3,5,Late,100
O2004409,Delhi NCR,2,4,Late,150
O2004410,Delhi NCR,2,2,On Time,80
O2004411,Mumbai,5,5,On Time,0
O2004412,Bengaluru,6,6,On Time,0
O2004413,Bengaluru,3,5,Late,100
O2004414,Hyderabad,5,6,Late,40
O2004415,Delhi NCR,5,5,On Time,60
O2004416,Pune,5,6,Late,60
O2004417,Pune,5,5,On Time,60
O2004418,Pune,5,5,On Time,40
O2004419,Bengaluru,1,1,On Time,120
O2004420,Hyderabad,5,5,On Time,40
O2004421,Kolkata,3,3,On Time,120
O2004422,Delhi NCR,1,1,On Time,80
O2004423,Kolkata,4,4,On Time,60
O2004424,Mumbai,6,6,On Time,0
O2004425,Kolkata,1,1,On Time,60
O2004426,Pune,7,7,On Time,80
O2004427,Mumbai,2,2,On Time,80
O2004428,Bengaluru,3,2,On Time,150
O2004429,Pune,4,4,On Time,40
O2004430,Delhi NCR,5,5,On Time,80
O2004431,Hyderabad,2,1,On Time,0
O2004432,Pune,4,4,On Time,80
O2004433,Pune,3,6,Late,80
O2004434,Mumbai,7,10,Late,80
O2004435,Hyderabad,3,3,On Time,0
O2004436,Mumbai,6,6,On Time,0
O2004437,Kolkata,6,6,On Time,0
O2004438,Mumbai,5,5,On Time,120
O2004439,Hyderabad,4,4,On Time,100
O2004440,Pune,6,6,On Time,150
O2004441,Pune,5,5,On Time,0
O2004442,Delhi NCR,6,6,On Time,100
O2004443,Bengaluru,5,7,Late,60
O2004444,Delhi NCR,4,3,On Time,0
O2004445,Pune,3,3,On Time,80
O2004446,Kolkata,4,4,On Time,0
O2004447,Pune,5,4,On Time,0
O2004448,Kolkata,3,5,Late,80
O2004449,Kolkata,5,5,On Time,40
O2004450,Hyderabad,1,3,Late,0
O2004451,Hyderabad,4,4,On Time,0
O2004452,Bengaluru,4,4,On Time,100
O2004453,Pune,2,3,Late,100
O2004454,Bengaluru,6,7,Late,60
O2004455,Pune,5,5,On Time,0
O2004456,Mumbai,3,3,On Time,0
O2004457,Mumbai,5,6,Late,100
O2004458,Bengaluru,5,5,On Time,0
O2004459,Kolkata,6,6,On Time,60
O2004460,Mumbai,4,4,On Time,80
O2004461,Delhi NCR,2,2,On Time,0
O2004462,Mumbai,1,1,On Time,60
O2004463,Bengaluru,2,2,On Time,0
O2004464,Pune,2,2,On Time,60
O2004465,Pune,6,8,Late,150
O2004466,Hyderabad,5,5,On Time,100
O2004467,Hyderabad,2,2,On Time,120
O2004468,Kolkata,1,1,On Time,100
O2004469,Pune,3,3,On Time,120
O2004470,Pune,4,4,On Time,40
O2004471,Delhi NCR,5,4,On Time,80
O2004472,Mumbai,2,4,Late,80
O2004473,Bengaluru,3,3,On Time,120
O2004474,Bengaluru,1,1,On Time,80
O2004475,Pune,4,3,On Time,100
O2004476,Pune,3,3,On Time,0
O2004477,Bengaluru,5,8,Late,0
O2004478,Hyderabad,5,5,On Time,100
O2004479,Bengaluru,2,5,Late,80
O2004480,Hyderabad,5,5,On Time,80
O2004481,Hyderabad,2,2,On Time,40
O2004482,Mumbai,4,4,On Time,60
O2004483,Kolkata,3,3,On Time,0
O2004484,Kolkata,1,1,On Time,60
O2004485,Bengaluru,4,4,On Time,80
O2004486,Kolkata,5,5,On Time,120
O2004487,Pune,6,6,On Time,60
O2004488,Bengaluru,5,5,On Time,100
O2004489,Delhi NCR,3,3,On Time,40
O2004490,Pune,3,3,On Time,80
O2004491,Mumbai,7,7,On Time,150
O2004492,Delhi NCR,3,3,On Time,60
O2004493,Bengaluru,4,4,On Time,0
O2004494,Pune,2,1,On Time,40
O2004495,Pune,3,2,On Time,0
O2004496,Bengaluru,4,4,On Time,0
O2004497,Bengaluru,1,2,Late,0
O2004498,Pune,4,4,On Time,60
O2004499,Mumbai,1,1,On Time,150
O2004500,Delhi NCR,6,6,On Time,0
O2004501,Bengaluru,2,2,On Time,0
O2004502,Hyderabad,4,4,On Time,40
O2004503,Delhi NCR,2,2,On Time,80
O2004504,Pune,3,3,On Time,80
O2004505,Pune,3,4,Late,120
O2004506,Bengaluru,7,8,Late,80
O2004507,Kolkata,6,6,On Time,0
O2004508,Bengaluru,1,1,On Time,80
O2004509,Kolkata,6,9,Late,100
O2004510,Mumbai,2,2,On Time,60
O2004511,Delhi NCR,4,4,On Time,60
O2004512,Delhi NCR,4,4,On Time,60
O2004513,Hyderabad,4,4,On Time,80
O2004514,Pune,3,3,On Time,120
O2004515,Bengaluru,4,6,Late,60
O2004516,Bengaluru,1,1,On Time,60
O2004517,Mumbai,3,4,Late,80
O2004518,Delhi NCR,3,3,On Time,80
O2004519,Pune,4,4,On Time,40
O2004520,Delhi NCR,3,4,Late,80
O2004521,Pune,3,3,On Time,60
O2004522,Hyderabad,7,8,Late,0
O2004523,Pune,4,5,Late,150
O2004524,Delhi NCR,3,3,On Time,60
O2004525,Kolkata,4,4,On Time,120
O2004526,Mumbai,2,3,Late,100
O2004527,Pune,7,7,On Time,120
O2004528,Delhi NCR,6,5,On Time,100
O2004529,Bengaluru,5,6,Late,0
O2004530,Delhi NCR,2,2,On Time,120
O2004531,Bengaluru,6,6,On Time,40
O2004532,Pune,7,9,Late,40
O2004533,Pune,2,2,On Time,40
O2004534,Kolkata,5,5,On Time,120
O2004535,Kolkata,4,3,On Time,0
O2004536,Pune,4,4,On Time,100
O2004537,Mumbai,3,3,On Time,80
O2004538,Hyderabad,7,7,On Time,100
O2004539,Hyderabad,5,5,On Time,150
O2004540,Hyderabad,3,3,On Time,60
O2004541,Hyderabad,4,6,Late,120
O2004542,Delhi NCR,4,4,On Time,0
O2004543,Pune,1,1,On Time,0
O2004544,Kolkata,4,4,On Time,80
O2004545,Hyderabad,4,4,On Time,40
O2004546,Mumbai,6,6,On Time,40
O2004547,Hyderabad,4,4,On Time,60
O2004548,Delhi NCR,2,2,On Time,60
O2004549,Pune,2,2,On Time,40
O2004550,Mumbai,4,4,On Time,0
O2004551,Kolkata,2,5,Late,0
O2004552,Hyderabad,5,5,On Time,80
O2004553,Mumbai,4,4,On Time,60
O2004554,Delhi NCR,3,3,On Time,100
O2004555,Hyderabad,5,6,Late,60
O2004556,Bengaluru,5,5,On Time,60
O2004557,Delhi NCR,3,3,On Time,100
O2004558,Delhi NCR,6,5,On Time,60
