Order_ID,Session_ID,Customer_ID,Product_ID,Order_Date,Quantity,Payment_Method,Price,Cost,Discount_Percent,Gross_Amount,Discount_Amount,Revenue,Order_Status
O2000001,S1000012,CUST104423,P10233,2026-02-21,1,Debit Card,1746,1303.96,25,1746,436.5,1309.5,Delivered
O2000002,S1000013,CUST100644,P10164,2026-02-23,2,Credit Card,1457,948.54,30,2914,874.2,2039.8,Delivered
O2000003,S1000020,CUST101386,P10154,2026-04-05,1,Wallet,19267,15018.89,5,19267,963.35,18303.65,Delivered
O2000004,S1000037,CUST101450,P10223,2026-04-23,1,UPI,38523,24402.87,15,38523,5778.45,32744.55,Delivered
O2000005,S1000043,CUST101731,P10107,2026-02-26,2,COD,6047,3588.8,15,12094,1814.1,10279.9,Delivered
O2000006,S1000051,CUST102219,P10187,2026-03-13,1,Debit Card,21453,15652.9,5,21453,1072.65,20380.35,Delivered
O2000007,S1000079,CUST103107,P10038,2026-02-14,2,Credit Card,3461,2654.94,10,6922,692.2,6229.8,Delivered
O2000008,S1000083,CUST102574,P10055,2026-03-18,1,UPI,1514,1082.05,0,1514,0.0,1514.0,Delivered
O2000009,S1000088,CUST103173,P10182,2026-05-03,1,Credit Card,7588,5180.35,10,7588,758.8,6829.2,Delivered
O2000010,S1000099,CUST102470,P10266,2026-02-19,3,UPI,4990,3619.71,0,14970,0.0,14970.0,Delivered
O2000011,S1000103,CUST101591,P10211,2026-03-29,2,Debit Card,3579,2686.65,25,7158,1789.5,5368.5,Cancelled
O2000012,S1000106,CUST101069,P10071,2026-02-19,1,UPI,66043,44363.13,30,66043,19812.9,46230.1,Delivered
O2000013,S1000108,CUST103650,P10119,2026-01-01,2,COD,3523,2590.41,20,7046,1409.2,5636.8,Cancelled
O2000014,S1000123,CUST101090,P10263,2026-02-18,1,Debit Card,56908,38354.98,5,56908,2845.4,54062.6,Delivered
O2000015,S1000135,CUST100902,P10234,2026-04-19,2,UPI,36971,27562.66,0,73942,0.0,73942.0,Delivered
O2000016,S1000139,CUST101820,P10083,2026-04-10,1,COD,8198,4446.32,10,8198,819.8,7378.2,Delivered
O2000017,S1000142,CUST103908,P10061,2026-03-08,3,Credit Card,6549,4234.25,30,19647,5894.1,13752.9,Delivered
O2000018,S1000153,CUST101509,P10249,2026-06-25,2,Credit Card,8991,5130.06,5,17982,899.1,17082.9,Delivered
O2000019,S1000155,CUST104559,P10244,2026-02-09,1,Debit Card,22780,13006.79,0,22780,0.0,22780.0,Delivered
O2000020,S1000166,CUST104593,P10276,2026-05-27,1,Debit Card,13124,7781.19,10,13124,1312.4,11811.6,Delivered
O2000021,S1000168,CUST101904,P10292,2026-05-13,2,UPI,8378,5862.46,0,16756,0.0,16756.0,Cancelled
O2000022,S1000170,CUST100936,P10091,2026-02-23,2,Credit Card,8871,6703.6,5,17742,887.1,16854.9,Delivered
O2000023,S1000171,CUST101269,P10152,2026-01-12,2,Credit Card,5488,3309.39,10,10976,1097.6,9878.4,Delivered
O2000024,S1000179,CUST101828,P10178,2026-06-14,2,UPI,1278,832.47,0,2556,0.0,2556.0,Delivered
O2000025,S1000184,CUST104308,P10155,2026-03-08,1,UPI,16320,8969.89,15,16320,2448.0,13872.0,Cancelled
O2000026,S1000187,CUST100178,P10073,2026-06-13,3,Net Banking,6709,5226.32,15,20127,3019.05,17107.95,Delivered
O2000027,S1000190,CUST102037,P10100,2026-01-25,2,UPI,22483,16903.72,10,44966,4496.6,40469.4,Cancelled
O2000028,S1000208,CUST101209,P10055,2026-03-02,1,Debit Card,1514,1082.05,15,1514,227.1,1286.9,Cancelled
O2000029,S1000209,CUST101859,P10156,2026-06-22,1,Credit Card,1637,916.11,0,1637,0.0,1637.0,Delivered
O2000030,S1000210,CUST102704,P10297,2026-05-02,2,UPI,26848,19890.05,15,53696,8054.4,45641.6,Delivered
O2000031,S1000212,CUST101114,P10238,2026-06-24,2,UPI,31827,19106.85,10,63654,6365.4,57288.6,Delivered
O2000032,S1000225,CUST102933,P10120,2026-06-15,1,COD,6871,5090.3,15,6871,1030.65,5840.35,Delivered
O2000033,S1000230,CUST101429,P10203,2026-01-21,2,COD,1532,987.74,10,3064,306.4,2757.6,Delivered
O2000034,S1000261,CUST100943,P10081,2026-05-28,1,UPI,4763,2816.9,0,4763,0.0,4763.0,Delivered
O2000035,S1000267,CUST102139,P10284,2026-03-01,1,Wallet,1898,1058.59,20,1898,379.6,1518.4,Delivered
O2000036,S1000268,CUST104390,P10197,2026-06-05,2,Net Banking,9663,6464.22,5,19326,966.3,18359.7,Delivered
O2000037,S1000274,CUST101111,P10006,2026-01-20,2,COD,2708,1571.31,10,5416,541.6,4874.4,Delivered
O2000038,S1000278,CUST104605,P10169,2026-05-18,2,Debit Card,3804,2836.87,0,7608,0.0,7608.0,Delivered
O2000039,S1000280,CUST104621,P10171,2026-04-27,1,UPI,8740,5130.1,10,8740,874.0,7866.0,Delivered
O2000040,S1000282,CUST100309,P10210,2026-02-12,2,Net Banking,12116,8357.65,10,24232,2423.2,21808.8,Delivered
O2000041,S1000284,CUST103353,P10202,2026-04-13,2,UPI,36183,20924.16,25,72366,18091.5,54274.5,Delivered
O2000042,S1000285,CUST101384,P10285,2026-05-09,3,UPI,56690,39870.19,30,170070,51021.0,119049.0,Delivered
O2000043,S1000307,CUST103601,P10161,2026-05-08,3,COD,642,377.78,0,1926,0.0,1926.0,Delivered
O2000044,S1000317,CUST102808,P10293,2026-06-28,2,Net Banking,3905,2327.97,0,7810,0.0,7810.0,Delivered
O2000045,S1000325,CUST102749,P10294,2026-03-26,3,COD,5617,4032.22,15,16851,2527.65,14323.35,Delivered
O2000046,S1000328,CUST103358,P10165,2026-03-21,1,UPI,3733,2768.55,15,3733,559.95,3173.05,Delivered
O2000047,S1000336,CUST103515,P10289,2026-01-21,1,COD,13420,8244.67,15,13420,2013.0,11407.0,Delivered
O2000048,S1000362,CUST100342,P10116,2026-01-23,3,UPI,7704,5390.51,10,23112,2311.2,20800.8,Delivered
O2000049,S1000372,CUST100302,P10205,2026-06-18,3,UPI,2967,1938.06,5,8901,445.05,8455.95,Delivered
O2000050,S1000373,CUST103104,P10162,2026-03-25,2,Debit Card,1909,1328.04,0,3818,0.0,3818.0,Delivered
O2000051,S1000374,CUST103841,P10036,2026-06-26,1,UPI,55094,40455.54,10,55094,5509.4,49584.6,Delivered
O2000052,S1000376,CUST101506,P10041,2026-06-11,1,Credit Card,6442,3659.95,10,6442,644.2,5797.8,Delivered
O2000053,S1000382,CUST104522,P10188,2026-01-09,1,COD,1125,605.0,5,1125,56.25,1068.75,Cancelled
O2000054,S1000387,CUST100178,P10194,2026-05-01,2,Debit Card,9552,5893.76,20,19104,3820.8,15283.2,Delivered
O2000055,S1000391,CUST102568,P10192,2026-02-22,1,Debit Card,897,502.88,10,897,89.7,807.3,Delivered
O2000056,S1000395,CUST102996,P10261,2026-02-26,2,UPI,10937,8376.17,10,21874,2187.4,19686.6,Delivered
O2000057,S1000410,CUST100338,P10077,2026-03-12,1,Credit Card,13761,7418.98,0,13761,0.0,13761.0,Delivered
O2000058,S1000452,CUST103894,P10036,2026-05-04,1,COD,55094,40455.54,15,55094,8264.1,46829.9,Cancelled
O2000059,S1000455,CUST104636,P10074,2026-01-15,1,UPI,7946,5564.84,0,7946,0.0,7946.0,Delivered
O2000060,S1000457,CUST103036,P10289,2026-02-18,1,UPI,13420,8244.67,15,13420,2013.0,11407.0,Delivered
O2000061,S1000465,CUST101442,P10114,2026-03-18,1,UPI,3443,2348.43,10,3443,344.3,3098.7,Delivered
O2000062,S1000468,CUST102157,P10047,2026-06-09,1,Debit Card,61871,39284.85,0,61871,0.0,61871.0,Delivered
O2000063,S1000470,CUST104397,P10026,2026-03-06,2,UPI,16626,9676.0,0,33252,0.0,33252.0,Delivered
O2000064,S1000477,CUST100478,P10041,2026-03-20,3,COD,6442,3659.95,25,19326,4831.5,14494.5,Delivered
O2000065,S1000484,CUST104541,P10133,2026-06-15,3,Wallet,8047,4254.17,5,24141,1207.05,22933.95,Delivered
O2000066,S1000492,CUST102486,P10071,2026-05-03,3,Credit Card,66043,44363.13,20,198129,39625.8,158503.2,Delivered
O2000067,S1000505,CUST104757,P10220,2026-02-01,1,Net Banking,4583,2718.39,5,4583,229.15,4353.85,Delivered
O2000068,S1000526,CUST103418,P10180,2026-02-19,1,COD,5318,3704.39,20,5318,1063.6,4254.4,Delivered
O2000069,S1000529,CUST103267,P10261,2026-06-10,2,Debit Card,10937,8376.17,30,21874,6562.2,15311.8,Delivered
O2000070,S1000531,CUST100875,P10062,2026-04-26,2,UPI,3742,2211.37,15,7484,1122.6,6361.4,Delivered
O2000071,S1000535,CUST103986,P10215,2026-05-10,2,UPI,2133,1449.01,10,4266,426.6,3839.4,Delivered
O2000072,S1000550,CUST101466,P10084,2026-06-04,1,COD,5330,2842.99,20,5330,1066.0,4264.0,Delivered
O2000073,S1000580,CUST104243,P10078,2026-02-17,1,Net Banking,2463,1414.05,0,2463,0.0,2463.0,Delivered
O2000074,S1000590,CUST102974,P10252,2026-03-30,2,Debit Card,12430,8332.71,20,24860,4972.0,19888.0,Delivered
O2000075,S1000595,CUST100267,P10180,2026-02-05,1,Debit Card,5318,3704.39,0,5318,0.0,5318.0,Delivered
O2000076,S1000599,CUST100480,P10205,2026-05-13,1,Credit Card,2967,1938.06,0,2967,0.0,2967.0,Delivered
O2000077,S1000611,CUST101894,P10150,2026-02-10,1,Net Banking,251,139.85,10,251,25.1,225.9,Delivered
O2000078,S1000614,CUST102387,P10213,2026-05-26,1,COD,9621,5332.56,10,9621,962.1,8658.9,Delivered
O2000079,S1000618,CUST103047,P10029,2026-03-26,1,Credit Card,33318,25283.28,5,33318,1665.9,31652.1,Delivered
O2000080,S1000628,CUST104207,P10088,2026-05-18,1,UPI,28130,21646.92,0,28130,0.0,28130.0,Delivered
O2000081,S1000629,CUST100813,P10062,2026-02-26,1,COD,3742,2211.37,10,3742,374.2,3367.8,Delivered
O2000082,S1000633,CUST104076,P10079,2026-04-25,2,UPI,61135,43823.72,10,122270,12227.0,110043.0,Delivered
O2000083,S1000649,CUST102114,P10163,2026-04-21,1,Debit Card,993,694.32,30,993,297.9,695.1,Delivered
O2000084,S1000657,CUST102940,P10180,2026-01-09,2,COD,5318,3704.39,15,10636,1595.4,9040.6,Delivered
O2000085,S1000658,CUST101013,P10297,2026-01-10,1,Credit Card,26848,19890.05,10,26848,2684.8,24163.2,Delivered
O2000086,S1000659,CUST104116,P10107,2026-03-10,3,COD,6047,3588.8,15,18141,2721.15,15419.85,Delivered
O2000087,S1000660,CUST103107,P10205,2026-06-15,1,UPI,2967,1938.06,15,2967,445.05,2521.95,Delivered
O2000088,S1000668,CUST100304,P10139,2026-03-05,1,UPI,848,614.49,25,848,212.0,636.0,Delivered
O2000089,S1000670,CUST101933,P10242,2026-01-31,2,Net Banking,1757,1230.79,0,3514,0.0,3514.0,Delivered
O2000090,S1000672,CUST104022,P10204,2026-02-02,2,Credit Card,29027,15561.91,10,58054,5805.4,52248.6,Delivered
O2000091,S1000674,CUST100809,P10057,2026-03-06,1,Credit Card,3407,1991.41,20,3407,681.4,2725.6,Delivered
O2000092,S1000676,CUST103952,P10119,2026-06-22,1,Credit Card,3523,2590.41,10,3523,352.3,3170.7,Delivered
O2000093,S1000678,CUST102293,P10291,2026-02-06,1,COD,5219,3450.45,10,5219,521.9,4697.1,Delivered
O2000094,S1000684,CUST101263,P10284,2026-04-18,2,COD,1898,1058.59,10,3796,379.6,3416.4,Delivered
O2000095,S1000688,CUST102932,P10164,2026-06-16,1,COD,1457,948.54,5,1457,72.85,1384.15,Delivered
O2000096,S1000707,CUST101417,P10150,2026-04-04,1,Debit Card,251,139.85,15,251,37.65,213.35,Delivered
O2000097,S1000711,CUST101902,P10247,2026-04-12,3,Debit Card,5626,3385.81,20,16878,3375.6,13502.4,Delivered
O2000098,S1000716,CUST104123,P10005,2026-04-07,2,Net Banking,8334,4443.06,5,16668,833.4,15834.6,Delivered
O2000099,S1000740,CUST101117,P10105,2026-03-07,3,Debit Card,9875,6870.26,0,29625,0.0,29625.0,Delivered
O2000100,S1000742,CUST100534,P10277,2026-05-23,1,Net Banking,3998,2912.65,5,3998,199.9,3798.1,Cancelled
O2000101,S1000744,CUST102989,P10142,2026-04-11,2,UPI,68955,39692.83,20,137910,27582.0,110328.0,Delivered
O2000102,S1000748,CUST100532,P10234,2026-05-03,2,Debit Card,36971,27562.66,5,73942,3697.1,70244.9,Delivered
O2000103,S1000757,CUST101549,P10075,2026-03-01,1,COD,2665,1597.46,5,2665,133.25,2531.75,Delivered
O2000104,S1000762,CUST104832,P10145,2026-05-04,1,UPI,872,606.55,30,872,261.6,610.4,Delivered
O2000105,S1000778,CUST101344,P10029,2026-03-07,1,Net Banking,33318,25283.28,10,33318,3331.8,29986.2,Delivered
O2000106,S1000793,CUST102680,P10252,2026-06-28,1,Debit Card,12430,8332.71,15,12430,1864.5,10565.5,Cancelled
O2000107,S1000797,CUST102097,P10175,2026-05-06,1,Credit Card,2611,1496.48,10,2611,261.1,2349.9,Delivered
O2000108,S1000802,CUST104975,P10058,2026-02-19,2,UPI,2769,1771.56,10,5538,553.8,4984.2,Cancelled
O2000109,S1000816,CUST101528,P10196,2026-05-29,1,Debit Card,659,488.2,5,659,32.95,626.05,Delivered
O2000110,S1000821,CUST104748,P10092,2026-03-08,1,UPI,64365,33832.13,20,64365,12873.0,51492.0,Delivered
O2000111,S1000829,CUST102143,P10059,2026-02-27,1,Debit Card,281,149.03,5,281,14.05,266.95,Delivered
O2000112,S1000830,CUST103389,P10240,2026-03-17,1,COD,12093,7882.85,15,12093,1813.95,10279.05,Cancelled
O2000113,S1000839,CUST104357,P10228,2026-03-26,1,Credit Card,5785,4065.12,10,5785,578.5,5206.5,Delivered
O2000114,S1000846,CUST104813,P10065,2026-03-13,1,Credit Card,3554,2097.11,10,3554,355.4,3198.6,Delivered
O2000115,S1000861,CUST104572,P10009,2026-01-25,1,UPI,3303,1915.96,5,3303,165.15,3137.85,Delivered
O2000116,S1000866,CUST101204,P10161,2026-06-22,3,Debit Card,642,377.78,0,1926,0.0,1926.0,Delivered
O2000117,S1000868,CUST100406,P10255,2026-02-21,2,UPI,9514,5100.94,5,19028,951.4,18076.6,Delivered
O2000118,S1000873,CUST100163,P10214,2026-03-26,3,COD,29722,18648.85,15,89166,13374.9,75791.1,Delivered
O2000119,S1000879,CUST100399,P10113,2026-01-17,2,UPI,1248,771.21,10,2496,249.6,2246.4,Delivered
O2000120,S1000880,CUST103587,P10016,2026-05-16,1,UPI,29684,19540.47,20,29684,5936.8,23747.2,Delivered
O2000121,S1000883,CUST103131,P10250,2026-02-17,1,Credit Card,3881,2347.37,25,3881,970.25,2910.75,Delivered
O2000122,S1000884,CUST102797,P10048,2026-03-29,2,UPI,10082,5617.48,0,20164,0.0,20164.0,Delivered
O2000123,S1000892,CUST102107,P10298,2026-06-21,3,Wallet,28854,21164.5,20,86562,17312.4,69249.6,Delivered
O2000124,S1000894,CUST101088,P10279,2026-05-19,2,Debit Card,2276,1649.23,5,4552,227.6,4324.4,Delivered
O2000125,S1000895,CUST101143,P10261,2026-06-17,1,COD,10937,8376.17,15,10937,1640.55,9296.45,Delivered
O2000126,S1000908,CUST101029,P10169,2026-01-08,2,UPI,3804,2836.87,20,7608,1521.6,6086.4,Delivered
O2000127,S1000912,CUST101856,P10173,2026-02-27,1,Net Banking,5988,3980.65,15,5988,898.2,5089.8,Delivered
O2000128,S1000925,CUST100028,P10013,2026-01-30,1,Credit Card,21186,12092.0,5,21186,1059.3,20126.7,Delivered
O2000129,S1000933,CUST100375,P10289,2026-06-28,1,UPI,13420,8244.67,10,13420,1342.0,12078.0,Delivered
O2000130,S1000935,CUST103046,P10022,2026-01-01,2,Debit Card,63437,46017.35,10,126874,12687.4,114186.6,Delivered
O2000131,S1000943,CUST104373,P10085,2026-01-25,3,Debit Card,1989,1381.25,0,5967,0.0,5967.0,Delivered
O2000132,S1000948,CUST101010,P10195,2026-02-08,2,Debit Card,7539,5346.62,0,15078,0.0,15078.0,Delivered
O2000133,S1000949,CUST103850,P10289,2026-05-11,1,UPI,13420,8244.67,30,13420,4026.0,9394.0,Delivered
O2000134,S1000959,CUST103593,P10268,2026-02-10,1,COD,4912,2724.22,15,4912,736.8,4175.2,Delivered
O2000135,S1000962,CUST102936,P10191,2026-03-24,1,UPI,3889,2670.53,15,3889,583.35,3305.65,Delivered
O2000136,S1000974,CUST104623,P10133,2026-01-06,1,Net Banking,8047,4254.17,15,8047,1207.05,6839.95,Delivered
O2000137,S1000978,CUST101673,P10270,2026-04-24,2,UPI,996,636.03,20,1992,398.4,1593.6,Delivered
O2000138,S1000984,CUST101891,P10095,2026-03-18,1,UPI,5142,3088.55,0,5142,0.0,5142.0,Delivered
O2000139,S1000990,CUST103103,P10217,2026-01-25,2,Net Banking,2763,1694.32,20,5526,1105.2,4420.8,Delivered
O2000140,S1000995,CUST100629,P10198,2026-01-24,1,Net Banking,32876,23438.24,5,32876,1643.8,31232.2,Delivered
O2000141,S1001010,CUST103920,P10295,2026-03-27,1,UPI,3907,2124.83,15,3907,586.05,3320.95,Delivered
O2000142,S1001020,CUST101048,P10251,2026-05-05,1,UPI,22462,11904.7,10,22462,2246.2,20215.8,Delivered
O2000143,S1001039,CUST101535,P10022,2026-03-14,1,UPI,63437,46017.35,30,63437,19031.1,44405.9,Delivered
O2000144,S1001055,CUST101338,P10232,2026-01-02,1,Debit Card,769,438.83,0,769,0.0,769.0,Delivered
O2000145,S1001079,CUST104424,P10105,2026-06-27,3,UPI,9875,6870.26,10,29625,2962.5,26662.5,Delivered
O2000146,S1001082,CUST102393,P10152,2026-06-23,1,Debit Card,5488,3309.39,15,5488,823.2,4664.8,Delivered
O2000147,S1001085,CUST104658,P10069,2026-04-26,2,Credit Card,15591,10193.15,30,31182,9354.6,21827.4,Delivered
O2000148,S1001088,CUST103063,P10194,2026-03-14,1,Net Banking,9552,5893.76,5,9552,477.6,9074.4,Delivered
O2000149,S1001089,CUST104763,P10234,2026-03-03,1,Debit Card,36971,27562.66,0,36971,0.0,36971.0,Delivered
O2000150,S1001097,CUST104417,P10103,2026-06-25,1,UPI,24644,14282.92,25,24644,6161.0,18483.0,Delivered
O2000151,S1001100,CUST103866,P10066,2026-04-01,1,Wallet,3823,2537.87,0,3823,0.0,3823.0,Delivered
O2000152,S1001119,CUST102191,P10220,2026-06-22,1,Credit Card,4583,2718.39,15,4583,687.45,3895.55,Delivered
O2000153,S1001144,CUST103158,P10106,2026-04-07,1,Credit Card,3396,2604.41,5,3396,169.8,3226.2,Delivered
O2000154,S1001150,CUST102419,P10015,2026-01-25,2,Wallet,11273,6404.53,25,22546,5636.5,16909.5,Delivered
O2000155,S1001152,CUST102899,P10294,2026-05-20,1,Wallet,5617,4032.22,10,5617,561.7,5055.3,Delivered
O2000156,S1001157,CUST103412,P10116,2026-05-11,2,UPI,7704,5390.51,15,15408,2311.2,13096.8,Delivered
O2000157,S1001160,CUST102574,P10004,2026-06-10,2,UPI,4027,3077.25,15,8054,1208.1,6845.9,Cancelled
O2000158,S1001177,CUST104569,P10080,2026-03-25,2,UPI,21455,12114.76,25,42910,10727.5,32182.5,Delivered
O2000159,S1001181,CUST102065,P10013,2026-06-17,2,UPI,21186,12092.0,15,42372,6355.8,36016.2,Delivered
O2000160,S1001186,CUST103229,P10106,2026-06-12,2,Net Banking,3396,2604.41,30,6792,2037.6,4754.4,Delivered
O2000161,S1001188,CUST103559,P10021,2026-03-03,1,COD,1105,826.21,10,1105,110.5,994.5,Delivered
O2000162,S1001190,CUST100693,P10203,2026-04-09,1,UPI,1532,987.74,0,1532,0.0,1532.0,Delivered
O2000163,S1001193,CUST103038,P10232,2026-06-08,2,UPI,769,438.83,0,1538,0.0,1538.0,Delivered
O2000164,S1001195,CUST101275,P10292,2026-02-07,2,UPI,8378,5862.46,0,16756,0.0,16756.0,Cancelled
O2000165,S1001206,CUST102037,P10219,2026-05-13,1,Credit Card,10171,5453.76,5,10171,508.55,9662.45,Delivered
O2000166,S1001218,CUST100711,P10144,2026-02-04,2,Net Banking,1810,1018.16,15,3620,543.0,3077.0,Delivered
O2000167,S1001219,CUST104168,P10191,2026-03-31,1,Net Banking,3889,2670.53,15,3889,583.35,3305.65,Cancelled
O2000168,S1001224,CUST103333,P10080,2026-06-21,2,Credit Card,21455,12114.76,10,42910,4291.0,38619.0,Cancelled
O2000169,S1001237,CUST100264,P10268,2026-05-03,1,Credit Card,4912,2724.22,0,4912,0.0,4912.0,Delivered
O2000170,S1001252,CUST103439,P10032,2026-01-08,2,COD,1783,1149.52,20,3566,713.2,2852.8,Delivered
O2000171,S1001257,CUST104991,P10297,2026-02-22,3,UPI,26848,19890.05,10,80544,8054.4,72489.6,Delivered
O2000172,S1001263,CUST102134,P10057,2026-04-08,2,UPI,3407,1991.41,15,6814,1022.1,5791.9,Delivered
O2000173,S1001272,CUST101327,P10185,2026-06-01,3,Wallet,1404,1040.82,10,4212,421.2,3790.8,Delivered
O2000174,S1001294,CUST100981,P10186,2026-02-18,2,Debit Card,47740,30071.34,25,95480,23870.0,71610.0,Delivered
O2000175,S1001298,CUST102672,P10262,2026-03-19,2,UPI,2779,1969.59,15,5558,833.7,4724.3,Delivered
O2000176,S1001301,CUST100194,P10053,2026-03-04,1,Debit Card,6492,4790.14,0,6492,0.0,6492.0,Delivered
O2000177,S1001309,CUST100574,P10260,2026-01-07,2,UPI,3589,2211.57,15,7178,1076.7,6101.3,Delivered
O2000178,S1001310,CUST101538,P10015,2026-03-02,3,COD,11273,6404.53,10,33819,3381.9,30437.1,Delivered
O2000179,S1001331,CUST100156,P10112,2026-05-08,1,COD,35103,24960.42,5,35103,1755.15,33347.85,Delivered
O2000180,S1001332,CUST103354,P10073,2026-06-10,2,UPI,6709,5226.32,0,13418,0.0,13418.0,Delivered
O2000181,S1001334,CUST102918,P10111,2026-05-28,3,Debit Card,840,508.05,0,2520,0.0,2520.0,Delivered
O2000182,S1001338,CUST100450,P10291,2026-01-17,1,Credit Card,5219,3450.45,15,5219,782.85,4436.15,Cancelled
O2000183,S1001339,CUST104850,P10024,2026-06-23,3,COD,2013,1231.69,25,6039,1509.75,4529.25,Delivered
O2000184,S1001345,CUST103592,P10007,2026-01-10,1,UPI,12557,8910.74,0,12557,0.0,12557.0,Delivered
O2000185,S1001356,CUST104821,P10044,2026-02-16,1,Debit Card,49345,36903.93,0,49345,0.0,49345.0,Delivered
O2000186,S1001363,CUST103213,P10164,2026-05-06,1,Credit Card,1457,948.54,25,1457,364.25,1092.75,Delivered
O2000187,S1001387,CUST103670,P10109,2026-01-29,2,Credit Card,9721,6690.28,0,19442,0.0,19442.0,Delivered
O2000188,S1001393,CUST103495,P10217,2026-06-01,3,UPI,2763,1694.32,30,8289,2486.7,5802.3,Delivered
O2000189,S1001397,CUST101824,P10233,2026-02-13,1,UPI,1746,1303.96,25,1746,436.5,1309.5,Delivered
O2000190,S1001400,CUST100089,P10190,2026-05-20,2,Debit Card,36819,20149.38,0,73638,0.0,73638.0,Delivered
O2000191,S1001403,CUST103512,P10225,2026-04-19,2,COD,3616,2332.12,10,7232,723.2,6508.8,Delivered
O2000192,S1001407,CUST100865,P10118,2026-03-21,2,Credit Card,778,546.17,25,1556,389.0,1167.0,Delivered
O2000193,S1001411,CUST100558,P10029,2026-05-23,1,Wallet,33318,25283.28,20,33318,6663.6,26654.4,Delivered
O2000194,S1001420,CUST100092,P10121,2026-01-23,2,Debit Card,3072,2175.95,5,6144,307.2,5836.8,Delivered
O2000195,S1001426,CUST100102,P10242,2026-04-27,1,UPI,1757,1230.79,0,1757,0.0,1757.0,Delivered
O2000196,S1001429,CUST104931,P10217,2026-03-14,1,UPI,2763,1694.32,20,2763,552.6,2210.4,Delivered
O2000197,S1001430,CUST101679,P10165,2026-03-08,1,Wallet,3733,2768.55,20,3733,746.6,2986.4,Delivered
O2000198,S1001440,CUST104063,P10042,2026-04-27,1,UPI,8220,6349.45,0,8220,0.0,8220.0,Delivered
O2000199,S1001441,CUST103114,P10156,2026-03-12,2,Debit Card,1637,916.11,10,3274,327.4,2946.6,Delivered
O2000200,S1001445,CUST102255,P10128,2026-01-16,1,Wallet,41039,31852.39,15,41039,6155.85,34883.15,Delivered
O2000201,S1001448,CUST104133,P10294,2026-02-11,3,COD,5617,4032.22,10,16851,1685.1,15165.9,Delivered
O2000202,S1001459,CUST104914,P10095,2026-04-27,1,UPI,5142,3088.55,15,5142,771.3,4370.7,Delivered
O2000203,S1001478,CUST101517,P10019,2026-04-11,1,UPI,1375,924.9,5,1375,68.75,1306.25,Cancelled
O2000204,S1001487,CUST104062,P10141,2026-03-13,3,UPI,8126,5924.94,0,24378,0.0,24378.0,Delivered
O2000205,S1001492,CUST101496,P10128,2026-05-14,1,UPI,41039,31852.39,0,41039,0.0,41039.0,Delivered
O2000206,S1001497,CUST100065,P10250,2026-04-22,1,COD,3881,2347.37,20,3881,776.2,3104.8,Delivered
O2000207,S1001519,CUST101922,P10034,2026-05-20,2,COD,4761,3270.38,10,9522,952.2,8569.8,Delivered
O2000208,S1001523,CUST101479,P10070,2026-03-24,1,Credit Card,2321,1233.32,10,2321,232.1,2088.9,Delivered
O2000209,S1001525,CUST104198,P10096,2026-01-20,3,Debit Card,22742,15269.86,0,68226,0.0,68226.0,Delivered
O2000210,S1001531,CUST100572,P10256,2026-02-28,2,UPI,3768,2771.04,0,7536,0.0,7536.0,Delivered
O2000211,S1001537,CUST103746,P10090,2026-04-21,1,Wallet,7588,4498.47,0,7588,0.0,7588.0,Delivered
O2000212,S1001545,CUST104051,P10257,2026-06-29,2,Credit Card,988,536.3,0,1976,0.0,1976.0,Delivered
O2000213,S1001551,CUST103829,P10235,2026-01-20,3,Debit Card,68950,50389.39,15,206850,31027.5,175822.5,Delivered
O2000214,S1001555,CUST102911,P10248,2026-04-16,3,UPI,7477,5791.69,10,22431,2243.1,20187.9,Delivered
O2000215,S1001574,CUST102569,P10096,2026-01-13,3,UPI,22742,15269.86,10,68226,6822.6,61403.4,Delivered
O2000216,S1001590,CUST102053,P10067,2026-05-20,2,Debit Card,2119,1108.48,5,4238,211.9,4026.1,Delivered
O2000217,S1001604,CUST103896,P10069,2026-01-03,2,UPI,15591,10193.15,15,31182,4677.3,26504.7,Delivered
O2000218,S1001609,CUST104326,P10108,2026-03-19,2,Net Banking,4124,2828.95,0,8248,0.0,8248.0,Delivered
O2000219,S1001617,CUST102915,P10241,2026-04-20,1,UPI,1644,984.23,0,1644,0.0,1644.0,Delivered
O2000220,S1001620,CUST102046,P10273,2026-01-15,1,Net Banking,48027,33244.33,15,48027,7204.05,40822.95,Delivered
O2000221,S1001636,CUST100264,P10100,2026-05-18,1,COD,22483,16903.72,10,22483,2248.3,20234.7,Delivered
O2000222,S1001643,CUST104930,P10039,2026-06-01,1,UPI,5709,3603.27,15,5709,856.35,4852.65,Delivered
O2000223,S1001653,CUST104252,P10242,2026-01-14,1,UPI,1757,1230.79,20,1757,351.4,1405.6,Delivered
O2000224,S1001665,CUST103652,P10096,2026-01-06,1,UPI,22742,15269.86,15,22742,3411.3,19330.7,Delivered
O2000225,S1001672,CUST103465,P10162,2026-06-15,3,Credit Card,1909,1328.04,5,5727,286.35,5440.65,Delivered
O2000226,S1001674,CUST100530,P10056,2026-01-14,2,Debit Card,4152,2410.64,15,8304,1245.6,7058.4,Delivered
O2000227,S1001680,CUST100294,P10264,2026-06-17,3,COD,9463,6731.14,0,28389,0.0,28389.0,Delivered
O2000228,S1001694,CUST102954,P10099,2026-03-01,2,Net Banking,12825,8888.83,5,25650,1282.5,24367.5,Delivered
O2000229,S1001722,CUST100929,P10088,2026-04-17,3,UPI,28130,21646.92,25,84390,21097.5,63292.5,Delivered
O2000230,S1001723,CUST101427,P10280,2026-05-18,1,Credit Card,2303,1356.82,0,2303,0.0,2303.0,Delivered
O2000231,S1001729,CUST104098,P10198,2026-04-16,2,UPI,32876,23438.24,20,65752,13150.4,52601.6,Delivered
O2000232,S1001743,CUST103498,P10288,2026-06-20,1,Net Banking,61529,36961.24,15,61529,9229.35,52299.65,Delivered
O2000233,S1001755,CUST103062,P10152,2026-01-23,1,UPI,5488,3309.39,15,5488,823.2,4664.8,Delivered
O2000234,S1001757,CUST101404,P10218,2026-06-28,2,UPI,46613,31735.95,0,93226,0.0,93226.0,Delivered
O2000235,S1001766,CUST103444,P10031,2026-02-03,3,UPI,7685,4018.41,10,23055,2305.5,20749.5,Delivered
O2000236,S1001770,CUST102024,P10035,2026-06-09,2,COD,15880,9770.01,25,31760,7940.0,23820.0,Delivered
O2000237,S1001772,CUST104513,P10175,2026-05-04,1,UPI,2611,1496.48,30,2611,783.3,1827.7,Delivered
O2000238,S1001775,CUST103338,P10134,2026-04-11,1,COD,1548,1032.95,30,1548,464.4,1083.6,Delivered
O2000239,S1001777,CUST100988,P10100,2026-06-29,3,UPI,22483,16903.72,25,67449,16862.25,50586.75,Delivered
O2000240,S1001792,CUST100113,P10046,2026-03-21,1,Credit Card,6966,5023.33,10,6966,696.6,6269.4,Delivered
O2000241,S1001801,CUST102237,P10102,2026-04-15,3,Wallet,1713,1304.26,15,5139,770.85,4368.15,Delivered
O2000242,S1001808,CUST101697,P10278,2026-05-02,2,UPI,771,402.83,15,1542,231.3,1310.7,Delivered
O2000243,S1001810,CUST104666,P10041,2026-03-23,2,Net Banking,6442,3659.95,20,12884,2576.8,10307.2,Delivered
O2000244,S1001820,CUST100402,P10047,2026-06-04,2,COD,61871,39284.85,10,123742,12374.2,111367.8,Delivered
O2000245,S1001824,CUST100106,P10273,2026-03-21,1,UPI,48027,33244.33,25,48027,12006.75,36020.25,Delivered
O2000246,S1001832,CUST103283,P10131,2026-02-03,1,Debit Card,17602,13555.92,5,17602,880.1,16721.9,Delivered
O2000247,S1001835,CUST100453,P10048,2026-01-11,1,COD,10082,5617.48,20,10082,2016.4,8065.6,Delivered
O2000248,S1001850,CUST103692,P10297,2026-04-23,3,COD,26848,19890.05,0,80544,0.0,80544.0,Delivered
O2000249,S1001853,CUST103282,P10109,2026-01-30,3,COD,9721,6690.28,20,29163,5832.6,23330.4,Delivered
O2000250,S1001868,CUST102928,P10277,2026-05-15,1,COD,3998,2912.65,15,3998,599.7,3398.3,Delivered
O2000251,S1001873,CUST102319,P10023,2026-03-27,1,COD,7904,4640.7,15,7904,1185.6,6718.4,Delivered
O2000252,S1001875,CUST101784,P10236,2026-02-09,2,Net Banking,854,611.4,0,1708,0.0,1708.0,Cancelled
O2000253,S1001876,CUST101876,P10036,2026-04-10,3,Debit Card,55094,40455.54,10,165282,16528.2,148753.8,Delivered
O2000254,S1001884,CUST100425,P10292,2026-01-24,1,Credit Card,8378,5862.46,20,8378,1675.6,6702.4,Delivered
O2000255,S1001886,CUST102471,P10121,2026-06-07,2,Debit Card,3072,2175.95,15,6144,921.6,5222.4,Delivered
O2000256,S1001889,CUST101684,P10169,2026-04-09,2,Net Banking,3804,2836.87,20,7608,1521.6,6086.4,Delivered
O2000257,S1001892,CUST104062,P10026,2026-05-28,2,UPI,16626,9676.0,0,33252,0.0,33252.0,Delivered
O2000258,S1001894,CUST103652,P10030,2026-04-24,2,UPI,9973,7238.98,10,19946,1994.6,17951.4,Delivered
O2000259,S1001911,CUST102276,P10086,2026-06-18,3,Credit Card,16998,12423.12,10,50994,5099.4,45894.6,Delivered
O2000260,S1001912,CUST104802,P10155,2026-04-17,1,UPI,16320,8969.89,0,16320,0.0,16320.0,Delivered
O2000261,S1001913,CUST101816,P10038,2026-06-19,2,UPI,3461,2654.94,0,6922,0.0,6922.0,Delivered
O2000262,S1001926,CUST103253,P10102,2026-04-17,2,Debit Card,1713,1304.26,10,3426,342.6,3083.4,Delivered
O2000263,S1001938,CUST101603,P10187,2026-01-08,1,Debit Card,21453,15652.9,20,21453,4290.6,17162.4,Delivered
O2000264,S1001939,CUST103283,P10244,2026-04-10,3,UPI,22780,13006.79,5,68340,3417.0,64923.0,Delivered
O2000265,S1001943,CUST103834,P10206,2026-06-27,1,Net Banking,5268,3248.49,25,5268,1317.0,3951.0,Delivered
O2000266,S1001950,CUST102623,P10054,2026-04-13,1,UPI,231,167.07,0,231,0.0,231.0,Delivered
O2000267,S1001957,CUST100161,P10258,2026-03-11,1,Net Banking,5885,4538.6,25,5885,1471.25,4413.75,Delivered
O2000268,S1001958,CUST102188,P10299,2026-04-02,2,UPI,4035,2703.81,0,8070,0.0,8070.0,Delivered
O2000269,S1001960,CUST101484,P10004,2026-02-21,2,Credit Card,4027,3077.25,25,8054,2013.5,6040.5,Delivered
O2000270,S1001964,CUST101909,P10148,2026-01-21,2,Debit Card,11870,6486.2,30,23740,7122.0,16618.0,Delivered
O2000271,S1001971,CUST102288,P10266,2026-04-10,1,COD,4990,3619.71,20,4990,998.0,3992.0,Delivered
O2000272,S1001973,CUST103175,P10080,2026-06-03,1,Debit Card,21455,12114.76,0,21455,0.0,21455.0,Cancelled
O2000273,S1001990,CUST102059,P10215,2026-03-22,1,UPI,2133,1449.01,15,2133,319.95,1813.05,Delivered
O2000274,S1001995,CUST102455,P10170,2026-05-11,2,Debit Card,1224,694.2,10,2448,244.8,2203.2,Delivered
O2000275,S1002000,CUST102832,P10128,2026-06-07,1,Net Banking,41039,31852.39,10,41039,4103.9,36935.1,Cancelled
O2000276,S1002004,CUST102967,P10196,2026-01-30,2,UPI,659,488.2,10,1318,131.8,1186.2,Delivered
O2000277,S1002018,CUST102061,P10178,2026-01-21,1,COD,1278,832.47,10,1278,127.8,1150.2,Delivered
O2000278,S1002021,CUST100881,P10182,2026-06-24,1,Credit Card,7588,5180.35,10,7588,758.8,6829.2,Delivered
O2000279,S1002022,CUST100839,P10241,2026-05-19,1,Credit Card,1644,984.23,5,1644,82.2,1561.8,Delivered
O2000280,S1002023,CUST100752,P10256,2026-04-09,3,Debit Card,3768,2771.04,10,11304,1130.4,10173.6,Delivered
O2000281,S1002026,CUST104828,P10220,2026-06-05,2,Net Banking,4583,2718.39,0,9166,0.0,9166.0,Delivered
O2000282,S1002027,CUST104712,P10028,2026-06-19,1,Net Banking,5932,3311.67,5,5932,296.6,5635.4,Delivered
O2000283,S1002028,CUST103504,P10216,2026-06-29,1,COD,26876,16855.26,30,26876,8062.8,18813.2,Delivered
O2000284,S1002035,CUST104342,P10011,2026-02-18,2,UPI,5109,2851.33,0,10218,0.0,10218.0,Delivered
O2000285,S1002040,CUST103743,P10190,2026-06-07,1,COD,36819,20149.38,25,36819,9204.75,27614.25,Delivered
O2000286,S1002048,CUST103294,P10107,2026-03-27,1,UPI,6047,3588.8,0,6047,0.0,6047.0,Delivered
O2000287,S1002052,CUST104225,P10099,2026-04-10,3,COD,12825,8888.83,10,38475,3847.5,34627.5,Delivered
O2000288,S1002066,CUST101978,P10173,2026-05-04,1,COD,5988,3980.65,15,5988,898.2,5089.8,Delivered
O2000289,S1002071,CUST100646,P10296,2026-05-06,1,Debit Card,3213,1902.94,5,3213,160.65,3052.35,Delivered
O2000290,S1002075,CUST103279,P10021,2026-03-31,1,Credit Card,1105,826.21,10,1105,110.5,994.5,Delivered
O2000291,S1002076,CUST102367,P10221,2026-05-04,2,Debit Card,31726,18312.58,5,63452,3172.6,60279.4,Delivered
O2000292,S1002084,CUST100946,P10110,2026-06-26,1,Credit Card,23464,16729.04,10,23464,2346.4,21117.6,Delivered
O2000293,S1002087,CUST102634,P10113,2026-06-13,2,UPI,1248,771.21,10,2496,249.6,2246.4,Delivered
O2000294,S1002089,CUST100890,P10046,2026-01-27,2,Debit Card,6966,5023.33,0,13932,0.0,13932.0,Delivered
O2000295,S1002093,CUST101965,P10209,2026-02-13,1,COD,5849,4391.18,25,5849,1462.25,4386.75,Delivered
O2000296,S1002094,CUST104052,P10223,2026-06-20,1,UPI,38523,24402.87,15,38523,5778.45,32744.55,Delivered
O2000297,S1002095,CUST102231,P10096,2026-02-24,1,Net Banking,22742,15269.86,20,22742,4548.4,18193.6,Delivered
O2000298,S1002099,CUST100438,P10289,2026-05-09,2,UPI,13420,8244.67,10,26840,2684.0,24156.0,Delivered
O2000299,S1002102,CUST103578,P10253,2026-02-12,1,UPI,843,526.49,20,843,168.6,674.4,Delivered
O2000300,S1002107,CUST101580,P10299,2026-01-02,1,Credit Card,4035,2703.81,10,4035,403.5,3631.5,Delivered
O2000301,S1002111,CUST104276,P10043,2026-03-03,1,UPI,1883,1280.93,25,1883,470.75,1412.25,Delivered
O2000302,S1002112,CUST102428,P10240,2026-02-24,3,Credit Card,12093,7882.85,0,36279,0.0,36279.0,Delivered
O2000303,S1002113,CUST102981,P10269,2026-01-29,1,Debit Card,940,703.74,25,940,235.0,705.0,Delivered
O2000304,S1002118,CUST101661,P10214,2026-01-16,1,UPI,29722,18648.85,5,29722,1486.1,28235.9,Delivered
O2000305,S1002126,CUST100413,P10042,2026-04-20,1,UPI,8220,6349.45,5,8220,411.0,7809.0,Delivered
O2000306,S1002134,CUST103841,P10200,2026-01-05,1,COD,2965,2065.76,20,2965,593.0,2372.0,Delivered
O2000307,S1002136,CUST102883,P10280,2026-04-10,1,Credit Card,2303,1356.82,10,2303,230.3,2072.7,Delivered
O2000308,S1002147,CUST104136,P10036,2026-01-13,2,Net Banking,55094,40455.54,30,110188,33056.4,77131.6,Delivered
O2000309,S1002151,CUST104988,P10188,2026-04-21,3,UPI,1125,605.0,30,3375,1012.5,2362.5,Delivered
O2000310,S1002157,CUST102457,P10014,2026-02-28,1,Net Banking,1140,671.82,15,1140,171.0,969.0,Cancelled
O2000311,S1002161,CUST104133,P10153,2026-06-09,2,UPI,1705,1045.99,10,3410,341.0,3069.0,Delivered
O2000312,S1002165,CUST102304,P10193,2026-05-02,2,Credit Card,49892,32028.99,5,99784,4989.2,94794.8,Delivered
O2000313,S1002174,CUST100811,P10289,2026-03-25,1,UPI,13420,8244.67,20,13420,2684.0,10736.0,Delivered
O2000314,S1002178,CUST101211,P10192,2026-04-04,2,Debit Card,897,502.88,30,1794,538.2,1255.8,Delivered
O2000315,S1002185,CUST102935,P10102,2026-02-24,1,Credit Card,1713,1304.26,5,1713,85.65,1627.35,Delivered
O2000316,S1002187,CUST101818,P10194,2026-02-06,3,UPI,9552,5893.76,25,28656,7164.0,21492.0,Delivered
O2000317,S1002188,CUST104320,P10074,2026-06-22,1,Debit Card,7946,5564.84,0,7946,0.0,7946.0,Delivered
O2000318,S1002189,CUST101276,P10292,2026-03-27,1,COD,8378,5862.46,10,8378,837.8,7540.2,Delivered
O2000319,S1002190,CUST103023,P10184,2026-02-08,3,UPI,45438,26626.58,0,136314,0.0,136314.0,Delivered
O2000320,S1002196,CUST102123,P10140,2026-04-11,1,Debit Card,24307,15572.5,5,24307,1215.35,23091.65,Delivered
O2000321,S1002213,CUST102784,P10136,2026-05-18,1,COD,5090,3231.92,20,5090,1018.0,4072.0,Delivered
O2000322,S1002216,CUST101777,P10060,2026-01-22,1,COD,5247,2849.56,10,5247,524.7,4722.3,Delivered
O2000323,S1002221,CUST100085,P10077,2026-01-18,2,UPI,13761,7418.98,5,27522,1376.1,26145.9,Delivered
O2000324,S1002226,CUST103837,P10263,2026-01-27,2,UPI,56908,38354.98,5,113816,5690.8,108125.2,Delivered
O2000325,S1002227,CUST101009,P10206,2026-06-13,1,COD,5268,3248.49,20,5268,1053.6,4214.4,Delivered
O2000326,S1002230,CUST104348,P10070,2026-06-05,1,Credit Card,2321,1233.32,30,2321,696.3,1624.7,Delivered
O2000327,S1002232,CUST101360,P10207,2026-01-07,2,Debit Card,176,95.69,20,352,70.4,281.6,Delivered
O2000328,S1002236,CUST104696,P10246,2026-03-28,1,Credit Card,12255,8674.13,5,12255,612.75,11642.25,Delivered
O2000329,S1002242,CUST101225,P10276,2026-02-23,2,Wallet,13124,7781.19,30,26248,7874.4,18373.6,Delivered
O2000330,S1002245,CUST100068,P10287,2026-06-24,1,Credit Card,409,292.05,10,409,40.9,368.1,Delivered
O2000331,S1002257,CUST100655,P10200,2026-06-22,3,Credit Card,2965,2065.76,5,8895,444.75,8450.25,Delivered
O2000332,S1002261,CUST102832,P10048,2026-06-23,3,Debit Card,10082,5617.48,10,30246,3024.6,27221.4,Delivered
O2000333,S1002262,CUST103409,P10042,2026-04-11,2,UPI,8220,6349.45,0,16440,0.0,16440.0,Delivered
O2000334,S1002275,CUST103644,P10064,2026-01-04,1,UPI,7246,5088.4,5,7246,362.3,6883.7,Delivered
O2000335,S1002276,CUST100368,P10180,2026-03-07,1,COD,5318,3704.39,10,5318,531.8,4786.2,Delivered
O2000336,S1002278,CUST102653,P10060,2026-04-04,2,Credit Card,5247,2849.56,15,10494,1574.1,8919.9,Delivered
O2000337,S1002280,CUST102984,P10039,2026-05-27,3,COD,5709,3603.27,15,17127,2569.05,14557.95,Delivered
O2000338,S1002291,CUST101783,P10217,2026-06-10,2,Credit Card,2763,1694.32,25,5526,1381.5,4144.5,Delivered
O2000339,S1002301,CUST100471,P10126,2026-03-31,2,COD,2344,1625.06,10,4688,468.8,4219.2,Delivered
O2000340,S1002315,CUST101399,P10130,2026-02-24,2,UPI,776,487.13,20,1552,310.4,1241.6,Delivered
O2000341,S1002325,CUST100788,P10274,2026-02-24,2,UPI,8692,5018.43,20,17384,3476.8,13907.2,Delivered
O2000342,S1002334,CUST103411,P10075,2026-05-17,2,Net Banking,2665,1597.46,5,5330,266.5,5063.5,Cancelled
O2000343,S1002335,CUST101359,P10055,2026-05-05,2,COD,1514,1082.05,5,3028,151.4,2876.6,Delivered
O2000344,S1002342,CUST103869,P10026,2026-03-14,1,COD,16626,9676.0,0,16626,0.0,16626.0,Delivered
O2000345,S1002349,CUST101824,P10196,2026-01-09,1,Debit Card,659,488.2,15,659,98.85,560.15,Delivered
O2000346,S1002351,CUST103899,P10264,2026-01-14,1,UPI,9463,6731.14,5,9463,473.15,8989.85,Delivered
O2000347,S1002354,CUST104308,P10131,2026-01-17,1,Wallet,17602,13555.92,10,17602,1760.2,15841.8,Delivered
O2000348,S1002357,CUST100996,P10065,2026-03-18,2,Debit Card,3554,2097.11,20,7108,1421.6,5686.4,Delivered
O2000349,S1002358,CUST104762,P10057,2026-04-23,2,Credit Card,3407,1991.41,30,6814,2044.2,4769.8,Cancelled
O2000350,S1002368,CUST103602,P10234,2026-03-06,2,UPI,36971,27562.66,0,73942,0.0,73942.0,Delivered
O2000351,S1002371,CUST100924,P10106,2026-05-04,2,COD,3396,2604.41,10,6792,679.2,6112.8,Cancelled
O2000352,S1002374,CUST103263,P10104,2026-04-03,1,Credit Card,5812,4517.78,5,5812,290.6,5521.4,Delivered
O2000353,S1002376,CUST102602,P10141,2026-04-05,1,UPI,8126,5924.94,0,8126,0.0,8126.0,Delivered
O2000354,S1002381,CUST102655,P10213,2026-01-10,1,Debit Card,9621,5332.56,0,9621,0.0,9621.0,Delivered
O2000355,S1002399,CUST103971,P10185,2026-03-17,3,UPI,1404,1040.82,15,4212,631.8,3580.2,Delivered
O2000356,S1002400,CUST104227,P10191,2026-03-27,2,COD,3889,2670.53,5,7778,388.9,7389.1,Delivered
O2000357,S1002401,CUST104839,P10159,2026-06-19,3,Credit Card,2037,1111.1,0,6111,0.0,6111.0,Delivered
O2000358,S1002402,CUST100384,P10167,2026-02-22,2,COD,19753,15401.71,10,39506,3950.6,35555.4,Delivered
O2000359,S1002407,CUST100943,P10288,2026-03-01,1,UPI,61529,36961.24,20,61529,12305.8,49223.2,Delivered
O2000360,S1002417,CUST103093,P10073,2026-04-18,1,Debit Card,6709,5226.32,20,6709,1341.8,5367.2,Delivered
O2000361,S1002419,CUST102429,P10008,2026-04-09,3,UPI,1464,905.9,0,4392,0.0,4392.0,Delivered
O2000362,S1002420,CUST104851,P10098,2026-02-04,2,UPI,2458,1640.7,0,4916,0.0,4916.0,Delivered
O2000363,S1002423,CUST101995,P10078,2026-02-28,2,Debit Card,2463,1414.05,20,4926,985.2,3940.8,Delivered
O2000364,S1002424,CUST101324,P10162,2026-03-23,2,Net Banking,1909,1328.04,20,3818,763.6,3054.4,Delivered
O2000365,S1002438,CUST104179,P10017,2026-03-29,2,Debit Card,5562,2936.56,5,11124,556.2,10567.8,Delivered
O2000366,S1002439,CUST102753,P10152,2026-06-04,1,UPI,5488,3309.39,10,5488,548.8,4939.2,Cancelled
O2000367,S1002440,CUST101753,P10248,2026-05-03,1,UPI,7477,5791.69,5,7477,373.85,7103.15,Delivered
O2000368,S1002441,CUST104443,P10157,2026-02-05,3,COD,25547,19576.56,0,76641,0.0,76641.0,Delivered
O2000369,S1002443,CUST103003,P10098,2026-03-03,1,Net Banking,2458,1640.7,30,2458,737.4,1720.6,Delivered
O2000370,S1002444,CUST104547,P10078,2026-06-24,2,Net Banking,2463,1414.05,15,4926,738.9,4187.1,Delivered
O2000371,S1002445,CUST103217,P10027,2026-05-08,2,COD,7408,4535.44,15,14816,2222.4,12593.6,Delivered
O2000372,S1002458,CUST100289,P10171,2026-04-15,1,Credit Card,8740,5130.1,30,8740,2622.0,6118.0,Delivered
O2000373,S1002473,CUST100097,P10265,2026-02-27,1,Credit Card,9033,6070.38,0,9033,0.0,9033.0,Delivered
O2000374,S1002474,CUST100277,P10202,2026-03-06,1,UPI,36183,20924.16,5,36183,1809.15,34373.85,Cancelled
O2000375,S1002476,CUST100332,P10123,2026-05-16,2,Debit Card,13321,7090.49,15,26642,3996.3,22645.7,Delivered
O2000376,S1002479,CUST103052,P10274,2026-04-05,2,UPI,8692,5018.43,0,17384,0.0,17384.0,Delivered
O2000377,S1002480,CUST103697,P10047,2026-06-21,1,UPI,61871,39284.85,10,61871,6187.1,55683.9,Delivered
O2000378,S1002487,CUST103590,P10049,2026-02-03,1,UPI,23453,16779.94,5,23453,1172.65,22280.35,Delivered
O2000379,S1002495,CUST100155,P10044,2026-02-03,2,COD,49345,36903.93,5,98690,4934.5,93755.5,Delivered
O2000380,S1002506,CUST100362,P10141,2026-02-26,1,Net Banking,8126,5924.94,20,8126,1625.2,6500.8,Delivered
O2000381,S1002516,CUST102693,P10269,2026-01-09,2,UPI,940,703.74,5,1880,94.0,1786.0,Delivered
O2000382,S1002528,CUST104192,P10091,2026-03-15,1,Credit Card,8871,6703.6,5,8871,443.55,8427.45,Delivered
O2000383,S1002533,CUST102079,P10069,2026-04-12,2,Net Banking,15591,10193.15,5,31182,1559.1,29622.9,Delivered
O2000384,S1002537,CUST104812,P10148,2026-01-07,1,UPI,11870,6486.2,10,11870,1187.0,10683.0,Delivered
O2000385,S1002539,CUST102746,P10221,2026-01-05,1,UPI,31726,18312.58,0,31726,0.0,31726.0,Delivered
O2000386,S1002548,CUST104295,P10198,2026-03-11,1,Debit Card,32876,23438.24,10,32876,3287.6,29588.4,Delivered
O2000387,S1002552,CUST100754,P10175,2026-03-04,1,COD,2611,1496.48,0,2611,0.0,2611.0,Delivered
O2000388,S1002556,CUST101469,P10249,2026-01-25,1,UPI,8991,5130.06,0,8991,0.0,8991.0,Delivered
O2000389,S1002561,CUST100165,P10229,2026-02-06,1,UPI,893,631.69,0,893,0.0,893.0,Delivered
O2000390,S1002566,CUST101201,P10113,2026-03-28,1,UPI,1248,771.21,5,1248,62.4,1185.6,Delivered
O2000391,S1002579,CUST101354,P10197,2026-05-07,3,UPI,9663,6464.22,20,28989,5797.8,23191.2,Delivered
O2000392,S1002591,CUST102054,P10231,2026-03-09,1,UPI,2132,1580.47,0,2132,0.0,2132.0,Delivered
O2000393,S1002599,CUST102941,P10208,2026-02-12,1,UPI,9679,5536.57,20,9679,1935.8,7743.2,Delivered
O2000394,S1002612,CUST102273,P10123,2026-05-04,3,Credit Card,13321,7090.49,30,39963,11988.9,27974.1,Cancelled
O2000395,S1002622,CUST102257,P10101,2026-06-12,2,Credit Card,12746,6696.14,5,25492,1274.6,24217.4,Delivered
O2000396,S1002647,CUST104127,P10267,2026-03-27,2,Debit Card,60767,43188.99,5,121534,6076.7,115457.3,Delivered
O2000397,S1002659,CUST100366,P10061,2026-04-14,2,Net Banking,6549,4234.25,15,13098,1964.7,11133.3,Delivered
O2000398,S1002672,CUST100132,P10137,2026-05-13,2,Wallet,19557,10748.7,10,39114,3911.4,35202.6,Delivered
O2000399,S1002674,CUST103895,P10215,2026-04-18,1,Debit Card,2133,1449.01,20,2133,426.6,1706.4,Delivered
O2000400,S1002680,CUST104483,P10232,2026-05-02,1,UPI,769,438.83,15,769,115.35,653.65,Delivered
O2000401,S1002685,CUST103217,P10229,2026-06-08,1,UPI,893,631.69,15,893,133.95,759.05,Delivered
O2000402,S1002695,CUST101073,P10298,2026-06-26,3,COD,28854,21164.5,0,86562,0.0,86562.0,Delivered
O2000403,S1002698,CUST100939,P10139,2026-04-20,1,Debit Card,848,614.49,0,848,0.0,848.0,Delivered
O2000404,S1002721,CUST103175,P10256,2026-02-14,2,COD,3768,2771.04,25,7536,1884.0,5652.0,Delivered
O2000405,S1002723,CUST102071,P10014,2026-02-27,2,COD,1140,671.82,10,2280,228.0,2052.0,Delivered
O2000406,S1002724,CUST104572,P10024,2026-04-10,1,UPI,2013,1231.69,5,2013,100.65,1912.35,Delivered
O2000407,S1002729,CUST100590,P10244,2026-02-23,2,UPI,22780,13006.79,30,45560,13668.0,31892.0,Delivered
O2000408,S1002730,CUST104218,P10255,2026-06-06,2,Credit Card,9514,5100.94,30,19028,5708.4,13319.6,Delivered
O2000409,S1002740,CUST103554,P10197,2026-02-13,1,Debit Card,9663,6464.22,0,9663,0.0,9663.0,Delivered
O2000410,S1002741,CUST103658,P10083,2026-05-19,2,UPI,8198,4446.32,0,16396,0.0,16396.0,Delivered
O2000411,S1002743,CUST104150,P10106,2026-06-24,2,Net Banking,3396,2604.41,0,6792,0.0,6792.0,Cancelled
O2000412,S1002751,CUST103580,P10047,2026-01-30,1,Debit Card,61871,39284.85,15,61871,9280.65,52590.35,Delivered
O2000413,S1002752,CUST102252,P10158,2026-05-31,1,UPI,2992,1787.19,10,2992,299.2,2692.8,Delivered
O2000414,S1002755,CUST104624,P10271,2026-03-12,2,Credit Card,7548,5673.16,15,15096,2264.4,12831.6,Delivered
O2000415,S1002766,CUST100742,P10032,2026-04-03,1,Credit Card,1783,1149.52,15,1783,267.45,1515.55,Delivered
O2000416,S1002767,CUST100734,P10011,2026-03-11,2,Debit Card,5109,2851.33,20,10218,2043.6,8174.4,Delivered
O2000417,S1002769,CUST102379,P10055,2026-06-22,1,UPI,1514,1082.05,5,1514,75.7,1438.3,Delivered
O2000418,S1002777,CUST103717,P10158,2026-04-17,2,Debit Card,2992,1787.19,5,5984,299.2,5684.8,Delivered
O2000419,S1002784,CUST102455,P10268,2026-01-05,1,COD,4912,2724.22,5,4912,245.6,4666.4,Delivered
O2000420,S1002804,CUST103082,P10069,2026-01-27,1,UPI,15591,10193.15,0,15591,0.0,15591.0,Delivered
O2000421,S1002806,CUST100147,P10139,2026-06-05,2,COD,848,614.49,0,1696,0.0,1696.0,Delivered
O2000422,S1002807,CUST103829,P10116,2026-04-07,1,UPI,7704,5390.51,10,7704,770.4,6933.6,Delivered
O2000423,S1002812,CUST103970,P10250,2026-03-19,2,UPI,3881,2347.37,0,7762,0.0,7762.0,Delivered
O2000424,S1002813,CUST104132,P10003,2026-06-12,1,Credit Card,8439,5929.83,15,8439,1265.85,7173.15,Delivered
O2000425,S1002814,CUST100255,P10128,2026-06-29,2,COD,41039,31852.39,30,82078,24623.4,57454.6,Delivered
O2000426,S1002816,CUST100335,P10200,2026-04-25,1,UPI,2965,2065.76,5,2965,148.25,2816.75,Delivered
O2000427,S1002842,CUST103283,P10148,2026-03-06,3,Debit Card,11870,6486.2,15,35610,5341.5,30268.5,Delivered
O2000428,S1002850,CUST101172,P10232,2026-03-29,1,COD,769,438.83,15,769,115.35,653.65,Delivered
O2000429,S1002855,CUST102920,P10045,2026-03-08,1,Debit Card,10136,7547.37,15,10136,1520.4,8615.6,Delivered
O2000430,S1002859,CUST101234,P10073,2026-02-11,1,Credit Card,6709,5226.32,10,6709,670.9,6038.1,Delivered
O2000431,S1002864,CUST104059,P10236,2026-04-15,3,UPI,854,611.4,15,2562,384.3,2177.7,Delivered
O2000432,S1002869,CUST100980,P10004,2026-06-06,2,COD,4027,3077.25,20,8054,1610.8,6443.2,Delivered
O2000433,S1002875,CUST101596,P10172,2026-02-08,1,COD,4493,2743.95,0,4493,0.0,4493.0,Delivered
O2000434,S1002887,CUST104732,P10024,2026-04-24,1,UPI,2013,1231.69,0,2013,0.0,2013.0,Delivered
O2000435,S1002912,CUST101566,P10189,2026-02-15,2,Credit Card,9580,7439.6,0,19160,0.0,19160.0,Delivered
O2000436,S1002913,CUST104126,P10141,2026-05-13,2,Credit Card,8126,5924.94,30,16252,4875.6,11376.4,Delivered
O2000437,S1002915,CUST104269,P10107,2026-02-25,1,UPI,6047,3588.8,0,6047,0.0,6047.0,Cancelled
O2000438,S1002916,CUST102840,P10130,2026-01-21,1,Credit Card,776,487.13,10,776,77.6,698.4,Delivered
O2000439,S1002917,CUST100468,P10151,2026-04-14,1,Net Banking,3881,2822.56,20,3881,776.2,3104.8,Cancelled
O2000440,S1002931,CUST100606,P10209,2026-01-30,1,UPI,5849,4391.18,15,5849,877.35,4971.65,Delivered
O2000441,S1002933,CUST100139,P10111,2026-02-22,1,COD,840,508.05,0,840,0.0,840.0,Delivered
O2000442,S1002938,CUST101245,P10113,2026-05-09,1,Credit Card,1248,771.21,20,1248,249.6,998.4,Delivered
O2000443,S1002946,CUST101137,P10036,2026-06-19,1,UPI,55094,40455.54,15,55094,8264.1,46829.9,Delivered
O2000444,S1002948,CUST101146,P10289,2026-04-04,3,Net Banking,13420,8244.67,15,40260,6039.0,34221.0,Delivered
O2000445,S1002954,CUST104248,P10283,2026-04-25,1,Credit Card,33348,23060.2,5,33348,1667.4,31680.6,Delivered
O2000446,S1002960,CUST104819,P10204,2026-06-21,3,UPI,29027,15561.91,0,87081,0.0,87081.0,Delivered
O2000447,S1002961,CUST102148,P10041,2026-05-16,2,UPI,6442,3659.95,15,12884,1932.6,10951.4,Delivered
O2000448,S1002965,CUST103601,P10250,2026-03-06,2,UPI,3881,2347.37,5,7762,388.1,7373.9,Delivered
O2000449,S1002976,CUST104898,P10189,2026-03-30,2,UPI,9580,7439.6,30,19160,5748.0,13412.0,Delivered
O2000450,S1002989,CUST102020,P10245,2026-05-23,1,UPI,5485,3753.06,25,5485,1371.25,4113.75,Delivered
O2000451,S1002994,CUST100922,P10164,2026-01-16,1,Net Banking,1457,948.54,5,1457,72.85,1384.15,Delivered
O2000452,S1003003,CUST102994,P10013,2026-05-22,3,UPI,21186,12092.0,20,63558,12711.6,50846.4,Delivered
O2000453,S1003007,CUST101239,P10177,2026-04-09,1,UPI,7179,4294.95,20,7179,1435.8,5743.2,Delivered
O2000454,S1003022,CUST103033,P10226,2026-06-02,2,UPI,4873,3317.69,15,9746,1461.9,8284.1,Delivered
O2000455,S1003027,CUST103235,P10264,2026-04-17,1,UPI,9463,6731.14,10,9463,946.3,8516.7,Delivered
O2000456,S1003031,CUST102774,P10291,2026-04-14,2,UPI,5219,3450.45,15,10438,1565.7,8872.3,Delivered
O2000457,S1003040,CUST100469,P10096,2026-04-30,2,Debit Card,22742,15269.86,5,45484,2274.2,43209.8,Delivered
O2000458,S1003046,CUST104737,P10012,2026-03-06,1,Credit Card,6050,4362.18,30,6050,1815.0,4235.0,Delivered
O2000459,S1003049,CUST103346,P10043,2026-04-23,3,UPI,1883,1280.93,10,5649,564.9,5084.1,Delivered
O2000460,S1003070,CUST100222,P10024,2026-02-20,1,Credit Card,2013,1231.69,20,2013,402.6,1610.4,Cancelled
O2000461,S1003072,CUST103316,P10086,2026-04-27,2,Net Banking,16998,12423.12,20,33996,6799.2,27196.8,Delivered
O2000462,S1003073,CUST103290,P10161,2026-05-27,2,UPI,642,377.78,0,1284,0.0,1284.0,Delivered
O2000463,S1003078,CUST100142,P10218,2026-04-13,2,Credit Card,46613,31735.95,0,93226,0.0,93226.0,Delivered
O2000464,S1003082,CUST102264,P10124,2026-05-31,1,Debit Card,3200,2461.55,10,3200,320.0,2880.0,Delivered
O2000465,S1003083,CUST103513,P10060,2026-04-04,1,COD,5247,2849.56,15,5247,787.05,4459.95,Cancelled
O2000466,S1003097,CUST102636,P10207,2026-04-18,1,COD,176,95.69,5,176,8.8,167.2,Delivered
O2000467,S1003106,CUST102589,P10175,2026-02-28,2,Credit Card,2611,1496.48,5,5222,261.1,4960.9,Delivered
O2000468,S1003111,CUST103710,P10139,2026-04-26,1,Debit Card,848,614.49,10,848,84.8,763.2,Delivered
O2000469,S1003127,CUST102345,P10037,2026-03-07,1,UPI,3901,2527.67,5,3901,195.05,3705.95,Delivered
O2000470,S1003139,CUST101657,P10037,2026-02-26,1,Debit Card,3901,2527.67,20,3901,780.2,3120.8,Delivered
O2000471,S1003141,CUST104427,P10123,2026-01-20,1,Credit Card,13321,7090.49,5,13321,666.05,12654.95,Delivered
O2000472,S1003146,CUST100435,P10078,2026-03-27,2,Credit Card,2463,1414.05,5,4926,246.3,4679.7,Delivered
O2000473,S1003147,CUST102036,P10025,2026-04-02,3,Credit Card,20042,11076.55,10,60126,6012.6,54113.4,Delivered
O2000474,S1003152,CUST103979,P10154,2026-05-11,3,Debit Card,19267,15018.89,0,57801,0.0,57801.0,Delivered
O2000475,S1003175,CUST104882,P10201,2026-02-19,1,Net Banking,1168,898.71,20,1168,233.6,934.4,Delivered
O2000476,S1003176,CUST100535,P10123,2026-06-20,1,Debit Card,13321,7090.49,10,13321,1332.1,11988.9,Delivered
O2000477,S1003177,CUST100285,P10178,2026-01-31,2,UPI,1278,832.47,15,2556,383.4,2172.6,Delivered
O2000478,S1003183,CUST100537,P10119,2026-02-09,1,Credit Card,3523,2590.41,5,3523,176.15,3346.85,Delivered
O2000479,S1003188,CUST104805,P10202,2026-01-13,1,COD,36183,20924.16,5,36183,1809.15,34373.85,Delivered
O2000480,S1003203,CUST103665,P10272,2026-02-15,1,Credit Card,2807,1874.84,20,2807,561.4,2245.6,Delivered
O2000481,S1003204,CUST102656,P10188,2026-01-26,2,COD,1125,605.0,20,2250,450.0,1800.0,Delivered
O2000482,S1003206,CUST103295,P10015,2026-01-14,1,Debit Card,11273,6404.53,10,11273,1127.3,10145.7,Delivered
O2000483,S1003207,CUST103647,P10102,2026-05-19,1,Net Banking,1713,1304.26,20,1713,342.6,1370.4,Delivered
O2000484,S1003209,CUST102194,P10184,2026-01-08,1,UPI,45438,26626.58,5,45438,2271.9,43166.1,Delivered
O2000485,S1003216,CUST103415,P10248,2026-03-07,3,Credit Card,7477,5791.69,30,22431,6729.3,15701.7,Delivered
O2000486,S1003223,CUST100919,P10092,2026-05-01,1,UPI,64365,33832.13,10,64365,6436.5,57928.5,Delivered
O2000487,S1003225,CUST100706,P10017,2026-04-02,1,UPI,5562,2936.56,15,5562,834.3,4727.7,Delivered
O2000488,S1003226,CUST104930,P10002,2026-04-01,2,UPI,2459,1911.52,30,4918,1475.4,3442.6,Delivered
O2000489,S1003227,CUST103431,P10250,2026-02-25,3,UPI,3881,2347.37,15,11643,1746.45,9896.55,Delivered
O2000490,S1003233,CUST104424,P10117,2026-03-03,2,Credit Card,6826,4686.53,0,13652,0.0,13652.0,Delivered
O2000491,S1003236,CUST102443,P10022,2026-01-25,2,Credit Card,63437,46017.35,10,126874,12687.4,114186.6,Delivered
O2000492,S1003238,CUST104173,P10169,2026-01-15,3,Net Banking,3804,2836.87,20,11412,2282.4,9129.6,Delivered
O2000493,S1003239,CUST101073,P10195,2026-02-16,1,Net Banking,7539,5346.62,0,7539,0.0,7539.0,Delivered
O2000494,S1003245,CUST103693,P10020,2026-06-29,1,Credit Card,24782,15381.22,15,24782,3717.3,21064.7,Delivered
O2000495,S1003246,CUST104225,P10225,2026-03-17,1,UPI,3616,2332.12,0,3616,0.0,3616.0,Delivered
O2000496,S1003254,CUST101963,P10082,2026-05-16,3,Net Banking,47700,33642.14,15,143100,21465.0,121635.0,Delivered
O2000497,S1003255,CUST102867,P10269,2026-01-06,3,Credit Card,940,703.74,5,2820,141.0,2679.0,Delivered
O2000498,S1003256,CUST102411,P10289,2026-06-03,2,COD,13420,8244.67,5,26840,1342.0,25498.0,Delivered
O2000499,S1003260,CUST100570,P10277,2026-05-22,2,Debit Card,3998,2912.65,30,7996,2398.8,5597.2,Delivered
O2000500,S1003278,CUST102587,P10244,2026-05-21,3,UPI,22780,13006.79,30,68340,20502.0,47838.0,Cancelled
O2000501,S1003280,CUST103016,P10234,2026-06-04,1,UPI,36971,27562.66,15,36971,5545.65,31425.35,Delivered
O2000502,S1003283,CUST101492,P10111,2026-06-28,1,Credit Card,840,508.05,0,840,0.0,840.0,Delivered
O2000503,S1003289,CUST104462,P10287,2026-06-26,3,Credit Card,409,292.05,20,1227,245.4,981.6,Delivered
O2000504,S1003301,CUST103559,P10080,2026-04-17,3,UPI,21455,12114.76,20,64365,12873.0,51492.0,Delivered
O2000505,S1003306,CUST101418,P10008,2026-04-10,3,UPI,1464,905.9,10,4392,439.2,3952.8,Delivered
O2000506,S1003307,CUST102727,P10243,2026-06-29,2,UPI,3426,2508.92,25,6852,1713.0,5139.0,Delivered
O2000507,S1003314,CUST102227,P10180,2026-01-28,2,Wallet,5318,3704.39,0,10636,0.0,10636.0,Delivered
O2000508,S1003316,CUST100932,P10002,2026-06-18,1,Debit Card,2459,1911.52,10,2459,245.9,2213.1,Delivered
O2000509,S1003328,CUST104549,P10150,2026-03-30,2,Wallet,251,139.85,10,502,50.2,451.8,Delivered
O2000510,S1003341,CUST103418,P10015,2026-05-11,2,UPI,11273,6404.53,20,22546,4509.2,18036.8,Delivered
O2000511,S1003343,CUST100472,P10012,2026-03-07,3,Credit Card,6050,4362.18,25,18150,4537.5,13612.5,Delivered
O2000512,S1003347,CUST102796,P10202,2026-05-12,1,Credit Card,36183,20924.16,0,36183,0.0,36183.0,Delivered
O2000513,S1003375,CUST100916,P10125,2026-03-05,2,COD,810,501.25,15,1620,243.0,1377.0,Delivered
O2000514,S1003378,CUST103356,P10275,2026-01-29,3,UPI,23193,17875.58,0,69579,0.0,69579.0,Delivered
O2000515,S1003385,CUST100403,P10298,2026-02-20,3,Debit Card,28854,21164.5,5,86562,4328.1,82233.9,Delivered
O2000516,S1003386,CUST100822,P10247,2026-01-10,1,UPI,5626,3385.81,5,5626,281.3,5344.7,Delivered
O2000517,S1003388,CUST102236,P10170,2026-01-28,1,UPI,1224,694.2,0,1224,0.0,1224.0,Delivered
O2000518,S1003389,CUST102541,P10219,2026-04-07,1,Debit Card,10171,5453.76,15,10171,1525.65,8645.35,Delivered
O2000519,S1003391,CUST101698,P10285,2026-05-26,3,UPI,56690,39870.19,30,170070,51021.0,119049.0,Delivered
O2000520,S1003393,CUST101614,P10265,2026-03-02,2,Credit Card,9033,6070.38,15,18066,2709.9,15356.1,Delivered
O2000521,S1003411,CUST100601,P10097,2026-01-01,1,Debit Card,9087,4849.76,5,9087,454.35,8632.65,Cancelled
O2000522,S1003422,CUST101128,P10038,2026-01-31,2,Net Banking,3461,2654.94,10,6922,692.2,6229.8,Delivered
O2000523,S1003423,CUST101024,P10271,2026-01-22,1,UPI,7548,5673.16,0,7548,0.0,7548.0,Delivered
O2000524,S1003424,CUST103695,P10109,2026-05-01,2,UPI,9721,6690.28,10,19442,1944.2,17497.8,Delivered
O2000525,S1003425,CUST102785,P10060,2026-03-17,1,UPI,5247,2849.56,25,5247,1311.75,3935.25,Delivered
O2000526,S1003431,CUST100030,P10158,2026-05-31,1,Net Banking,2992,1787.19,15,2992,448.8,2543.2,Delivered
O2000527,S1003434,CUST103161,P10038,2026-01-07,2,UPI,3461,2654.94,0,6922,0.0,6922.0,Delivered
O2000528,S1003463,CUST102227,P10108,2026-03-04,2,Wallet,4124,2828.95,0,8248,0.0,8248.0,Delivered
O2000529,S1003469,CUST100208,P10227,2026-03-09,1,Credit Card,3471,2208.54,0,3471,0.0,3471.0,Delivered
O2000530,S1003478,CUST101663,P10037,2026-02-16,1,Credit Card,3901,2527.67,0,3901,0.0,3901.0,Delivered
O2000531,S1003479,CUST104015,P10003,2026-04-06,1,UPI,8439,5929.83,15,8439,1265.85,7173.15,Delivered
O2000532,S1003482,CUST102295,P10083,2026-02-19,2,UPI,8198,4446.32,25,16396,4099.0,12297.0,Delivered
O2000533,S1003487,CUST102229,P10109,2026-06-08,2,Debit Card,9721,6690.28,15,19442,2916.3,16525.7,Cancelled
O2000534,S1003491,CUST104157,P10031,2026-03-29,3,UPI,7685,4018.41,0,23055,0.0,23055.0,Delivered
O2000535,S1003495,CUST103057,P10260,2026-06-09,1,UPI,3589,2211.57,15,3589,538.35,3050.65,Delivered
O2000536,S1003499,CUST102311,P10042,2026-01-17,1,UPI,8220,6349.45,20,8220,1644.0,6576.0,Delivered
O2000537,S1003501,CUST100932,P10167,2026-05-10,1,Wallet,19753,15401.71,0,19753,0.0,19753.0,Delivered
O2000538,S1003506,CUST101386,P10018,2026-06-02,1,UPI,9581,5047.77,25,9581,2395.25,7185.75,Cancelled
O2000539,S1003528,CUST103795,P10142,2026-02-22,1,UPI,68955,39692.83,10,68955,6895.5,62059.5,Delivered
O2000540,S1003530,CUST101177,P10113,2026-04-11,3,UPI,1248,771.21,15,3744,561.6,3182.4,Delivered
O2000541,S1003532,CUST102761,P10104,2026-02-06,3,COD,5812,4517.78,5,17436,871.8,16564.2,Delivered
O2000542,S1003533,CUST103291,P10240,2026-06-01,2,Credit Card,12093,7882.85,10,24186,2418.6,21767.4,Delivered
O2000543,S1003534,CUST101944,P10241,2026-04-06,1,Wallet,1644,984.23,10,1644,164.4,1479.6,Cancelled
O2000544,S1003536,CUST100811,P10149,2026-04-04,1,Credit Card,9529,5928.93,10,9529,952.9,8576.1,Delivered
O2000545,S1003541,CUST100054,P10134,2026-02-19,1,Debit Card,1548,1032.95,25,1548,387.0,1161.0,Delivered
O2000546,S1003558,CUST104638,P10132,2026-05-04,2,Wallet,6369,3407.98,5,12738,636.9,12101.1,Delivered
O2000547,S1003562,CUST104090,P10102,2026-05-29,1,Credit Card,1713,1304.26,0,1713,0.0,1713.0,Delivered
O2000548,S1003574,CUST103502,P10059,2026-04-02,1,Debit Card,281,149.03,5,281,14.05,266.95,Delivered
O2000549,S1003578,CUST100335,P10091,2026-04-29,1,Credit Card,8871,6703.6,5,8871,443.55,8427.45,Delivered
O2000550,S1003581,CUST104273,P10142,2026-01-29,2,Debit Card,68955,39692.83,5,137910,6895.5,131014.5,Delivered
O2000551,S1003582,CUST102872,P10030,2026-01-22,3,Net Banking,9973,7238.98,0,29919,0.0,29919.0,Delivered
O2000552,S1003583,CUST102616,P10142,2026-05-22,2,Credit Card,68955,39692.83,5,137910,6895.5,131014.5,Delivered
O2000553,S1003586,CUST100933,P10003,2026-03-04,2,Debit Card,8439,5929.83,10,16878,1687.8,15190.2,Delivered
O2000554,S1003591,CUST104003,P10167,2026-01-20,2,Wallet,19753,15401.71,5,39506,1975.3,37530.7,Delivered
O2000555,S1003599,CUST104727,P10148,2026-06-28,1,UPI,11870,6486.2,10,11870,1187.0,10683.0,Cancelled
O2000556,S1003614,CUST104110,P10069,2026-05-26,2,UPI,15591,10193.15,20,31182,6236.4,24945.6,Delivered
O2000557,S1003618,CUST104321,P10248,2026-04-04,1,Net Banking,7477,5791.69,30,7477,2243.1,5233.9,Delivered
O2000558,S1003619,CUST104038,P10198,2026-03-02,3,UPI,32876,23438.24,0,98628,0.0,98628.0,Delivered
O2000559,S1003629,CUST104783,P10274,2026-06-01,1,Debit Card,8692,5018.43,20,8692,1738.4,6953.6,Delivered
O2000560,S1003631,CUST103960,P10037,2026-03-15,1,COD,3901,2527.67,15,3901,585.15,3315.85,Delivered
O2000561,S1003633,CUST101717,P10211,2026-06-25,3,Wallet,3579,2686.65,15,10737,1610.55,9126.45,Delivered
O2000562,S1003634,CUST103637,P10086,2026-01-04,1,UPI,16998,12423.12,20,16998,3399.6,13598.4,Delivered
O2000563,S1003636,CUST104174,P10251,2026-05-14,2,Credit Card,22462,11904.7,30,44924,13477.2,31446.8,Delivered
O2000564,S1003646,CUST104994,P10088,2026-04-12,1,Debit Card,28130,21646.92,30,28130,8439.0,19691.0,Delivered
O2000565,S1003653,CUST103470,P10097,2026-05-31,1,Debit Card,9087,4849.76,5,9087,454.35,8632.65,Delivered
O2000566,S1003654,CUST104184,P10049,2026-03-02,1,UPI,23453,16779.94,0,23453,0.0,23453.0,Delivered
O2000567,S1003667,CUST103657,P10118,2026-05-14,2,UPI,778,546.17,5,1556,77.8,1478.2,Delivered
O2000568,S1003684,CUST103191,P10205,2026-01-11,1,UPI,2967,1938.06,20,2967,593.4,2373.6,Delivered
O2000569,S1003688,CUST100180,P10005,2026-05-27,1,Credit Card,8334,4443.06,0,8334,0.0,8334.0,Delivered
O2000570,S1003707,CUST102241,P10160,2026-05-05,1,COD,2602,1698.27,0,2602,0.0,2602.0,Delivered
O2000571,S1003710,CUST102503,P10004,2026-02-14,1,UPI,4027,3077.25,0,4027,0.0,4027.0,Delivered
O2000572,S1003711,CUST102241,P10039,2026-01-28,2,COD,5709,3603.27,5,11418,570.9,10847.1,Delivered
O2000573,S1003712,CUST100093,P10271,2026-04-27,2,UPI,7548,5673.16,10,15096,1509.6,13586.4,Delivered
O2000574,S1003719,CUST103605,P10274,2026-05-22,1,COD,8692,5018.43,20,8692,1738.4,6953.6,Delivered
O2000575,S1003723,CUST103629,P10081,2026-06-22,1,Credit Card,4763,2816.9,15,4763,714.45,4048.55,Delivered
O2000576,S1003727,CUST101542,P10058,2026-01-28,2,Net Banking,2769,1771.56,20,5538,1107.6,4430.4,Delivered
O2000577,S1003733,CUST100731,P10233,2026-04-12,3,COD,1746,1303.96,15,5238,785.7,4452.3,Delivered
O2000578,S1003741,CUST100978,P10037,2026-01-14,1,Debit Card,3901,2527.67,10,3901,390.1,3510.9,Delivered
O2000579,S1003743,CUST101259,P10154,2026-06-06,2,Credit Card,19267,15018.89,10,38534,3853.4,34680.6,Delivered
O2000580,S1003745,CUST101298,P10047,2026-06-09,1,Wallet,61871,39284.85,0,61871,0.0,61871.0,Delivered
O2000581,S1003748,CUST101733,P10185,2026-04-03,3,Wallet,1404,1040.82,25,4212,1053.0,3159.0,Delivered
O2000582,S1003751,CUST100449,P10200,2026-05-09,1,UPI,2965,2065.76,15,2965,444.75,2520.25,Delivered
O2000583,S1003760,CUST104689,P10064,2026-06-15,1,Credit Card,7246,5088.4,25,7246,1811.5,5434.5,Cancelled
O2000584,S1003770,CUST103475,P10207,2026-03-15,1,UPI,176,95.69,15,176,26.4,149.6,Delivered
O2000585,S1003780,CUST104258,P10091,2026-05-30,2,UPI,8871,6703.6,20,17742,3548.4,14193.6,Delivered
O2000586,S1003792,CUST101118,P10068,2026-04-16,1,UPI,841,623.97,5,841,42.05,798.95,Delivered
O2000587,S1003805,CUST101419,P10096,2026-02-14,3,UPI,22742,15269.86,20,68226,13645.2,54580.8,Delivered
O2000588,S1003808,CUST104039,P10083,2026-01-29,1,UPI,8198,4446.32,20,8198,1639.6,6558.4,Delivered
O2000589,S1003811,CUST100132,P10221,2026-05-17,2,Credit Card,31726,18312.58,10,63452,6345.2,57106.8,Delivered
O2000590,S1003815,CUST100483,P10094,2026-03-17,1,UPI,3800,2327.35,15,3800,570.0,3230.0,Delivered
O2000591,S1003820,CUST102560,P10043,2026-06-08,1,UPI,1883,1280.93,20,1883,376.6,1506.4,Delivered
O2000592,S1003833,CUST102193,P10110,2026-04-22,3,Credit Card,23464,16729.04,10,70392,7039.2,63352.8,Delivered
O2000593,S1003835,CUST104888,P10271,2026-01-07,1,UPI,7548,5673.16,20,7548,1509.6,6038.4,Delivered
O2000594,S1003843,CUST101523,P10030,2026-03-02,2,Wallet,9973,7238.98,10,19946,1994.6,17951.4,Delivered
O2000595,S1003856,CUST101875,P10132,2026-02-20,1,UPI,6369,3407.98,0,6369,0.0,6369.0,Delivered
O2000596,S1003858,CUST102195,P10057,2026-05-29,1,Net Banking,3407,1991.41,25,3407,851.75,2555.25,Delivered
O2000597,S1003864,CUST102845,P10097,2026-02-17,1,UPI,9087,4849.76,10,9087,908.7,8178.3,Delivered
O2000598,S1003865,CUST100119,P10139,2026-02-26,1,UPI,848,614.49,30,848,254.4,593.6,Delivered
O2000599,S1003878,CUST101686,P10168,2026-01-22,2,COD,19244,10755.21,30,38488,11546.4,26941.6,Delivered
O2000600,S1003882,CUST103602,P10036,2026-01-27,3,Debit Card,55094,40455.54,5,165282,8264.1,157017.9,Delivered
O2000601,S1003883,CUST104159,P10223,2026-06-29,1,UPI,38523,24402.87,10,38523,3852.3,34670.7,Delivered
O2000602,S1003885,CUST103207,P10184,2026-04-16,1,Debit Card,45438,26626.58,15,45438,6815.7,38622.3,Delivered
O2000603,S1003887,CUST102991,P10208,2026-02-21,1,Credit Card,9679,5536.57,5,9679,483.95,9195.05,Delivered
O2000604,S1003890,CUST103259,P10149,2026-06-05,2,Credit Card,9529,5928.93,20,19058,3811.6,15246.4,Delivered
O2000605,S1003893,CUST103950,P10019,2026-03-14,2,Debit Card,1375,924.9,0,2750,0.0,2750.0,Delivered
O2000606,S1003894,CUST101280,P10086,2026-05-13,2,UPI,16998,12423.12,5,33996,1699.8,32296.2,Delivered
O2000607,S1003895,CUST100821,P10174,2026-06-16,1,Credit Card,3339,2259.98,0,3339,0.0,3339.0,Delivered
O2000608,S1003896,CUST101344,P10038,2026-04-14,1,UPI,3461,2654.94,10,3461,346.1,3114.9,Delivered
O2000609,S1003920,CUST104262,P10194,2026-03-13,1,COD,9552,5893.76,30,9552,2865.6,6686.4,Delivered
O2000610,S1003928,CUST104567,P10134,2026-05-14,2,Debit Card,1548,1032.95,30,3096,928.8,2167.2,Delivered
O2000611,S1003933,CUST101665,P10026,2026-03-23,1,COD,16626,9676.0,5,16626,831.3,15794.7,Delivered
O2000612,S1003939,CUST101097,P10030,2026-05-20,1,UPI,9973,7238.98,5,9973,498.65,9474.35,Delivered
O2000613,S1003954,CUST104534,P10280,2026-02-21,2,Credit Card,2303,1356.82,5,4606,230.3,4375.7,Delivered
O2000614,S1003957,CUST101726,P10018,2026-05-05,2,UPI,9581,5047.77,5,19162,958.1,18203.9,Delivered
O2000615,S1003961,CUST104418,P10083,2026-05-27,3,Net Banking,8198,4446.32,10,24594,2459.4,22134.6,Delivered
O2000616,S1003987,CUST100954,P10035,2026-04-24,2,Credit Card,15880,9770.01,15,31760,4764.0,26996.0,Delivered
O2000617,S1003991,CUST101095,P10094,2026-02-21,1,COD,3800,2327.35,15,3800,570.0,3230.0,Delivered
O2000618,S1003994,CUST101840,P10022,2026-06-14,1,Net Banking,63437,46017.35,20,63437,12687.4,50749.6,Delivered
O2000619,S1004015,CUST101845,P10195,2026-05-17,1,Credit Card,7539,5346.62,15,7539,1130.85,6408.15,Delivered
O2000620,S1004020,CUST104770,P10148,2026-04-19,2,UPI,11870,6486.2,10,23740,2374.0,21366.0,Delivered
O2000621,S1004027,CUST103754,P10182,2026-06-14,1,COD,7588,5180.35,30,7588,2276.4,5311.6,Delivered
O2000622,S1004030,CUST104755,P10211,2026-01-01,1,COD,3579,2686.65,15,3579,536.85,3042.15,Delivered
O2000623,S1004031,CUST102348,P10057,2026-01-21,1,UPI,3407,1991.41,15,3407,511.05,2895.95,Delivered
O2000624,S1004052,CUST100827,P10218,2026-05-06,2,COD,46613,31735.95,0,93226,0.0,93226.0,Delivered
O2000625,S1004060,CUST103510,P10286,2026-01-13,3,UPI,4249,3140.86,0,12747,0.0,12747.0,Delivered
O2000626,S1004071,CUST100221,P10153,2026-01-19,1,Net Banking,1705,1045.99,10,1705,170.5,1534.5,Delivered
O2000627,S1004075,CUST104101,P10022,2026-06-28,2,UPI,63437,46017.35,0,126874,0.0,126874.0,Delivered
O2000628,S1004088,CUST100517,P10225,2026-06-25,2,Debit Card,3616,2332.12,5,7232,361.6,6870.4,Delivered
O2000629,S1004094,CUST100378,P10073,2026-06-06,1,Net Banking,6709,5226.32,0,6709,0.0,6709.0,Cancelled
O2000630,S1004095,CUST103283,P10205,2026-04-30,1,COD,2967,1938.06,20,2967,593.4,2373.6,Delivered
O2000631,S1004105,CUST102400,P10003,2026-06-10,2,UPI,8439,5929.83,0,16878,0.0,16878.0,Delivered
O2000632,S1004108,CUST100866,P10039,2026-03-17,1,Debit Card,5709,3603.27,20,5709,1141.8,4567.2,Delivered
O2000633,S1004123,CUST100441,P10221,2026-03-03,1,Credit Card,31726,18312.58,10,31726,3172.6,28553.4,Delivered
O2000634,S1004135,CUST104195,P10114,2026-03-25,2,Credit Card,3443,2348.43,20,6886,1377.2,5508.8,Delivered
O2000635,S1004154,CUST102604,P10119,2026-03-03,1,Credit Card,3523,2590.41,10,3523,352.3,3170.7,Delivered
O2000636,S1004159,CUST104155,P10010,2026-02-24,2,Net Banking,5346,3925.5,25,10692,2673.0,8019.0,Delivered
O2000637,S1004160,CUST103719,P10150,2026-05-23,1,UPI,251,139.85,10,251,25.1,225.9,Delivered
O2000638,S1004170,CUST104849,P10173,2026-06-28,1,Wallet,5988,3980.65,10,5988,598.8,5389.2,Delivered
O2000639,S1004185,CUST104446,P10135,2026-06-27,2,Debit Card,49087,26034.8,15,98174,14726.1,83447.9,Delivered
O2000640,S1004190,CUST100468,P10117,2026-04-18,2,Credit Card,6826,4686.53,10,13652,1365.2,12286.8,Delivered
O2000641,S1004203,CUST102058,P10300,2026-02-22,2,Credit Card,10568,7818.24,5,21136,1056.8,20079.2,Delivered
O2000642,S1004205,CUST102593,P10119,2026-03-23,1,UPI,3523,2590.41,15,3523,528.45,2994.55,Delivered
O2000643,S1004208,CUST100004,P10123,2026-03-28,3,UPI,13321,7090.49,0,39963,0.0,39963.0,Delivered
O2000644,S1004212,CUST103858,P10045,2026-05-09,1,Debit Card,10136,7547.37,15,10136,1520.4,8615.6,Delivered
O2000645,S1004215,CUST101131,P10119,2026-02-26,3,UPI,3523,2590.41,5,10569,528.45,10040.55,Cancelled
O2000646,S1004218,CUST101976,P10047,2026-03-18,2,Credit Card,61871,39284.85,10,123742,12374.2,111367.8,Delivered
O2000647,S1004220,CUST100002,P10161,2026-03-29,2,COD,642,377.78,20,1284,256.8,1027.2,Cancelled
O2000648,S1004230,CUST101388,P10165,2026-03-13,2,UPI,3733,2768.55,0,7466,0.0,7466.0,Delivered
O2000649,S1004247,CUST101436,P10217,2026-01-24,3,COD,2763,1694.32,10,8289,828.9,7460.1,Delivered
O2000650,S1004249,CUST102849,P10251,2026-04-19,1,COD,22462,11904.7,15,22462,3369.3,19092.7,Delivered
O2000651,S1004258,CUST101395,P10217,2026-03-06,2,Debit Card,2763,1694.32,20,5526,1105.2,4420.8,Delivered
O2000652,S1004271,CUST103592,P10084,2026-05-17,2,Debit Card,5330,2842.99,5,10660,533.0,10127.0,Delivered
O2000653,S1004281,CUST100741,P10074,2026-05-28,1,Net Banking,7946,5564.84,10,7946,794.6,7151.4,Delivered
O2000654,S1004288,CUST101958,P10266,2026-06-20,2,Net Banking,4990,3619.71,20,9980,1996.0,7984.0,Delivered
O2000655,S1004291,CUST102772,P10195,2026-05-30,2,Credit Card,7539,5346.62,20,15078,3015.6,12062.4,Delivered
O2000656,S1004299,CUST104171,P10269,2026-03-23,1,Net Banking,940,703.74,20,940,188.0,752.0,Delivered
O2000657,S1004302,CUST103365,P10098,2026-03-14,1,Debit Card,2458,1640.7,30,2458,737.4,1720.6,Delivered
O2000658,S1004304,CUST101273,P10131,2026-04-16,2,UPI,17602,13555.92,30,35204,10561.2,24642.8,Delivered
O2000659,S1004313,CUST100980,P10245,2026-03-20,2,Credit Card,5485,3753.06,15,10970,1645.5,9324.5,Delivered
O2000660,S1004325,CUST102574,P10089,2026-03-13,3,COD,5663,3534.98,20,16989,3397.8,13591.2,Delivered
O2000661,S1004328,CUST104160,P10084,2026-04-25,1,COD,5330,2842.99,5,5330,266.5,5063.5,Delivered
O2000662,S1004336,CUST102677,P10243,2026-04-13,1,Wallet,3426,2508.92,20,3426,685.2,2740.8,Delivered
O2000663,S1004340,CUST104920,P10035,2026-01-05,2,Debit Card,15880,9770.01,0,31760,0.0,31760.0,Delivered
O2000664,S1004341,CUST101118,P10071,2026-03-27,1,COD,66043,44363.13,10,66043,6604.3,59438.7,Cancelled
O2000665,S1004342,CUST100505,P10293,2026-05-12,1,Credit Card,3905,2327.97,20,3905,781.0,3124.0,Delivered
O2000666,S1004347,CUST100803,P10213,2026-04-20,1,UPI,9621,5332.56,10,9621,962.1,8658.9,Delivered
O2000667,S1004349,CUST101472,P10064,2026-01-11,1,Debit Card,7246,5088.4,0,7246,0.0,7246.0,Delivered
O2000668,S1004351,CUST101429,P10021,2026-06-18,1,UPI,1105,826.21,15,1105,165.75,939.25,Delivered
O2000669,S1004365,CUST102862,P10016,2026-02-10,3,Credit Card,29684,19540.47,15,89052,13357.8,75694.2,Cancelled
O2000670,S1004374,CUST103749,P10141,2026-01-09,1,UPI,8126,5924.94,15,8126,1218.9,6907.1,Delivered
O2000671,S1004378,CUST104973,P10161,2026-01-18,2,UPI,642,377.78,10,1284,128.4,1155.6,Delivered
O2000672,S1004380,CUST104302,P10081,2026-02-20,1,UPI,4763,2816.9,15,4763,714.45,4048.55,Delivered
O2000673,S1004381,CUST102196,P10016,2026-02-27,2,Net Banking,29684,19540.47,30,59368,17810.4,41557.6,Delivered
O2000674,S1004389,CUST104653,P10123,2026-06-13,3,Debit Card,13321,7090.49,0,39963,0.0,39963.0,Delivered
O2000675,S1004390,CUST103508,P10038,2026-02-01,2,UPI,3461,2654.94,20,6922,1384.4,5537.6,Delivered
O2000676,S1004395,CUST103680,P10056,2026-04-19,1,Wallet,4152,2410.64,30,4152,1245.6,2906.4,Delivered
O2000677,S1004403,CUST100741,P10231,2026-04-22,1,UPI,2132,1580.47,10,2132,213.2,1918.8,Delivered
O2000678,S1004423,CUST101781,P10032,2026-01-02,2,COD,1783,1149.52,10,3566,356.6,3209.4,Delivered
O2000679,S1004439,CUST102039,P10183,2026-06-03,1,Wallet,1477,1130.4,20,1477,295.4,1181.6,Delivered
O2000680,S1004445,CUST103569,P10211,2026-04-05,1,UPI,3579,2686.65,5,3579,178.95,3400.05,Delivered
O2000681,S1004456,CUST101409,P10255,2026-05-04,1,UPI,9514,5100.94,0,9514,0.0,9514.0,Delivered
O2000682,S1004461,CUST100065,P10060,2026-02-26,1,COD,5247,2849.56,15,5247,787.05,4459.95,Delivered
O2000683,S1004462,CUST104649,P10229,2026-03-10,1,COD,893,631.69,20,893,178.6,714.4,Delivered
O2000684,S1004463,CUST104320,P10118,2026-01-26,2,Credit Card,778,546.17,5,1556,77.8,1478.2,Delivered
O2000685,S1004467,CUST104025,P10253,2026-06-02,1,UPI,843,526.49,30,843,252.9,590.1,Delivered
O2000686,S1004487,CUST104354,P10264,2026-06-16,1,UPI,9463,6731.14,0,9463,0.0,9463.0,Delivered
O2000687,S1004507,CUST103782,P10009,2026-03-05,2,Debit Card,3303,1915.96,20,6606,1321.2,5284.8,Cancelled
O2000688,S1004509,CUST101297,P10162,2026-06-02,1,Debit Card,1909,1328.04,10,1909,190.9,1718.1,Delivered
O2000689,S1004518,CUST102408,P10049,2026-05-15,1,COD,23453,16779.94,5,23453,1172.65,22280.35,Delivered
O2000690,S1004521,CUST102950,P10171,2026-02-14,1,Net Banking,8740,5130.1,0,8740,0.0,8740.0,Delivered
O2000691,S1004538,CUST103701,P10127,2026-06-17,3,Net Banking,8539,5168.04,0,25617,0.0,25617.0,Delivered
O2000692,S1004539,CUST100503,P10277,2026-01-25,1,UPI,3998,2912.65,30,3998,1199.4,2798.6,Delivered
O2000693,S1004545,CUST100811,P10241,2026-03-22,1,Wallet,1644,984.23,5,1644,82.2,1561.8,Delivered
O2000694,S1004559,CUST102725,P10179,2026-01-22,3,UPI,38788,21658.7,25,116364,29091.0,87273.0,Cancelled
O2000695,S1004568,CUST102493,P10222,2026-01-10,1,UPI,5863,3845.53,0,5863,0.0,5863.0,Cancelled
O2000696,S1004574,CUST103027,P10161,2026-03-18,1,UPI,642,377.78,15,642,96.3,545.7,Delivered
O2000697,S1004575,CUST103357,P10236,2026-05-31,2,UPI,854,611.4,5,1708,85.4,1622.6,Delivered
O2000698,S1004579,CUST104829,P10254,2026-01-10,2,COD,3521,2178.11,0,7042,0.0,7042.0,Delivered
O2000699,S1004586,CUST103124,P10104,2026-01-07,1,UPI,5812,4517.78,0,5812,0.0,5812.0,Delivered
O2000700,S1004590,CUST103111,P10034,2026-02-11,2,UPI,4761,3270.38,0,9522,0.0,9522.0,Delivered
O2000701,S1004620,CUST100725,P10098,2026-02-04,1,UPI,2458,1640.7,0,2458,0.0,2458.0,Delivered
O2000702,S1004623,CUST101297,P10081,2026-02-21,3,Debit Card,4763,2816.9,15,14289,2143.35,12145.65,Delivered
O2000703,S1004625,CUST102500,P10151,2026-03-18,1,UPI,3881,2822.56,5,3881,194.05,3686.95,Delivered
O2000704,S1004630,CUST102451,P10174,2026-04-21,2,COD,3339,2259.98,0,6678,0.0,6678.0,Delivered
O2000705,S1004641,CUST104622,P10259,2026-06-07,3,Wallet,23155,17448.81,25,69465,17366.25,52098.75,Delivered
O2000706,S1004651,CUST102907,P10287,2026-04-06,2,UPI,409,292.05,20,818,163.6,654.4,Delivered
O2000707,S1004661,CUST102960,P10108,2026-02-17,2,Net Banking,4124,2828.95,10,8248,824.8,7423.2,Delivered
O2000708,S1004662,CUST103848,P10174,2026-05-11,3,Debit Card,3339,2259.98,10,10017,1001.7,9015.3,Delivered
O2000709,S1004669,CUST102627,P10026,2026-02-14,2,Net Banking,16626,9676.0,0,33252,0.0,33252.0,Delivered
O2000710,S1004678,CUST104904,P10227,2026-04-13,2,COD,3471,2208.54,25,6942,1735.5,5206.5,Delivered
O2000711,S1004680,CUST102264,P10070,2026-05-04,1,Credit Card,2321,1233.32,10,2321,232.1,2088.9,Delivered
O2000712,S1004681,CUST100021,P10248,2026-01-28,3,UPI,7477,5791.69,5,22431,1121.55,21309.45,Delivered
O2000713,S1004694,CUST100020,P10262,2026-03-26,3,Debit Card,2779,1969.59,0,8337,0.0,8337.0,Delivered
O2000714,S1004698,CUST103662,P10063,2026-05-02,3,Credit Card,19918,12590.22,0,59754,0.0,59754.0,Cancelled
O2000715,S1004699,CUST103794,P10024,2026-04-11,1,Credit Card,2013,1231.69,20,2013,402.6,1610.4,Delivered
O2000716,S1004702,CUST102367,P10088,2026-03-15,3,UPI,28130,21646.92,20,84390,16878.0,67512.0,Delivered
O2000717,S1004718,CUST103325,P10080,2026-05-17,3,Credit Card,21455,12114.76,15,64365,9654.75,54710.25,Delivered
O2000718,S1004731,CUST103094,P10077,2026-02-12,3,COD,13761,7418.98,0,41283,0.0,41283.0,Delivered
O2000719,S1004733,CUST100858,P10090,2026-01-25,2,COD,7588,4498.47,10,15176,1517.6,13658.4,Delivered
O2000720,S1004740,CUST101340,P10028,2026-03-09,2,Debit Card,5932,3311.67,25,11864,2966.0,8898.0,Delivered
O2000721,S1004756,CUST104595,P10272,2026-06-09,1,UPI,2807,1874.84,15,2807,421.05,2385.95,Delivered
O2000722,S1004758,CUST101477,P10101,2026-01-26,3,UPI,12746,6696.14,20,38238,7647.6,30590.4,Delivered
O2000723,S1004760,CUST100831,P10037,2026-02-15,1,Debit Card,3901,2527.67,0,3901,0.0,3901.0,Delivered
O2000724,S1004763,CUST102165,P10223,2026-06-03,3,Debit Card,38523,24402.87,10,115569,11556.9,104012.1,Delivered
O2000725,S1004764,CUST102745,P10032,2026-04-10,1,UPI,1783,1149.52,25,1783,445.75,1337.25,Delivered
O2000726,S1004765,CUST104299,P10151,2026-01-07,3,UPI,3881,2822.56,10,11643,1164.3,10478.7,Delivered
O2000727,S1004766,CUST101845,P10074,2026-06-14,2,UPI,7946,5564.84,10,15892,1589.2,14302.8,Delivered
O2000728,S1004767,CUST100462,P10072,2026-06-27,2,UPI,30444,20638.98,30,60888,18266.4,42621.6,Delivered
O2000729,S1004771,CUST100516,P10175,2026-04-29,2,Net Banking,2611,1496.48,10,5222,522.2,4699.8,Delivered
O2000730,S1004775,CUST103232,P10154,2026-04-09,2,Debit Card,19267,15018.89,0,38534,0.0,38534.0,Delivered
O2000731,S1004778,CUST103294,P10019,2026-06-29,1,UPI,1375,924.9,5,1375,68.75,1306.25,Delivered
O2000732,S1004783,CUST100167,P10175,2026-06-03,2,UPI,2611,1496.48,0,5222,0.0,5222.0,Delivered
O2000733,S1004784,CUST100976,P10172,2026-05-18,3,COD,4493,2743.95,15,13479,2021.85,11457.15,Delivered
O2000734,S1004790,CUST101609,P10033,2026-01-25,3,Debit Card,22331,13681.85,15,66993,10048.95,56944.05,Delivered
O2000735,S1004810,CUST104386,P10099,2026-02-10,1,Credit Card,12825,8888.83,0,12825,0.0,12825.0,Delivered
O2000736,S1004813,CUST101361,P10222,2026-06-06,1,Credit Card,5863,3845.53,0,5863,0.0,5863.0,Delivered
O2000737,S1004816,CUST101833,P10072,2026-03-20,2,Credit Card,30444,20638.98,10,60888,6088.8,54799.2,Delivered
O2000738,S1004817,CUST101300,P10167,2026-06-08,1,Net Banking,19753,15401.71,10,19753,1975.3,17777.7,Delivered
O2000739,S1004820,CUST103906,P10210,2026-05-16,1,COD,12116,8357.65,0,12116,0.0,12116.0,Delivered
O2000740,S1004826,CUST101999,P10257,2026-02-24,1,UPI,988,536.3,20,988,197.6,790.4,Delivered
O2000741,S1004843,CUST100285,P10167,2026-01-11,3,UPI,19753,15401.71,20,59259,11851.8,47407.2,Delivered
O2000742,S1004852,CUST100644,P10235,2026-01-10,2,UPI,68950,50389.39,25,137900,34475.0,103425.0,Delivered
O2000743,S1004858,CUST104808,P10233,2026-03-27,1,COD,1746,1303.96,25,1746,436.5,1309.5,Delivered
O2000744,S1004872,CUST104437,P10007,2026-05-11,1,Credit Card,12557,8910.74,15,12557,1883.55,10673.45,Delivered
O2000745,S1004873,CUST102745,P10077,2026-02-02,1,Net Banking,13761,7418.98,30,13761,4128.3,9632.7,Delivered
O2000746,S1004875,CUST104671,P10037,2026-06-16,2,Net Banking,3901,2527.67,20,7802,1560.4,6241.6,Delivered
O2000747,S1004879,CUST103809,P10042,2026-01-20,1,UPI,8220,6349.45,20,8220,1644.0,6576.0,Delivered
O2000748,S1004889,CUST101582,P10057,2026-03-17,3,UPI,3407,1991.41,30,10221,3066.3,7154.7,Delivered
O2000749,S1004893,CUST100324,P10114,2026-01-21,2,UPI,3443,2348.43,0,6886,0.0,6886.0,Delivered
O2000750,S1004897,CUST102101,P10074,2026-03-25,1,Debit Card,7946,5564.84,15,7946,1191.9,6754.1,Delivered
O2000751,S1004901,CUST102755,P10055,2026-03-17,2,Credit Card,1514,1082.05,0,3028,0.0,3028.0,Delivered
O2000752,S1004905,CUST101804,P10038,2026-05-15,1,COD,3461,2654.94,10,3461,346.1,3114.9,Delivered
O2000753,S1004908,CUST102969,P10244,2026-02-17,2,Credit Card,22780,13006.79,15,45560,6834.0,38726.0,Delivered
O2000754,S1004918,CUST100747,P10239,2026-02-13,2,Net Banking,1018,609.01,0,2036,0.0,2036.0,Delivered
O2000755,S1004920,CUST103692,P10194,2026-02-25,2,UPI,9552,5893.76,0,19104,0.0,19104.0,Delivered
O2000756,S1004928,CUST103486,P10030,2026-03-28,1,UPI,9973,7238.98,10,9973,997.3,8975.7,Delivered
O2000757,S1004941,CUST103250,P10101,2026-05-19,2,UPI,12746,6696.14,0,25492,0.0,25492.0,Delivered
O2000758,S1004954,CUST104955,P10263,2026-04-28,2,Debit Card,56908,38354.98,10,113816,11381.6,102434.4,Delivered
O2000759,S1004955,CUST102169,P10031,2026-02-16,2,Credit Card,7685,4018.41,25,15370,3842.5,11527.5,Delivered
O2000760,S1004959,CUST101270,P10086,2026-01-04,3,UPI,16998,12423.12,5,50994,2549.7,48444.3,Delivered
O2000761,S1004960,CUST104376,P10030,2026-03-14,1,COD,9973,7238.98,5,9973,498.65,9474.35,Cancelled
O2000762,S1004961,CUST103818,P10157,2026-04-07,2,UPI,25547,19576.56,30,51094,15328.2,35765.8,Delivered
O2000763,S1004962,CUST100068,P10209,2026-02-27,2,Net Banking,5849,4391.18,0,11698,0.0,11698.0,Delivered
O2000764,S1004963,CUST101672,P10043,2026-03-20,1,UPI,1883,1280.93,20,1883,376.6,1506.4,Delivered
O2000765,S1004964,CUST100743,P10085,2026-06-06,1,UPI,1989,1381.25,15,1989,298.35,1690.65,Delivered
O2000766,S1004975,CUST101827,P10271,2026-02-11,3,Credit Card,7548,5673.16,15,22644,3396.6,19247.4,Delivered
O2000767,S1004979,CUST103399,P10187,2026-02-18,2,Credit Card,21453,15652.9,10,42906,4290.6,38615.4,Delivered
O2000768,S1004980,CUST104552,P10164,2026-05-30,1,UPI,1457,948.54,0,1457,0.0,1457.0,Delivered
O2000769,S1004992,CUST100968,P10219,2026-01-20,1,Debit Card,10171,5453.76,10,10171,1017.1,9153.9,Delivered
O2000770,S1005006,CUST101626,P10069,2026-06-21,2,Wallet,15591,10193.15,10,31182,3118.2,28063.8,Delivered
O2000771,S1005022,CUST104305,P10002,2026-03-30,1,Credit Card,2459,1911.52,0,2459,0.0,2459.0,Delivered
O2000772,S1005025,CUST102979,P10132,2026-03-09,1,COD,6369,3407.98,15,6369,955.35,5413.65,Delivered
O2000773,S1005030,CUST102302,P10042,2026-02-27,1,Net Banking,8220,6349.45,10,8220,822.0,7398.0,Cancelled
O2000774,S1005043,CUST101371,P10161,2026-05-21,1,UPI,642,377.78,30,642,192.6,449.4,Delivered
O2000775,S1005047,CUST100351,P10182,2026-01-29,2,UPI,7588,5180.35,0,15176,0.0,15176.0,Delivered
O2000776,S1005061,CUST102909,P10237,2026-01-13,2,UPI,28041,16331.32,0,56082,0.0,56082.0,Delivered
O2000777,S1005067,CUST100656,P10163,2026-06-20,1,UPI,993,694.32,5,993,49.65,943.35,Delivered
O2000778,S1005074,CUST104133,P10209,2026-03-02,2,Credit Card,5849,4391.18,0,11698,0.0,11698.0,Delivered
O2000779,S1005079,CUST102235,P10163,2026-03-15,2,COD,993,694.32,15,1986,297.9,1688.1,Delivered
O2000780,S1005089,CUST104820,P10039,2026-06-15,1,Credit Card,5709,3603.27,20,5709,1141.8,4567.2,Delivered
O2000781,S1005090,CUST100008,P10104,2026-06-11,1,Net Banking,5812,4517.78,15,5812,871.8,4940.2,Delivered
O2000782,S1005093,CUST104877,P10105,2026-02-13,3,UPI,9875,6870.26,0,29625,0.0,29625.0,Delivered
O2000783,S1005104,CUST104048,P10133,2026-03-10,3,UPI,8047,4254.17,5,24141,1207.05,22933.95,Delivered
O2000784,S1005105,CUST102824,P10091,2026-02-15,1,Debit Card,8871,6703.6,30,8871,2661.3,6209.7,Delivered
O2000785,S1005109,CUST103948,P10293,2026-02-01,1,Debit Card,3905,2327.97,5,3905,195.25,3709.75,Delivered
O2000786,S1005112,CUST100674,P10037,2026-01-27,1,Debit Card,3901,2527.67,0,3901,0.0,3901.0,Delivered
O2000787,S1005115,CUST100044,P10104,2026-04-27,2,COD,5812,4517.78,25,11624,2906.0,8718.0,Delivered
O2000788,S1005121,CUST102287,P10231,2026-04-30,1,Credit Card,2132,1580.47,15,2132,319.8,1812.2,Delivered
O2000789,S1005123,CUST102572,P10013,2026-06-13,2,Net Banking,21186,12092.0,15,42372,6355.8,36016.2,Delivered
O2000790,S1005124,CUST101416,P10235,2026-06-02,1,UPI,68950,50389.39,30,68950,20685.0,48265.0,Delivered
O2000791,S1005125,CUST100009,P10083,2026-05-09,1,Credit Card,8198,4446.32,25,8198,2049.5,6148.5,Delivered
O2000792,S1005130,CUST102458,P10174,2026-06-12,2,Credit Card,3339,2259.98,10,6678,667.8,6010.2,Delivered
O2000793,S1005132,CUST103005,P10097,2026-03-24,3,UPI,9087,4849.76,10,27261,2726.1,24534.9,Cancelled
O2000794,S1005141,CUST101392,P10018,2026-03-27,1,Debit Card,9581,5047.77,5,9581,479.05,9101.95,Delivered
O2000795,S1005155,CUST100845,P10162,2026-04-04,2,UPI,1909,1328.04,10,3818,381.8,3436.2,Delivered
O2000796,S1005165,CUST102296,P10084,2026-01-31,1,Credit Card,5330,2842.99,30,5330,1599.0,3731.0,Delivered
O2000797,S1005173,CUST104400,P10215,2026-05-22,1,UPI,2133,1449.01,10,2133,213.3,1919.7,Delivered
O2000798,S1005178,CUST103301,P10059,2026-02-02,2,Debit Card,281,149.03,15,562,84.3,477.7,Delivered
O2000799,S1005189,CUST102972,P10232,2026-05-14,2,Credit Card,769,438.83,10,1538,153.8,1384.2,Delivered
O2000800,S1005194,CUST103321,P10060,2026-03-18,2,Wallet,5247,2849.56,5,10494,524.7,9969.3,Delivered
O2000801,S1005200,CUST104309,P10258,2026-01-14,1,UPI,5885,4538.6,0,5885,0.0,5885.0,Delivered
O2000802,S1005202,CUST101876,P10118,2026-02-12,2,UPI,778,546.17,0,1556,0.0,1556.0,Delivered
O2000803,S1005204,CUST100919,P10236,2026-02-11,2,COD,854,611.4,20,1708,341.6,1366.4,Delivered
O2000804,S1005206,CUST104055,P10005,2026-02-02,1,UPI,8334,4443.06,10,8334,833.4,7500.6,Delivered
O2000805,S1005228,CUST100741,P10088,2026-02-19,1,COD,28130,21646.92,0,28130,0.0,28130.0,Cancelled
O2000806,S1005229,CUST102877,P10025,2026-01-28,1,UPI,20042,11076.55,25,20042,5010.5,15031.5,Delivered
O2000807,S1005239,CUST104104,P10256,2026-06-18,1,UPI,3768,2771.04,30,3768,1130.4,2637.6,Delivered
O2000808,S1005241,CUST100990,P10020,2026-01-09,3,UPI,24782,15381.22,5,74346,3717.3,70628.7,Delivered
O2000809,S1005247,CUST102378,P10258,2026-02-11,3,UPI,5885,4538.6,30,17655,5296.5,12358.5,Delivered
O2000810,S1005255,CUST102893,P10044,2026-04-14,3,UPI,49345,36903.93,15,148035,22205.25,125829.75,Delivered
O2000811,S1005280,CUST100360,P10160,2026-02-04,2,COD,2602,1698.27,15,5204,780.6,4423.4,Delivered
O2000812,S1005284,CUST102221,P10086,2026-03-09,1,UPI,16998,12423.12,5,16998,849.9,16148.1,Delivered
O2000813,S1005300,CUST102818,P10268,2026-05-22,2,UPI,4912,2724.22,10,9824,982.4,8841.6,Delivered
O2000814,S1005301,CUST104951,P10156,2026-01-20,1,Credit Card,1637,916.11,5,1637,81.85,1555.15,Cancelled
O2000815,S1005302,CUST102840,P10018,2026-05-21,2,UPI,9581,5047.77,25,19162,4790.5,14371.5,Delivered
O2000816,S1005304,CUST102084,P10231,2026-06-26,1,UPI,2132,1580.47,20,2132,426.4,1705.6,Cancelled
O2000817,S1005308,CUST102441,P10202,2026-06-23,2,Net Banking,36183,20924.16,30,72366,21709.8,50656.2,Delivered
O2000818,S1005317,CUST104636,P10016,2026-03-03,1,Credit Card,29684,19540.47,15,29684,4452.6,25231.4,Delivered
O2000819,S1005342,CUST102106,P10215,2026-02-01,2,Debit Card,2133,1449.01,10,4266,426.6,3839.4,Delivered
O2000820,S1005351,CUST100879,P10205,2026-03-04,2,UPI,2967,1938.06,15,5934,890.1,5043.9,Delivered
O2000821,S1005358,CUST100735,P10234,2026-01-15,3,UPI,36971,27562.66,5,110913,5545.65,105367.35,Cancelled
O2000822,S1005364,CUST100618,P10120,2026-01-22,1,UPI,6871,5090.3,0,6871,0.0,6871.0,Cancelled
O2000823,S1005372,CUST102638,P10050,2026-04-05,1,Net Banking,8438,5513.43,20,8438,1687.6,6750.4,Delivered
O2000824,S1005376,CUST101682,P10089,2026-02-17,1,COD,5663,3534.98,0,5663,0.0,5663.0,Delivered
O2000825,S1005377,CUST104925,P10086,2026-01-27,1,Credit Card,16998,12423.12,10,16998,1699.8,15298.2,Delivered
O2000826,S1005378,CUST100092,P10104,2026-04-16,2,COD,5812,4517.78,5,11624,581.2,11042.8,Delivered
O2000827,S1005384,CUST100704,P10090,2026-06-06,1,UPI,7588,4498.47,15,7588,1138.2,6449.8,Delivered
O2000828,S1005385,CUST104715,P10294,2026-05-26,1,Credit Card,5617,4032.22,30,5617,1685.1,3931.9,Delivered
O2000829,S1005394,CUST100267,P10202,2026-02-10,1,COD,36183,20924.16,10,36183,3618.3,32564.7,Cancelled
O2000830,S1005403,CUST104229,P10243,2026-04-30,3,COD,3426,2508.92,0,10278,0.0,10278.0,Delivered
O2000831,S1005405,CUST101020,P10145,2026-01-29,2,Net Banking,872,606.55,5,1744,87.2,1656.8,Delivered
O2000832,S1005410,CUST100451,P10223,2026-01-23,2,Credit Card,38523,24402.87,15,77046,11556.9,65489.1,Delivered
O2000833,S1005415,CUST102681,P10285,2026-05-30,3,Credit Card,56690,39870.19,20,170070,34014.0,136056.0,Delivered
O2000834,S1005420,CUST102705,P10053,2026-03-21,1,COD,6492,4790.14,0,6492,0.0,6492.0,Delivered
O2000835,S1005424,CUST100695,P10115,2026-03-24,1,COD,10668,7010.79,10,10668,1066.8,9601.2,Delivered
O2000836,S1005433,CUST103103,P10258,2026-01-24,1,COD,5885,4538.6,5,5885,294.25,5590.75,Delivered
O2000837,S1005435,CUST100989,P10236,2026-05-23,2,Credit Card,854,611.4,15,1708,256.2,1451.8,Delivered
O2000838,S1005440,CUST102176,P10259,2026-02-16,2,UPI,23155,17448.81,15,46310,6946.5,39363.5,Delivered
O2000839,S1005448,CUST103741,P10245,2026-04-13,2,Wallet,5485,3753.06,10,10970,1097.0,9873.0,Delivered
O2000840,S1005461,CUST104068,P10263,2026-01-29,3,COD,56908,38354.98,5,170724,8536.2,162187.8,Delivered
O2000841,S1005493,CUST104125,P10253,2026-01-25,3,COD,843,526.49,15,2529,379.35,2149.65,Delivered
O2000842,S1005495,CUST103129,P10169,2026-06-24,1,Wallet,3804,2836.87,5,3804,190.2,3613.8,Delivered
O2000843,S1005509,CUST104181,P10109,2026-04-02,1,UPI,9721,6690.28,0,9721,0.0,9721.0,Delivered
O2000844,S1005523,CUST101372,P10272,2026-02-22,1,Debit Card,2807,1874.84,25,2807,701.75,2105.25,Delivered
O2000845,S1005524,CUST104972,P10110,2026-04-21,1,UPI,23464,16729.04,5,23464,1173.2,22290.8,Delivered
O2000846,S1005532,CUST102635,P10273,2026-01-12,1,UPI,48027,33244.33,15,48027,7204.05,40822.95,Delivered
O2000847,S1005540,CUST102159,P10056,2026-06-16,1,COD,4152,2410.64,0,4152,0.0,4152.0,Delivered
O2000848,S1005541,CUST102126,P10030,2026-02-07,1,UPI,9973,7238.98,10,9973,997.3,8975.7,Delivered
O2000849,S1005553,CUST100985,P10037,2026-03-18,3,COD,3901,2527.67,10,11703,1170.3,10532.7,Delivered
O2000850,S1005555,CUST103671,P10160,2026-02-12,1,COD,2602,1698.27,10,2602,260.2,2341.8,Delivered
O2000851,S1005560,CUST104678,P10288,2026-06-27,1,Credit Card,61529,36961.24,5,61529,3076.45,58452.55,Delivered
O2000852,S1005569,CUST101953,P10177,2026-06-29,1,Debit Card,7179,4294.95,15,7179,1076.85,6102.15,Delivered
O2000853,S1005594,CUST104278,P10220,2026-03-27,2,Credit Card,4583,2718.39,20,9166,1833.2,7332.8,Delivered
O2000854,S1005604,CUST100267,P10068,2026-01-03,1,UPI,841,623.97,5,841,42.05,798.95,Delivered
O2000855,S1005605,CUST103917,P10146,2026-03-07,1,Debit Card,13773,10462.06,25,13773,3443.25,10329.75,Delivered
O2000856,S1005606,CUST104710,P10139,2026-05-09,1,COD,848,614.49,0,848,0.0,848.0,Delivered
O2000857,S1005609,CUST103694,P10252,2026-02-11,2,UPI,12430,8332.71,20,24860,4972.0,19888.0,Delivered
O2000858,S1005612,CUST102802,P10081,2026-06-28,1,UPI,4763,2816.9,15,4763,714.45,4048.55,Delivered
O2000859,S1005614,CUST102831,P10284,2026-02-08,3,Net Banking,1898,1058.59,25,5694,1423.5,4270.5,Cancelled
O2000860,S1005618,CUST101024,P10149,2026-03-17,2,COD,9529,5928.93,10,19058,1905.8,17152.2,Delivered
O2000861,S1005619,CUST103898,P10143,2026-03-15,1,UPI,11876,8893.28,0,11876,0.0,11876.0,Delivered
O2000862,S1005621,CUST100280,P10097,2026-03-07,1,UPI,9087,4849.76,15,9087,1363.05,7723.95,Delivered
O2000863,S1005623,CUST101184,P10165,2026-01-31,1,Net Banking,3733,2768.55,15,3733,559.95,3173.05,Delivered
O2000864,S1005624,CUST102076,P10019,2026-06-17,2,Credit Card,1375,924.9,0,2750,0.0,2750.0,Delivered
O2000865,S1005631,CUST101228,P10204,2026-04-01,2,UPI,29027,15561.91,5,58054,2902.7,55151.3,Delivered
O2000866,S1005632,CUST100190,P10007,2026-04-25,2,Debit Card,12557,8910.74,25,25114,6278.5,18835.5,Delivered
O2000867,S1005634,CUST102342,P10046,2026-01-26,2,UPI,6966,5023.33,0,13932,0.0,13932.0,Delivered
O2000868,S1005635,CUST103967,P10178,2026-05-30,1,Debit Card,1278,832.47,15,1278,191.7,1086.3,Delivered
O2000869,S1005643,CUST104799,P10226,2026-01-09,1,UPI,4873,3317.69,10,4873,487.3,4385.7,Delivered
O2000870,S1005650,CUST100066,P10257,2026-01-01,2,Net Banking,988,536.3,0,1976,0.0,1976.0,Delivered
O2000871,S1005657,CUST103965,P10034,2026-04-17,2,Credit Card,4761,3270.38,15,9522,1428.3,8093.7,Delivered
O2000872,S1005661,CUST103809,P10028,2026-01-05,2,COD,5932,3311.67,20,11864,2372.8,9491.2,Delivered
O2000873,S1005668,CUST101889,P10129,2026-06-22,1,Credit Card,479,371.85,25,479,119.75,359.25,Delivered
O2000874,S1005672,CUST100691,P10109,2026-01-13,2,Wallet,9721,6690.28,20,19442,3888.4,15553.6,Cancelled
O2000875,S1005684,CUST103800,P10286,2026-01-11,1,UPI,4249,3140.86,15,4249,637.35,3611.65,Delivered
O2000876,S1005702,CUST103320,P10165,2026-02-06,2,Credit Card,3733,2768.55,15,7466,1119.9,6346.1,Delivered
O2000877,S1005719,CUST102635,P10281,2026-04-09,1,UPI,3253,2264.87,15,3253,487.95,2765.05,Delivered
O2000878,S1005721,CUST101238,P10091,2026-04-14,2,UPI,8871,6703.6,15,17742,2661.3,15080.7,Delivered
O2000879,S1005732,CUST100949,P10254,2026-05-02,1,Net Banking,3521,2178.11,0,3521,0.0,3521.0,Delivered
O2000880,S1005733,CUST100302,P10157,2026-06-07,2,Credit Card,25547,19576.56,0,51094,0.0,51094.0,Delivered
O2000881,S1005736,CUST103695,P10293,2026-06-03,1,Debit Card,3905,2327.97,30,3905,1171.5,2733.5,Delivered
O2000882,S1005762,CUST102545,P10282,2026-01-16,3,Debit Card,3313,2240.18,10,9939,993.9,8945.1,Delivered
O2000883,S1005768,CUST100989,P10002,2026-05-01,1,UPI,2459,1911.52,5,2459,122.95,2336.05,Delivered
O2000884,S1005769,CUST100214,P10044,2026-03-21,1,UPI,49345,36903.93,25,49345,12336.25,37008.75,Delivered
O2000885,S1005771,CUST102918,P10106,2026-04-17,2,Debit Card,3396,2604.41,15,6792,1018.8,5773.2,Delivered
O2000886,S1005773,CUST101985,P10109,2026-03-11,3,COD,9721,6690.28,30,29163,8748.9,20414.1,Delivered
O2000887,S1005777,CUST104772,P10081,2026-04-01,1,COD,4763,2816.9,15,4763,714.45,4048.55,Delivered
O2000888,S1005782,CUST102525,P10066,2026-05-18,1,Debit Card,3823,2537.87,10,3823,382.3,3440.7,Delivered
O2000889,S1005785,CUST102100,P10248,2026-04-04,3,UPI,7477,5791.69,10,22431,2243.1,20187.9,Delivered
O2000890,S1005790,CUST102769,P10236,2026-05-24,1,Net Banking,854,611.4,15,854,128.1,725.9,Delivered
O2000891,S1005795,CUST100497,P10274,2026-02-05,1,Credit Card,8692,5018.43,15,8692,1303.8,7388.2,Delivered
O2000892,S1005796,CUST104175,P10296,2026-01-09,1,COD,3213,1902.94,5,3213,160.65,3052.35,Delivered
O2000893,S1005799,CUST103539,P10062,2026-03-31,2,UPI,3742,2211.37,15,7484,1122.6,6361.4,Delivered
O2000894,S1005816,CUST104742,P10073,2026-03-05,1,UPI,6709,5226.32,30,6709,2012.7,4696.3,Delivered
O2000895,S1005817,CUST100869,P10058,2026-05-06,2,UPI,2769,1771.56,0,5538,0.0,5538.0,Delivered
O2000896,S1005819,CUST104588,P10224,2026-03-13,3,Debit Card,1817,1295.8,15,5451,817.65,4633.35,Delivered
O2000897,S1005824,CUST103056,P10037,2026-06-05,1,COD,3901,2527.67,20,3901,780.2,3120.8,Delivered
O2000898,S1005829,CUST102398,P10048,2026-06-17,1,Wallet,10082,5617.48,0,10082,0.0,10082.0,Delivered
O2000899,S1005833,CUST100585,P10006,2026-02-20,1,Debit Card,2708,1571.31,30,2708,812.4,1895.6,Delivered
O2000900,S1005834,CUST103201,P10230,2026-06-12,2,Credit Card,4503,3004.28,5,9006,450.3,8555.7,Delivered
O2000901,S1005836,CUST104191,P10097,2026-05-18,3,UPI,9087,4849.76,10,27261,2726.1,24534.9,Delivered
O2000902,S1005839,CUST102823,P10131,2026-05-21,1,Credit Card,17602,13555.92,15,17602,2640.3,14961.7,Cancelled
O2000903,S1005840,CUST103694,P10159,2026-04-27,2,Net Banking,2037,1111.1,15,4074,611.1,3462.9,Delivered
O2000904,S1005845,CUST102306,P10227,2026-03-16,1,Credit Card,3471,2208.54,10,3471,347.1,3123.9,Delivered
O2000905,S1005848,CUST103355,P10112,2026-01-16,2,Net Banking,35103,24960.42,10,70206,7020.6,63185.4,Delivered
O2000906,S1005850,CUST100526,P10184,2026-01-09,2,UPI,45438,26626.58,20,90876,18175.2,72700.8,Delivered
O2000907,S1005853,CUST104982,P10206,2026-01-14,1,UPI,5268,3248.49,30,5268,1580.4,3687.6,Delivered
O2000908,S1005859,CUST104105,P10204,2026-02-19,1,COD,29027,15561.91,0,29027,0.0,29027.0,Delivered
O2000909,S1005862,CUST102550,P10107,2026-01-02,3,UPI,6047,3588.8,0,18141,0.0,18141.0,Delivered
O2000910,S1005870,CUST102051,P10230,2026-06-15,1,COD,4503,3004.28,10,4503,450.3,4052.7,Delivered
O2000911,S1005872,CUST103262,P10206,2026-06-02,1,Credit Card,5268,3248.49,10,5268,526.8,4741.2,Delivered
O2000912,S1005885,CUST100823,P10243,2026-03-20,1,UPI,3426,2508.92,0,3426,0.0,3426.0,Delivered
O2000913,S1005893,CUST103676,P10048,2026-03-12,2,UPI,10082,5617.48,10,20164,2016.4,18147.6,Delivered
O2000914,S1005899,CUST103762,P10081,2026-06-23,1,COD,4763,2816.9,0,4763,0.0,4763.0,Delivered
O2000915,S1005900,CUST100228,P10170,2026-02-22,1,Debit Card,1224,694.2,10,1224,122.4,1101.6,Delivered
O2000916,S1005912,CUST103882,P10104,2026-04-27,1,Credit Card,5812,4517.78,10,5812,581.2,5230.8,Delivered
O2000917,S1005915,CUST104790,P10001,2026-06-03,1,UPI,59620,39248.59,20,59620,11924.0,47696.0,Delivered
O2000918,S1005920,CUST101713,P10208,2026-01-10,2,Wallet,9679,5536.57,0,19358,0.0,19358.0,Delivered
O2000919,S1005922,CUST103765,P10253,2026-04-14,2,COD,843,526.49,0,1686,0.0,1686.0,Delivered
O2000920,S1005924,CUST101034,P10122,2026-01-29,1,Credit Card,15525,11853.49,10,15525,1552.5,13972.5,Delivered
O2000921,S1005927,CUST101406,P10076,2026-04-01,1,COD,5696,3112.1,20,5696,1139.2,4556.8,Delivered
O2000922,S1005939,CUST101598,P10164,2026-02-28,2,Net Banking,1457,948.54,5,2914,145.7,2768.3,Delivered
O2000923,S1005949,CUST104189,P10136,2026-04-14,1,Credit Card,5090,3231.92,0,5090,0.0,5090.0,Delivered
O2000924,S1005951,CUST102381,P10199,2026-02-05,1,COD,22784,17284.35,20,22784,4556.8,18227.2,Delivered
O2000925,S1005966,CUST102055,P10166,2026-04-11,2,Net Banking,2850,1684.41,10,5700,570.0,5130.0,Delivered
O2000926,S1005968,CUST102120,P10162,2026-02-20,2,UPI,1909,1328.04,10,3818,381.8,3436.2,Delivered
O2000927,S1005971,CUST102187,P10037,2026-01-04,1,COD,3901,2527.67,5,3901,195.05,3705.95,Delivered
O2000928,S1005990,CUST102592,P10011,2026-01-03,2,Credit Card,5109,2851.33,10,10218,1021.8,9196.2,Delivered
O2000929,S1006008,CUST103041,P10011,2026-04-07,1,COD,5109,2851.33,10,5109,510.9,4598.1,Delivered
O2000930,S1006015,CUST101655,P10138,2026-05-12,1,Net Banking,56677,40618.95,15,56677,8501.55,48175.45,Delivered
O2000931,S1006019,CUST104700,P10179,2026-03-15,2,Credit Card,38788,21658.7,10,77576,7757.6,69818.4,Delivered
O2000932,S1006020,CUST100059,P10046,2026-01-06,2,COD,6966,5023.33,0,13932,0.0,13932.0,Delivered
O2000933,S1006037,CUST101806,P10022,2026-04-18,2,UPI,63437,46017.35,10,126874,12687.4,114186.6,Delivered
O2000934,S1006041,CUST102463,P10001,2026-03-15,2,Debit Card,59620,39248.59,5,119240,5962.0,113278.0,Delivered
O2000935,S1006048,CUST103828,P10077,2026-02-06,1,UPI,13761,7418.98,15,13761,2064.15,11696.85,Delivered
O2000936,S1006054,CUST104072,P10248,2026-05-21,1,COD,7477,5791.69,0,7477,0.0,7477.0,Delivered
O2000937,S1006055,CUST104957,P10143,2026-01-02,2,UPI,11876,8893.28,30,23752,7125.6,16626.4,Delivered
O2000938,S1006059,CUST102535,P10256,2026-02-28,3,Credit Card,3768,2771.04,30,11304,3391.2,7912.8,Delivered
O2000939,S1006066,CUST102692,P10218,2026-03-26,3,COD,46613,31735.95,15,139839,20975.85,118863.15,Delivered
O2000940,S1006076,CUST100153,P10019,2026-03-07,1,Debit Card,1375,924.9,30,1375,412.5,962.5,Delivered
O2000941,S1006099,CUST102017,P10161,2026-05-22,1,Credit Card,642,377.78,0,642,0.0,642.0,Delivered
O2000942,S1006130,CUST101781,P10295,2026-04-30,2,Credit Card,3907,2124.83,0,7814,0.0,7814.0,Delivered
O2000943,S1006142,CUST102270,P10120,2026-06-20,3,Debit Card,6871,5090.3,20,20613,4122.6,16490.4,Delivered
O2000944,S1006143,CUST103816,P10023,2026-06-05,3,UPI,7904,4640.7,0,23712,0.0,23712.0,Delivered
O2000945,S1006163,CUST104897,P10003,2026-02-03,1,UPI,8439,5929.83,5,8439,421.95,8017.05,Delivered
O2000946,S1006164,CUST100171,P10202,2026-02-01,2,UPI,36183,20924.16,10,72366,7236.6,65129.4,Cancelled
O2000947,S1006166,CUST102780,P10207,2026-03-05,3,UPI,176,95.69,10,528,52.8,475.2,Delivered
O2000948,S1006181,CUST104166,P10242,2026-03-17,1,COD,1757,1230.79,0,1757,0.0,1757.0,Delivered
O2000949,S1006186,CUST103906,P10128,2026-03-26,1,UPI,41039,31852.39,0,41039,0.0,41039.0,Delivered
O2000950,S1006190,CUST101185,P10045,2026-05-17,2,Debit Card,10136,7547.37,15,20272,3040.8,17231.2,Delivered
O2000951,S1006198,CUST103714,P10147,2026-05-10,3,UPI,2573,1365.43,5,7719,385.95,7333.05,Delivered
O2000952,S1006200,CUST103013,P10025,2026-05-01,1,Wallet,20042,11076.55,5,20042,1002.1,19039.9,Delivered
O2000953,S1006201,CUST101994,P10153,2026-03-20,1,UPI,1705,1045.99,5,1705,85.25,1619.75,Delivered
O2000954,S1006210,CUST100805,P10269,2026-02-24,1,Debit Card,940,703.74,25,940,235.0,705.0,Delivered
O2000955,S1006212,CUST100852,P10172,2026-05-09,3,Wallet,4493,2743.95,10,13479,1347.9,12131.1,Delivered
O2000956,S1006219,CUST102095,P10298,2026-02-02,2,Net Banking,28854,21164.5,0,57708,0.0,57708.0,Delivered
O2000957,S1006229,CUST100265,P10133,2026-05-15,1,UPI,8047,4254.17,0,8047,0.0,8047.0,Delivered
O2000958,S1006230,CUST101708,P10243,2026-05-22,1,UPI,3426,2508.92,15,3426,513.9,2912.1,Delivered
O2000959,S1006251,CUST101428,P10080,2026-04-12,2,UPI,21455,12114.76,0,42910,0.0,42910.0,Delivered
O2000960,S1006252,CUST101700,P10246,2026-03-14,3,COD,12255,8674.13,10,36765,3676.5,33088.5,Delivered
O2000961,S1006253,CUST103970,P10206,2026-02-15,2,Credit Card,5268,3248.49,5,10536,526.8,10009.2,Delivered
O2000962,S1006258,CUST101230,P10043,2026-03-11,3,Net Banking,1883,1280.93,20,5649,1129.8,4519.2,Delivered
O2000963,S1006267,CUST103772,P10154,2026-04-17,1,Net Banking,19267,15018.89,10,19267,1926.7,17340.3,Delivered
O2000964,S1006284,CUST104217,P10258,2026-02-27,2,UPI,5885,4538.6,10,11770,1177.0,10593.0,Delivered
O2000965,S1006296,CUST102454,P10279,2026-04-20,1,UPI,2276,1649.23,5,2276,113.8,2162.2,Delivered
O2000966,S1006309,CUST100914,P10107,2026-03-05,2,Debit Card,6047,3588.8,10,12094,1209.4,10884.6,Delivered
O2000967,S1006310,CUST103132,P10220,2026-06-26,1,Credit Card,4583,2718.39,10,4583,458.3,4124.7,Delivered
O2000968,S1006317,CUST100421,P10161,2026-06-04,3,UPI,642,377.78,20,1926,385.2,1540.8,Delivered
O2000969,S1006319,CUST101487,P10158,2026-04-25,1,Credit Card,2992,1787.19,25,2992,748.0,2244.0,Delivered
O2000970,S1006322,CUST102558,P10036,2026-03-12,3,COD,55094,40455.54,10,165282,16528.2,148753.8,Delivered
O2000971,S1006346,CUST101731,P10168,2026-04-03,3,Debit Card,19244,10755.21,5,57732,2886.6,54845.4,Delivered
O2000972,S1006351,CUST102763,P10010,2026-04-11,1,Credit Card,5346,3925.5,10,5346,534.6,4811.4,Delivered
O2000973,S1006353,CUST101963,P10195,2026-01-25,3,UPI,7539,5346.62,0,22617,0.0,22617.0,Delivered
O2000974,S1006358,CUST103144,P10052,2026-06-19,3,Debit Card,3236,2324.09,10,9708,970.8,8737.2,Delivered
O2000975,S1006363,CUST101795,P10042,2026-06-05,2,Net Banking,8220,6349.45,0,16440,0.0,16440.0,Delivered
O2000976,S1006365,CUST102343,P10066,2026-06-15,1,UPI,3823,2537.87,0,3823,0.0,3823.0,Delivered
O2000977,S1006368,CUST101976,P10004,2026-03-23,2,UPI,4027,3077.25,10,8054,805.4,7248.6,Delivered
O2000978,S1006372,CUST100963,P10062,2026-05-11,1,Credit Card,3742,2211.37,15,3742,561.3,3180.7,Delivered
O2000979,S1006379,CUST103671,P10080,2026-01-14,1,Credit Card,21455,12114.76,15,21455,3218.25,18236.75,Delivered
O2000980,S1006381,CUST104528,P10073,2026-04-28,1,UPI,6709,5226.32,0,6709,0.0,6709.0,Delivered
O2000981,S1006391,CUST100266,P10223,2026-03-30,1,Debit Card,38523,24402.87,10,38523,3852.3,34670.7,Delivered
O2000982,S1006406,CUST100570,P10104,2026-03-19,1,UPI,5812,4517.78,5,5812,290.6,5521.4,Delivered
O2000983,S1006416,CUST103207,P10135,2026-04-29,1,UPI,49087,26034.8,10,49087,4908.7,44178.3,Delivered
O2000984,S1006419,CUST100206,P10244,2026-06-20,1,Credit Card,22780,13006.79,0,22780,0.0,22780.0,Delivered
O2000985,S1006421,CUST100066,P10021,2026-05-22,3,Wallet,1105,826.21,10,3315,331.5,2983.5,Delivered
O2000986,S1006429,CUST102647,P10176,2026-05-18,3,COD,6980,4532.13,10,20940,2094.0,18846.0,Delivered
O2000987,S1006431,CUST103115,P10241,2026-01-03,2,Credit Card,1644,984.23,25,3288,822.0,2466.0,Delivered
O2000988,S1006437,CUST103390,P10258,2026-02-27,1,Net Banking,5885,4538.6,15,5885,882.75,5002.25,Delivered
O2000989,S1006441,CUST100023,P10054,2026-03-01,1,UPI,231,167.07,30,231,69.3,161.7,Delivered
O2000990,S1006443,CUST101964,P10202,2026-05-06,1,UPI,36183,20924.16,5,36183,1809.15,34373.85,Delivered
O2000991,S1006446,CUST103083,P10228,2026-02-16,2,Debit Card,5785,4065.12,5,11570,578.5,10991.5,Delivered
O2000992,S1006450,CUST103040,P10070,2026-03-28,3,COD,2321,1233.32,5,6963,348.15,6614.85,Delivered
O2000993,S1006455,CUST103491,P10277,2026-06-18,2,Net Banking,3998,2912.65,25,7996,1999.0,5997.0,Delivered
O2000994,S1006459,CUST101563,P10011,2026-02-17,1,COD,5109,2851.33,30,5109,1532.7,3576.3,Delivered
O2000995,S1006461,CUST103230,P10205,2026-06-19,3,UPI,2967,1938.06,0,8901,0.0,8901.0,Delivered
O2000996,S1006468,CUST104689,P10265,2026-03-19,1,UPI,9033,6070.38,30,9033,2709.9,6323.1,Delivered
O2000997,S1006469,CUST100713,P10141,2026-03-28,3,Credit Card,8126,5924.94,15,24378,3656.7,20721.3,Delivered
O2000998,S1006473,CUST104192,P10103,2026-02-21,2,Debit Card,24644,14282.92,20,49288,9857.6,39430.4,Delivered
O2000999,S1006482,CUST103694,P10135,2026-03-19,3,Credit Card,49087,26034.8,0,147261,0.0,147261.0,Delivered
O2001000,S1006483,CUST104308,P10094,2026-04-26,1,UPI,3800,2327.35,5,3800,190.0,3610.0,Delivered
O2001001,S1006493,CUST104728,P10156,2026-03-05,1,COD,1637,916.11,10,1637,163.7,1473.3,Delivered
O2001002,S1006495,CUST104943,P10043,2026-05-24,2,Credit Card,1883,1280.93,0,3766,0.0,3766.0,Delivered
O2001003,S1006498,CUST101456,P10275,2026-06-11,1,COD,23193,17875.58,5,23193,1159.65,22033.35,Delivered
O2001004,S1006499,CUST102549,P10023,2026-04-05,2,COD,7904,4640.7,25,15808,3952.0,11856.0,Delivered
O2001005,S1006502,CUST102547,P10299,2026-06-26,1,Credit Card,4035,2703.81,0,4035,0.0,4035.0,Delivered
O2001006,S1006510,CUST102844,P10281,2026-01-20,1,UPI,3253,2264.87,0,3253,0.0,3253.0,Delivered
O2001007,S1006513,CUST104788,P10252,2026-01-12,1,Debit Card,12430,8332.71,0,12430,0.0,12430.0,Delivered
O2001008,S1006522,CUST103651,P10197,2026-04-20,3,Debit Card,9663,6464.22,5,28989,1449.45,27539.55,Delivered
O2001009,S1006528,CUST101710,P10055,2026-06-21,1,Credit Card,1514,1082.05,15,1514,227.1,1286.9,Delivered
O2001010,S1006529,CUST103976,P10037,2026-03-27,1,Debit Card,3901,2527.67,0,3901,0.0,3901.0,Delivered
O2001011,S1006530,CUST104391,P10249,2026-06-27,1,UPI,8991,5130.06,15,8991,1348.65,7642.35,Delivered
O2001012,S1006534,CUST103547,P10226,2026-04-30,1,Credit Card,4873,3317.69,15,4873,730.95,4142.05,Delivered
O2001013,S1006543,CUST100284,P10110,2026-04-20,2,UPI,23464,16729.04,10,46928,4692.8,42235.2,Delivered
O2001014,S1006544,CUST100241,P10214,2026-02-24,2,COD,29722,18648.85,10,59444,5944.4,53499.6,Delivered
O2001015,S1006557,CUST101611,P10045,2026-05-03,3,COD,10136,7547.37,10,30408,3040.8,27367.2,Delivered
O2001016,S1006562,CUST101490,P10030,2026-03-31,2,Credit Card,9973,7238.98,20,19946,3989.2,15956.8,Delivered
O2001017,S1006563,CUST100799,P10293,2026-05-19,2,Debit Card,3905,2327.97,5,7810,390.5,7419.5,Delivered
O2001018,S1006566,CUST103241,P10240,2026-01-04,1,UPI,12093,7882.85,15,12093,1813.95,10279.05,Delivered
O2001019,S1006567,CUST103356,P10267,2026-02-17,2,Credit Card,60767,43188.99,0,121534,0.0,121534.0,Delivered
O2001020,S1006570,CUST103874,P10247,2026-03-02,1,Debit Card,5626,3385.81,0,5626,0.0,5626.0,Cancelled
O2001021,S1006574,CUST102146,P10137,2026-01-02,1,Credit Card,19557,10748.7,0,19557,0.0,19557.0,Delivered
O2001022,S1006586,CUST103818,P10154,2026-06-21,1,UPI,19267,15018.89,15,19267,2890.05,16376.95,Delivered
O2001023,S1006605,CUST100940,P10020,2026-03-06,2,Credit Card,24782,15381.22,10,49564,4956.4,44607.6,Delivered
O2001024,S1006610,CUST104538,P10074,2026-05-14,3,UPI,7946,5564.84,20,23838,4767.6,19070.4,Delivered
O2001025,S1006626,CUST103166,P10194,2026-05-30,2,Credit Card,9552,5893.76,25,19104,4776.0,14328.0,Delivered
O2001026,S1006636,CUST103857,P10278,2026-06-09,1,COD,771,402.83,0,771,0.0,771.0,Delivered
O2001027,S1006642,CUST103921,P10120,2026-02-19,3,COD,6871,5090.3,5,20613,1030.65,19582.35,Delivered
O2001028,S1006645,CUST103588,P10101,2026-01-10,1,Credit Card,12746,6696.14,20,12746,2549.2,10196.8,Delivered
O2001029,S1006650,CUST104593,P10283,2026-03-05,3,Credit Card,33348,23060.2,15,100044,15006.6,85037.4,Delivered
O2001030,S1006652,CUST102967,P10289,2026-06-27,1,COD,13420,8244.67,25,13420,3355.0,10065.0,Delivered
O2001031,S1006669,CUST101814,P10133,2026-03-01,1,Debit Card,8047,4254.17,0,8047,0.0,8047.0,Delivered
O2001032,S1006672,CUST104368,P10112,2026-04-30,2,UPI,35103,24960.42,0,70206,0.0,70206.0,Delivered
O2001033,S1006691,CUST101931,P10082,2026-01-21,1,UPI,47700,33642.14,15,47700,7155.0,40545.0,Delivered
O2001034,S1006702,CUST101737,P10173,2026-03-25,1,Credit Card,5988,3980.65,0,5988,0.0,5988.0,Delivered
O2001035,S1006707,CUST102866,P10059,2026-06-15,1,COD,281,149.03,5,281,14.05,266.95,Delivered
O2001036,S1006711,CUST100501,P10212,2026-06-13,2,COD,5453,4048.83,0,10906,0.0,10906.0,Delivered
O2001037,S1006715,CUST104446,P10068,2026-05-26,1,UPI,841,623.97,30,841,252.3,588.7,Delivered
O2001038,S1006716,CUST100820,P10275,2026-05-13,2,UPI,23193,17875.58,10,46386,4638.6,41747.4,Delivered
O2001039,S1006720,CUST104593,P10283,2026-03-19,2,UPI,33348,23060.2,10,66696,6669.6,60026.4,Delivered
O2001040,S1006727,CUST104871,P10133,2026-05-02,3,Credit Card,8047,4254.17,10,24141,2414.1,21726.9,Delivered
O2001041,S1006745,CUST103044,P10158,2026-02-19,2,Credit Card,2992,1787.19,20,5984,1196.8,4787.2,Delivered
O2001042,S1006746,CUST101632,P10128,2026-01-24,1,UPI,41039,31852.39,30,41039,12311.7,28727.3,Delivered
O2001043,S1006762,CUST101945,P10072,2026-01-22,1,Net Banking,30444,20638.98,10,30444,3044.4,27399.6,Delivered
O2001044,S1006769,CUST102953,P10247,2026-01-21,2,Credit Card,5626,3385.81,0,11252,0.0,11252.0,Delivered
O2001045,S1006771,CUST100856,P10058,2026-01-22,3,Credit Card,2769,1771.56,5,8307,415.35,7891.65,Delivered
O2001046,S1006785,CUST101972,P10012,2026-01-16,1,UPI,6050,4362.18,30,6050,1815.0,4235.0,Delivered
O2001047,S1006791,CUST100687,P10195,2026-04-04,1,Debit Card,7539,5346.62,20,7539,1507.8,6031.2,Delivered
O2001048,S1006796,CUST101125,P10116,2026-05-15,2,UPI,7704,5390.51,0,15408,0.0,15408.0,Delivered
O2001049,S1006799,CUST102547,P10011,2026-01-10,1,UPI,5109,2851.33,20,5109,1021.8,4087.2,Delivered
O2001050,S1006801,CUST103776,P10010,2026-04-04,3,Debit Card,5346,3925.5,20,16038,3207.6,12830.4,Delivered
O2001051,S1006806,CUST102728,P10121,2026-05-26,1,UPI,3072,2175.95,10,3072,307.2,2764.8,Delivered
O2001052,S1006807,CUST104179,P10298,2026-01-03,2,Debit Card,28854,21164.5,0,57708,0.0,57708.0,Delivered
O2001053,S1006808,CUST103535,P10285,2026-04-15,1,UPI,56690,39870.19,25,56690,14172.5,42517.5,Delivered
O2001054,S1006809,CUST102054,P10245,2026-03-15,1,Wallet,5485,3753.06,5,5485,274.25,5210.75,Delivered
O2001055,S1006811,CUST104464,P10219,2026-05-13,2,Net Banking,10171,5453.76,0,20342,0.0,20342.0,Delivered
O2001056,S1006812,CUST102519,P10286,2026-03-10,2,UPI,4249,3140.86,20,8498,1699.6,6798.4,Delivered
O2001057,S1006817,CUST104374,P10238,2026-01-04,1,UPI,31827,19106.85,0,31827,0.0,31827.0,Cancelled
O2001058,S1006818,CUST100340,P10110,2026-03-31,1,UPI,23464,16729.04,5,23464,1173.2,22290.8,Delivered
O2001059,S1006819,CUST102863,P10064,2026-01-29,1,Net Banking,7246,5088.4,10,7246,724.6,6521.4,Delivered
O2001060,S1006823,CUST100793,P10239,2026-04-13,3,UPI,1018,609.01,0,3054,0.0,3054.0,Delivered
O2001061,S1006835,CUST103052,P10195,2026-06-11,1,Net Banking,7539,5346.62,15,7539,1130.85,6408.15,Delivered
O2001062,S1006838,CUST101635,P10228,2026-05-04,1,COD,5785,4065.12,10,5785,578.5,5206.5,Delivered
O2001063,S1006841,CUST102251,P10160,2026-04-11,1,Net Banking,2602,1698.27,25,2602,650.5,1951.5,Delivered
O2001064,S1006843,CUST104954,P10243,2026-01-29,2,UPI,3426,2508.92,10,6852,685.2,6166.8,Delivered
O2001065,S1006848,CUST101906,P10043,2026-01-04,2,UPI,1883,1280.93,30,3766,1129.8,2636.2,Delivered
O2001066,S1006850,CUST100572,P10064,2026-04-25,2,Net Banking,7246,5088.4,10,14492,1449.2,13042.8,Delivered
O2001067,S1006852,CUST103642,P10144,2026-05-15,1,Net Banking,1810,1018.16,15,1810,271.5,1538.5,Delivered
O2001068,S1006858,CUST104111,P10297,2026-05-10,1,Debit Card,26848,19890.05,5,26848,1342.4,25505.6,Delivered
O2001069,S1006861,CUST100705,P10280,2026-03-29,1,UPI,2303,1356.82,15,2303,345.45,1957.55,Delivered
O2001070,S1006869,CUST103461,P10144,2026-06-22,1,UPI,1810,1018.16,15,1810,271.5,1538.5,Delivered
O2001071,S1006885,CUST101062,P10008,2026-03-08,2,Debit Card,1464,905.9,5,2928,146.4,2781.6,Delivered
O2001072,S1006898,CUST102636,P10200,2026-03-10,1,COD,2965,2065.76,15,2965,444.75,2520.25,Delivered
O2001073,S1006902,CUST103629,P10248,2026-04-11,3,COD,7477,5791.69,0,22431,0.0,22431.0,Delivered
O2001074,S1006915,CUST104979,P10075,2026-03-15,2,Wallet,2665,1597.46,0,5330,0.0,5330.0,Delivered
O2001075,S1006917,CUST103206,P10225,2026-05-21,2,Debit Card,3616,2332.12,25,7232,1808.0,5424.0,Delivered
O2001076,S1006938,CUST101320,P10270,2026-06-03,3,COD,996,636.03,0,2988,0.0,2988.0,Delivered
O2001077,S1006940,CUST104396,P10270,2026-01-23,1,COD,996,636.03,15,996,149.4,846.6,Delivered
O2001078,S1006946,CUST100234,P10023,2026-05-07,1,Debit Card,7904,4640.7,30,7904,2371.2,5532.8,Delivered
O2001079,S1006955,CUST102687,P10152,2026-06-07,1,Credit Card,5488,3309.39,20,5488,1097.6,4390.4,Delivered
O2001080,S1006959,CUST104321,P10063,2026-05-31,1,Credit Card,19918,12590.22,0,19918,0.0,19918.0,Delivered
O2001081,S1006961,CUST101747,P10157,2026-02-26,1,Net Banking,25547,19576.56,25,25547,6386.75,19160.25,Delivered
O2001082,S1006963,CUST101355,P10088,2026-01-15,1,Credit Card,28130,21646.92,15,28130,4219.5,23910.5,Cancelled
O2001083,S1006967,CUST104767,P10084,2026-03-19,1,Debit Card,5330,2842.99,0,5330,0.0,5330.0,Delivered
O2001084,S1006982,CUST104381,P10018,2026-01-23,2,UPI,9581,5047.77,0,19162,0.0,19162.0,Delivered
O2001085,S1006984,CUST101500,P10108,2026-05-10,2,UPI,4124,2828.95,10,8248,824.8,7423.2,Delivered
O2001086,S1007007,CUST102036,P10018,2026-01-01,1,COD,9581,5047.77,10,9581,958.1,8622.9,Delivered
O2001087,S1007009,CUST103832,P10159,2026-04-10,1,UPI,2037,1111.1,10,2037,203.7,1833.3,Delivered
O2001088,S1007011,CUST104758,P10250,2026-04-19,3,Credit Card,3881,2347.37,10,11643,1164.3,10478.7,Cancelled
O2001089,S1007016,CUST103035,P10055,2026-04-17,2,Debit Card,1514,1082.05,10,3028,302.8,2725.2,Cancelled
O2001090,S1007019,CUST103413,P10139,2026-02-18,3,Net Banking,848,614.49,0,2544,0.0,2544.0,Delivered
O2001091,S1007020,CUST104989,P10162,2026-06-13,1,Net Banking,1909,1328.04,25,1909,477.25,1431.75,Delivered
O2001092,S1007034,CUST103994,P10246,2026-05-21,1,COD,12255,8674.13,15,12255,1838.25,10416.75,Delivered
O2001093,S1007042,CUST101946,P10068,2026-04-22,1,COD,841,623.97,20,841,168.2,672.8,Delivered
O2001094,S1007043,CUST101862,P10137,2026-04-24,2,COD,19557,10748.7,15,39114,5867.1,33246.9,Delivered
O2001095,S1007051,CUST103617,P10271,2026-05-12,1,UPI,7548,5673.16,30,7548,2264.4,5283.6,Delivered
O2001096,S1007055,CUST100140,P10164,2026-01-19,2,UPI,1457,948.54,15,2914,437.1,2476.9,Delivered
O2001097,S1007064,CUST103044,P10124,2026-06-27,2,UPI,3200,2461.55,10,6400,640.0,5760.0,Delivered
O2001098,S1007068,CUST104435,P10232,2026-02-25,3,Debit Card,769,438.83,20,2307,461.4,1845.6,Delivered
O2001099,S1007080,CUST100373,P10021,2026-06-21,1,Debit Card,1105,826.21,20,1105,221.0,884.0,Delivered
O2001100,S1007083,CUST100817,P10006,2026-05-29,3,UPI,2708,1571.31,30,8124,2437.2,5686.8,Delivered
O2001101,S1007090,CUST103247,P10002,2026-06-08,1,Wallet,2459,1911.52,20,2459,491.8,1967.2,Delivered
O2001102,S1007096,CUST102178,P10275,2026-05-31,1,UPI,23193,17875.58,10,23193,2319.3,20873.7,Delivered
O2001103,S1007105,CUST103984,P10196,2026-04-08,2,Credit Card,659,488.2,10,1318,131.8,1186.2,Delivered
O2001104,S1007110,CUST104904,P10097,2026-01-06,1,Debit Card,9087,4849.76,10,9087,908.7,8178.3,Delivered
O2001105,S1007124,CUST104027,P10250,2026-06-24,3,Debit Card,3881,2347.37,5,11643,582.15,11060.85,Delivered
O2001106,S1007131,CUST104894,P10154,2026-05-01,1,UPI,19267,15018.89,0,19267,0.0,19267.0,Delivered
O2001107,S1007136,CUST102263,P10042,2026-01-07,2,UPI,8220,6349.45,0,16440,0.0,16440.0,Delivered
O2001108,S1007140,CUST102769,P10063,2026-03-11,2,COD,19918,12590.22,30,39836,11950.8,27885.2,Cancelled
O2001109,S1007141,CUST100783,P10206,2026-03-31,1,Wallet,5268,3248.49,5,5268,263.4,5004.6,Delivered
O2001110,S1007158,CUST100730,P10228,2026-04-24,1,COD,5785,4065.12,10,5785,578.5,5206.5,Delivered
O2001111,S1007169,CUST100432,P10024,2026-06-27,1,UPI,2013,1231.69,5,2013,100.65,1912.35,Delivered
O2001112,S1007170,CUST102764,P10236,2026-05-06,3,UPI,854,611.4,0,2562,0.0,2562.0,Delivered
O2001113,S1007177,CUST100729,P10213,2026-01-06,1,UPI,9621,5332.56,5,9621,481.05,9139.95,Cancelled
O2001114,S1007179,CUST103166,P10296,2026-06-01,2,Wallet,3213,1902.94,15,6426,963.9,5462.1,Cancelled
O2001115,S1007186,CUST103207,P10260,2026-03-21,1,Credit Card,3589,2211.57,25,3589,897.25,2691.75,Delivered
O2001116,S1007210,CUST104925,P10007,2026-04-02,3,UPI,12557,8910.74,15,37671,5650.65,32020.35,Delivered
O2001117,S1007211,CUST100513,P10210,2026-04-21,3,COD,12116,8357.65,30,36348,10904.4,25443.6,Delivered
O2001118,S1007222,CUST100581,P10140,2026-03-31,1,UPI,24307,15572.5,5,24307,1215.35,23091.65,Delivered
O2001119,S1007225,CUST100102,P10180,2026-02-27,2,UPI,5318,3704.39,0,10636,0.0,10636.0,Delivered
O2001120,S1007227,CUST104289,P10130,2026-06-28,1,Credit Card,776,487.13,20,776,155.2,620.8,Delivered
O2001121,S1007230,CUST104994,P10201,2026-06-18,3,Debit Card,1168,898.71,20,3504,700.8,2803.2,Delivered
O2001122,S1007236,CUST103860,P10106,2026-03-05,3,COD,3396,2604.41,5,10188,509.4,9678.6,Delivered
O2001123,S1007240,CUST103156,P10088,2026-02-11,2,COD,28130,21646.92,20,56260,11252.0,45008.0,Delivered
O2001124,S1007241,CUST103132,P10192,2026-04-14,1,Debit Card,897,502.88,15,897,134.55,762.45,Delivered
O2001125,S1007259,CUST104008,P10105,2026-05-31,1,Net Banking,9875,6870.26,20,9875,1975.0,7900.0,Delivered
O2001126,S1007263,CUST101556,P10045,2026-03-20,1,UPI,10136,7547.37,5,10136,506.8,9629.2,Delivered
O2001127,S1007275,CUST102273,P10116,2026-04-14,3,COD,7704,5390.51,5,23112,1155.6,21956.4,Delivered
O2001128,S1007278,CUST100161,P10207,2026-03-21,1,COD,176,95.69,20,176,35.2,140.8,Delivered
O2001129,S1007286,CUST102028,P10002,2026-04-06,2,Debit Card,2459,1911.52,25,4918,1229.5,3688.5,Delivered
O2001130,S1007289,CUST101897,P10095,2026-03-16,3,Credit Card,5142,3088.55,10,15426,1542.6,13883.4,Delivered
O2001131,S1007299,CUST101309,P10158,2026-06-27,2,COD,2992,1787.19,20,5984,1196.8,4787.2,Delivered
O2001132,S1007315,CUST101424,P10097,2026-01-17,1,COD,9087,4849.76,20,9087,1817.4,7269.6,Delivered
O2001133,S1007317,CUST104596,P10259,2026-06-17,1,UPI,23155,17448.81,0,23155,0.0,23155.0,Delivered
O2001134,S1007323,CUST101890,P10263,2026-05-05,2,UPI,56908,38354.98,0,113816,0.0,113816.0,Delivered
O2001135,S1007330,CUST100053,P10185,2026-01-05,2,Credit Card,1404,1040.82,0,2808,0.0,2808.0,Delivered
O2001136,S1007344,CUST104965,P10097,2026-05-16,2,Credit Card,9087,4849.76,0,18174,0.0,18174.0,Delivered
O2001137,S1007354,CUST101936,P10246,2026-03-16,1,UPI,12255,8674.13,15,12255,1838.25,10416.75,Delivered
O2001138,S1007359,CUST101770,P10057,2026-03-21,3,UPI,3407,1991.41,10,10221,1022.1,9198.9,Delivered
O2001139,S1007370,CUST103978,P10146,2026-02-10,1,UPI,13773,10462.06,20,13773,2754.6,11018.4,Delivered
O2001140,S1007371,CUST103832,P10254,2026-04-01,3,UPI,3521,2178.11,0,10563,0.0,10563.0,Delivered
O2001141,S1007372,CUST102645,P10283,2026-06-09,1,Debit Card,33348,23060.2,0,33348,0.0,33348.0,Delivered
O2001142,S1007382,CUST103344,P10221,2026-06-04,1,COD,31726,18312.58,15,31726,4758.9,26967.1,Delivered
O2001143,S1007388,CUST103675,P10201,2026-02-06,1,Debit Card,1168,898.71,0,1168,0.0,1168.0,Delivered
O2001144,S1007393,CUST102182,P10102,2026-03-31,3,UPI,1713,1304.26,15,5139,770.85,4368.15,Delivered
O2001145,S1007398,CUST100358,P10299,2026-04-05,3,Credit Card,4035,2703.81,0,12105,0.0,12105.0,Delivered
O2001146,S1007415,CUST100358,P10239,2026-02-06,2,Wallet,1018,609.01,0,2036,0.0,2036.0,Delivered
O2001147,S1007417,CUST100254,P10157,2026-04-12,2,Debit Card,25547,19576.56,10,51094,5109.4,45984.6,Cancelled
O2001148,S1007420,CUST101191,P10127,2026-02-10,2,Credit Card,8539,5168.04,15,17078,2561.7,14516.3,Delivered
O2001149,S1007424,CUST100493,P10151,2026-06-01,1,COD,3881,2822.56,30,3881,1164.3,2716.7,Delivered
O2001150,S1007430,CUST100052,P10118,2026-03-15,2,UPI,778,546.17,10,1556,155.6,1400.4,Delivered
O2001151,S1007434,CUST103647,P10224,2026-02-05,2,UPI,1817,1295.8,20,3634,726.8,2907.2,Delivered
O2001152,S1007437,CUST104337,P10254,2026-06-13,1,Debit Card,3521,2178.11,0,3521,0.0,3521.0,Delivered
O2001153,S1007453,CUST100401,P10057,2026-01-28,3,UPI,3407,1991.41,20,10221,2044.2,8176.8,Delivered
O2001154,S1007459,CUST102604,P10032,2026-05-16,1,UPI,1783,1149.52,20,1783,356.6,1426.4,Delivered
O2001155,S1007460,CUST103772,P10087,2026-05-09,2,Debit Card,3581,2362.63,10,7162,716.2,6445.8,Delivered
O2001156,S1007465,CUST100814,P10183,2026-03-17,3,Wallet,1477,1130.4,20,4431,886.2,3544.8,Delivered
O2001157,S1007477,CUST104039,P10012,2026-06-27,2,UPI,6050,4362.18,0,12100,0.0,12100.0,Delivered
O2001158,S1007479,CUST103688,P10254,2026-05-01,1,UPI,3521,2178.11,0,3521,0.0,3521.0,Delivered
O2001159,S1007480,CUST101117,P10159,2026-02-12,2,Net Banking,2037,1111.1,25,4074,1018.5,3055.5,Delivered
O2001160,S1007497,CUST103516,P10190,2026-02-20,2,Wallet,36819,20149.38,15,73638,11045.7,62592.3,Delivered
O2001161,S1007502,CUST102015,P10111,2026-01-29,1,COD,840,508.05,30,840,252.0,588.0,Delivered
O2001162,S1007510,CUST100936,P10134,2026-02-21,1,UPI,1548,1032.95,0,1548,0.0,1548.0,Delivered
O2001163,S1007513,CUST100077,P10190,2026-03-13,2,UPI,36819,20149.38,20,73638,14727.6,58910.4,Delivered
O2001164,S1007523,CUST100034,P10182,2026-03-17,2,UPI,7588,5180.35,10,15176,1517.6,13658.4,Delivered
O2001165,S1007547,CUST100488,P10202,2026-02-20,1,UPI,36183,20924.16,15,36183,5427.45,30755.55,Delivered
O2001166,S1007559,CUST100699,P10038,2026-03-11,3,COD,3461,2654.94,0,10383,0.0,10383.0,Delivered
O2001167,S1007565,CUST101993,P10199,2026-03-03,3,Debit Card,22784,17284.35,15,68352,10252.8,58099.2,Delivered
O2001168,S1007578,CUST101669,P10043,2026-05-12,3,COD,1883,1280.93,0,5649,0.0,5649.0,Delivered
O2001169,S1007581,CUST104301,P10299,2026-02-02,2,UPI,4035,2703.81,10,8070,807.0,7263.0,Delivered
O2001170,S1007586,CUST104546,P10214,2026-06-27,2,Net Banking,29722,18648.85,0,59444,0.0,59444.0,Cancelled
O2001171,S1007587,CUST100062,P10226,2026-01-19,2,COD,4873,3317.69,5,9746,487.3,9258.7,Delivered
O2001172,S1007619,CUST101334,P10057,2026-06-26,1,Credit Card,3407,1991.41,15,3407,511.05,2895.95,Delivered
O2001173,S1007620,CUST104009,P10121,2026-06-06,1,UPI,3072,2175.95,15,3072,460.8,2611.2,Delivered
O2001174,S1007625,CUST103351,P10233,2026-04-01,3,Credit Card,1746,1303.96,5,5238,261.9,4976.1,Delivered
O2001175,S1007626,CUST104912,P10243,2026-05-22,1,Credit Card,3426,2508.92,25,3426,856.5,2569.5,Delivered
O2001176,S1007630,CUST102089,P10218,2026-03-25,2,Credit Card,46613,31735.95,20,93226,18645.2,74580.8,Delivered
O2001177,S1007637,CUST104665,P10178,2026-05-18,2,UPI,1278,832.47,15,2556,383.4,2172.6,Delivered
O2001178,S1007662,CUST100178,P10133,2026-03-13,1,Credit Card,8047,4254.17,15,8047,1207.05,6839.95,Delivered
O2001179,S1007663,CUST102377,P10168,2026-04-23,1,Debit Card,19244,10755.21,30,19244,5773.2,13470.8,Delivered
O2001180,S1007674,CUST102670,P10183,2026-05-06,2,COD,1477,1130.4,10,2954,295.4,2658.6,Delivered
O2001181,S1007677,CUST101243,P10212,2026-06-03,1,COD,5453,4048.83,5,5453,272.65,5180.35,Delivered
O2001182,S1007681,CUST100420,P10121,2026-01-18,1,UPI,3072,2175.95,0,3072,0.0,3072.0,Delivered
O2001183,S1007686,CUST100868,P10233,2026-06-11,1,COD,1746,1303.96,20,1746,349.2,1396.8,Delivered
O2001184,S1007697,CUST101513,P10141,2026-01-09,1,UPI,8126,5924.94,5,8126,406.3,7719.7,Delivered
O2001185,S1007699,CUST101644,P10096,2026-02-27,2,Credit Card,22742,15269.86,20,45484,9096.8,36387.2,Delivered
O2001186,S1007706,CUST104134,P10195,2026-02-04,3,COD,7539,5346.62,5,22617,1130.85,21486.15,Delivered
O2001187,S1007708,CUST104178,P10138,2026-02-07,1,COD,56677,40618.95,10,56677,5667.7,51009.3,Delivered
O2001188,S1007711,CUST102743,P10038,2026-01-08,1,COD,3461,2654.94,20,3461,692.2,2768.8,Cancelled
O2001189,S1007713,CUST101623,P10069,2026-03-15,1,UPI,15591,10193.15,0,15591,0.0,15591.0,Delivered
O2001190,S1007720,CUST102315,P10083,2026-03-31,1,Credit Card,8198,4446.32,25,8198,2049.5,6148.5,Delivered
O2001191,S1007735,CUST101628,P10280,2026-03-21,1,UPI,2303,1356.82,10,2303,230.3,2072.7,Delivered
O2001192,S1007738,CUST102927,P10080,2026-05-03,1,COD,21455,12114.76,0,21455,0.0,21455.0,Delivered
O2001193,S1007745,CUST100604,P10206,2026-03-02,2,UPI,5268,3248.49,5,10536,526.8,10009.2,Delivered
O2001194,S1007753,CUST100475,P10106,2026-06-29,1,COD,3396,2604.41,15,3396,509.4,2886.6,Delivered
O2001195,S1007759,CUST100692,P10001,2026-01-29,1,UPI,59620,39248.59,0,59620,0.0,59620.0,Delivered
O2001196,S1007764,CUST103874,P10111,2026-04-28,2,UPI,840,508.05,10,1680,168.0,1512.0,Delivered
O2001197,S1007794,CUST104854,P10025,2026-04-27,1,Credit Card,20042,11076.55,0,20042,0.0,20042.0,Delivered
O2001198,S1007800,CUST102698,P10096,2026-04-06,2,Credit Card,22742,15269.86,20,45484,9096.8,36387.2,Cancelled
O2001199,S1007805,CUST103482,P10059,2026-01-26,2,UPI,281,149.03,15,562,84.3,477.7,Delivered
O2001200,S1007807,CUST100456,P10052,2026-01-03,1,Credit Card,3236,2324.09,15,3236,485.4,2750.6,Delivered
O2001201,S1007818,CUST102788,P10197,2026-06-12,3,Credit Card,9663,6464.22,20,28989,5797.8,23191.2,Delivered
O2001202,S1007819,CUST100408,P10253,2026-03-23,1,Debit Card,843,526.49,15,843,126.45,716.55,Delivered
O2001203,S1007820,CUST100978,P10227,2026-05-24,1,UPI,3471,2208.54,0,3471,0.0,3471.0,Delivered
O2001204,S1007821,CUST102799,P10003,2026-02-16,2,Credit Card,8439,5929.83,15,16878,2531.7,14346.3,Delivered
O2001205,S1007822,CUST100143,P10297,2026-04-25,2,UPI,26848,19890.05,5,53696,2684.8,51011.2,Delivered
O2001206,S1007833,CUST103704,P10184,2026-04-05,1,UPI,45438,26626.58,15,45438,6815.7,38622.3,Delivered
O2001207,S1007834,CUST104224,P10210,2026-05-07,1,UPI,12116,8357.65,20,12116,2423.2,9692.8,Delivered
O2001208,S1007840,CUST102212,P10107,2026-05-15,2,Debit Card,6047,3588.8,5,12094,604.7,11489.3,Delivered
O2001209,S1007842,CUST101559,P10125,2026-06-19,2,UPI,810,501.25,20,1620,324.0,1296.0,Delivered
O2001210,S1007851,CUST102602,P10164,2026-03-18,2,Credit Card,1457,948.54,20,2914,582.8,2331.2,Cancelled
O2001211,S1007854,CUST101038,P10221,2026-05-06,1,UPI,31726,18312.58,20,31726,6345.2,25380.8,Delivered
O2001212,S1007869,CUST104344,P10056,2026-06-29,1,Debit Card,4152,2410.64,10,4152,415.2,3736.8,Cancelled
O2001213,S1007874,CUST100510,P10015,2026-03-24,1,COD,11273,6404.53,20,11273,2254.6,9018.4,Delivered
O2001214,S1007884,CUST103338,P10162,2026-03-17,1,Credit Card,1909,1328.04,0,1909,0.0,1909.0,Delivered
O2001215,S1007886,CUST102745,P10132,2026-05-31,1,Debit Card,6369,3407.98,20,6369,1273.8,5095.2,Delivered
O2001216,S1007895,CUST101896,P10149,2026-02-02,2,UPI,9529,5928.93,30,19058,5717.4,13340.6,Delivered
O2001217,S1007896,CUST100230,P10091,2026-06-22,3,Wallet,8871,6703.6,15,26613,3991.95,22621.05,Delivered
O2001218,S1007899,CUST102876,P10114,2026-01-04,1,Debit Card,3443,2348.43,5,3443,172.15,3270.85,Delivered
O2001219,S1007907,CUST103748,P10028,2026-06-06,1,COD,5932,3311.67,15,5932,889.8,5042.2,Delivered
O2001220,S1007913,CUST101419,P10185,2026-02-16,2,Wallet,1404,1040.82,0,2808,0.0,2808.0,Delivered
O2001221,S1007916,CUST104905,P10213,2026-04-15,3,Debit Card,9621,5332.56,10,28863,2886.3,25976.7,Delivered
O2001222,S1007920,CUST104610,P10110,2026-02-20,1,UPI,23464,16729.04,10,23464,2346.4,21117.6,Delivered
O2001223,S1007924,CUST102459,P10061,2026-02-12,1,UPI,6549,4234.25,30,6549,1964.7,4584.3,Delivered
O2001224,S1007928,CUST101632,P10133,2026-06-22,1,UPI,8047,4254.17,20,8047,1609.4,6437.6,Delivered
O2001225,S1007929,CUST102000,P10235,2026-03-22,2,UPI,68950,50389.39,5,137900,6895.0,131005.0,Delivered
O2001226,S1007947,CUST101774,P10256,2026-01-28,1,COD,3768,2771.04,10,3768,376.8,3391.2,Delivered
O2001227,S1007949,CUST101186,P10280,2026-06-08,3,UPI,2303,1356.82,5,6909,345.45,6563.55,Delivered
O2001228,S1007952,CUST104991,P10031,2026-02-22,1,UPI,7685,4018.41,0,7685,0.0,7685.0,Delivered
O2001229,S1007953,CUST103924,P10152,2026-01-11,1,UPI,5488,3309.39,20,5488,1097.6,4390.4,Delivered
O2001230,S1007965,CUST100526,P10115,2026-06-12,1,UPI,10668,7010.79,15,10668,1600.2,9067.8,Delivered
O2001231,S1007973,CUST100581,P10127,2026-05-22,3,UPI,8539,5168.04,15,25617,3842.55,21774.45,Delivered
O2001232,S1008034,CUST101945,P10020,2026-05-26,1,UPI,24782,15381.22,10,24782,2478.2,22303.8,Delivered
O2001233,S1008036,CUST104373,P10295,2026-05-30,3,Debit Card,3907,2124.83,15,11721,1758.15,9962.85,Delivered
O2001234,S1008038,CUST104275,P10203,2026-02-13,1,UPI,1532,987.74,20,1532,306.4,1225.6,Delivered
O2001235,S1008041,CUST103583,P10203,2026-05-29,1,Net Banking,1532,987.74,5,1532,76.6,1455.4,Delivered
O2001236,S1008046,CUST103924,P10250,2026-04-23,1,Credit Card,3881,2347.37,15,3881,582.15,3298.85,Cancelled
O2001237,S1008049,CUST104695,P10006,2026-06-29,1,COD,2708,1571.31,10,2708,270.8,2437.2,Delivered
O2001238,S1008050,CUST103834,P10037,2026-05-31,1,Credit Card,3901,2527.67,30,3901,1170.3,2730.7,Delivered
O2001239,S1008074,CUST103162,P10018,2026-05-17,1,Net Banking,9581,5047.77,0,9581,0.0,9581.0,Delivered
O2001240,S1008080,CUST103124,P10063,2026-04-01,1,Debit Card,19918,12590.22,0,19918,0.0,19918.0,Delivered
O2001241,S1008096,CUST102741,P10180,2026-05-23,2,Credit Card,5318,3704.39,15,10636,1595.4,9040.6,Cancelled
O2001242,S1008119,CUST102250,P10022,2026-05-16,3,Debit Card,63437,46017.35,20,190311,38062.2,152248.8,Delivered
O2001243,S1008123,CUST102606,P10261,2026-06-28,1,Credit Card,10937,8376.17,30,10937,3281.1,7655.9,Delivered
O2001244,S1008127,CUST103411,P10288,2026-04-18,1,COD,61529,36961.24,10,61529,6152.9,55376.1,Delivered
O2001245,S1008134,CUST104665,P10082,2026-05-31,2,Debit Card,47700,33642.14,25,95400,23850.0,71550.0,Delivered
O2001246,S1008144,CUST100760,P10079,2026-05-30,1,UPI,61135,43823.72,15,61135,9170.25,51964.75,Delivered
O2001247,S1008146,CUST101795,P10063,2026-02-15,2,UPI,19918,12590.22,5,39836,1991.8,37844.2,Delivered
O2001248,S1008151,CUST100282,P10263,2026-02-13,2,UPI,56908,38354.98,0,113816,0.0,113816.0,Delivered
O2001249,S1008174,CUST103450,P10213,2026-02-07,2,Debit Card,9621,5332.56,15,19242,2886.3,16355.7,Cancelled
O2001250,S1008175,CUST102706,P10213,2026-02-08,1,COD,9621,5332.56,20,9621,1924.2,7696.8,Delivered
O2001251,S1008179,CUST102436,P10031,2026-05-10,1,Credit Card,7685,4018.41,20,7685,1537.0,6148.0,Delivered
O2001252,S1008202,CUST100365,P10109,2026-06-19,1,COD,9721,6690.28,15,9721,1458.15,8262.85,Delivered
O2001253,S1008209,CUST102148,P10062,2026-05-25,1,UPI,3742,2211.37,0,3742,0.0,3742.0,Delivered
O2001254,S1008211,CUST101617,P10198,2026-05-22,1,UPI,32876,23438.24,30,32876,9862.8,23013.2,Delivered
O2001255,S1008215,CUST100974,P10169,2026-03-26,3,Debit Card,3804,2836.87,15,11412,1711.8,9700.2,Delivered
O2001256,S1008221,CUST102513,P10186,2026-06-18,1,Debit Card,47740,30071.34,15,47740,7161.0,40579.0,Delivered
O2001257,S1008225,CUST101142,P10019,2026-02-13,1,Debit Card,1375,924.9,10,1375,137.5,1237.5,Delivered
O2001258,S1008228,CUST102235,P10146,2026-04-20,1,UPI,13773,10462.06,15,13773,2065.95,11707.05,Delivered
O2001259,S1008235,CUST104926,P10149,2026-06-28,2,UPI,9529,5928.93,0,19058,0.0,19058.0,Delivered
O2001260,S1008241,CUST101322,P10002,2026-04-03,2,Credit Card,2459,1911.52,10,4918,491.8,4426.2,Cancelled
O2001261,S1008242,CUST102745,P10162,2026-01-12,1,UPI,1909,1328.04,0,1909,0.0,1909.0,Delivered
O2001262,S1008244,CUST103579,P10194,2026-03-01,3,Net Banking,9552,5893.76,0,28656,0.0,28656.0,Delivered
O2001263,S1008255,CUST101686,P10063,2026-06-20,1,UPI,19918,12590.22,0,19918,0.0,19918.0,Delivered
O2001264,S1008256,CUST103492,P10008,2026-02-26,1,UPI,1464,905.9,30,1464,439.2,1024.8,Delivered
O2001265,S1008262,CUST101697,P10250,2026-02-18,3,Credit Card,3881,2347.37,0,11643,0.0,11643.0,Delivered
O2001266,S1008265,CUST101399,P10093,2026-03-05,1,UPI,3481,1818.59,15,3481,522.15,2958.85,Delivered
O2001267,S1008271,CUST102503,P10146,2026-06-19,2,UPI,13773,10462.06,25,27546,6886.5,20659.5,Cancelled
O2001268,S1008288,CUST102152,P10198,2026-03-13,3,UPI,32876,23438.24,15,98628,14794.2,83833.8,Delivered
O2001269,S1008290,CUST103162,P10192,2026-05-25,1,COD,897,502.88,15,897,134.55,762.45,Delivered
O2001270,S1008295,CUST101281,P10217,2026-04-10,1,Credit Card,2763,1694.32,20,2763,552.6,2210.4,Delivered
O2001271,S1008296,CUST100744,P10291,2026-01-18,2,COD,5219,3450.45,10,10438,1043.8,9394.2,Delivered
O2001272,S1008317,CUST101095,P10079,2026-05-29,1,Credit Card,61135,43823.72,20,61135,12227.0,48908.0,Delivered
O2001273,S1008319,CUST103595,P10189,2026-01-07,2,Credit Card,9580,7439.6,25,19160,4790.0,14370.0,Cancelled
O2001274,S1008326,CUST103848,P10236,2026-05-29,1,Net Banking,854,611.4,5,854,42.7,811.3,Delivered
O2001275,S1008338,CUST103160,P10122,2026-01-12,2,Debit Card,15525,11853.49,10,31050,3105.0,27945.0,Delivered
O2001276,S1008343,CUST102132,P10055,2026-06-20,2,Net Banking,1514,1082.05,25,3028,757.0,2271.0,Delivered
O2001277,S1008345,CUST103290,P10080,2026-04-12,1,UPI,21455,12114.76,20,21455,4291.0,17164.0,Delivered
O2001278,S1008350,CUST100055,P10251,2026-05-17,2,Debit Card,22462,11904.7,10,44924,4492.4,40431.6,Delivered
O2001279,S1008360,CUST102538,P10179,2026-03-03,3,Credit Card,38788,21658.7,10,116364,11636.4,104727.6,Delivered
O2001280,S1008380,CUST100124,P10149,2026-06-29,3,Net Banking,9529,5928.93,15,28587,4288.05,24298.95,Delivered
O2001281,S1008381,CUST101774,P10283,2026-02-06,3,UPI,33348,23060.2,20,100044,20008.8,80035.2,Delivered
O2001282,S1008389,CUST104388,P10032,2026-03-20,1,UPI,1783,1149.52,5,1783,89.15,1693.85,Delivered
O2001283,S1008390,CUST100157,P10040,2026-06-01,1,UPI,22035,16539.3,30,22035,6610.5,15424.5,Delivered
O2001284,S1008406,CUST102910,P10218,2026-01-01,1,Credit Card,46613,31735.95,5,46613,2330.65,44282.35,Delivered
O2001285,S1008417,CUST103424,P10241,2026-01-26,2,Debit Card,1644,984.23,15,3288,493.2,2794.8,Delivered
O2001286,S1008419,CUST100236,P10113,2026-01-01,2,COD,1248,771.21,10,2496,249.6,2246.4,Delivered
O2001287,S1008420,CUST100969,P10040,2026-05-04,3,COD,22035,16539.3,30,66105,19831.5,46273.5,Delivered
O2001288,S1008428,CUST101057,P10224,2026-01-21,1,Debit Card,1817,1295.8,20,1817,363.4,1453.6,Delivered
O2001289,S1008437,CUST103579,P10149,2026-04-26,1,UPI,9529,5928.93,15,9529,1429.35,8099.65,Delivered
O2001290,S1008443,CUST103615,P10272,2026-05-18,1,Credit Card,2807,1874.84,0,2807,0.0,2807.0,Delivered
O2001291,S1008446,CUST100507,P10196,2026-01-03,1,Debit Card,659,488.2,15,659,98.85,560.15,Delivered
O2001292,S1008452,CUST101624,P10145,2026-05-26,1,Net Banking,872,606.55,15,872,130.8,741.2,Delivered
O2001293,S1008457,CUST100302,P10184,2026-01-04,1,COD,45438,26626.58,10,45438,4543.8,40894.2,Delivered
O2001294,S1008458,CUST102445,P10144,2026-02-02,1,COD,1810,1018.16,10,1810,181.0,1629.0,Delivered
O2001295,S1008460,CUST102956,P10190,2026-06-10,1,Net Banking,36819,20149.38,20,36819,7363.8,29455.2,Delivered
O2001296,S1008461,CUST102928,P10262,2026-03-11,1,COD,2779,1969.59,10,2779,277.9,2501.1,Delivered
O2001297,S1008476,CUST101507,P10211,2026-04-17,1,UPI,3579,2686.65,15,3579,536.85,3042.15,Delivered
O2001298,S1008478,CUST101940,P10122,2026-04-06,2,COD,15525,11853.49,5,31050,1552.5,29497.5,Delivered
O2001299,S1008479,CUST104695,P10208,2026-04-25,1,Net Banking,9679,5536.57,10,9679,967.9,8711.1,Delivered
O2001300,S1008486,CUST102084,P10224,2026-01-17,1,UPI,1817,1295.8,0,1817,0.0,1817.0,Delivered
O2001301,S1008487,CUST104410,P10026,2026-01-25,1,Net Banking,16626,9676.0,0,16626,0.0,16626.0,Delivered
O2001302,S1008494,CUST104153,P10105,2026-03-10,2,COD,9875,6870.26,0,19750,0.0,19750.0,Delivered
O2001303,S1008495,CUST102331,P10002,2026-05-23,1,UPI,2459,1911.52,0,2459,0.0,2459.0,Delivered
O2001304,S1008502,CUST104951,P10009,2026-01-16,1,UPI,3303,1915.96,15,3303,495.45,2807.55,Delivered
O2001305,S1008508,CUST100850,P10054,2026-01-01,2,UPI,231,167.07,30,462,138.6,323.4,Delivered
O2001306,S1008514,CUST104632,P10064,2026-04-29,3,Credit Card,7246,5088.4,0,21738,0.0,21738.0,Delivered
O2001307,S1008520,CUST101395,P10057,2026-03-04,1,Net Banking,3407,1991.41,10,3407,340.7,3066.3,Delivered
O2001308,S1008528,CUST104606,P10049,2026-04-24,1,COD,23453,16779.94,0,23453,0.0,23453.0,Delivered
O2001309,S1008530,CUST100140,P10227,2026-05-30,1,UPI,3471,2208.54,30,3471,1041.3,2429.7,Delivered
O2001310,S1008533,CUST103843,P10181,2026-05-16,2,UPI,3031,1585.49,5,6062,303.1,5758.9,Delivered
O2001311,S1008541,CUST103564,P10071,2026-06-10,1,Debit Card,66043,44363.13,10,66043,6604.3,59438.7,Delivered
O2001312,S1008554,CUST103393,P10144,2026-01-19,1,UPI,1810,1018.16,0,1810,0.0,1810.0,Delivered
O2001313,S1008564,CUST104796,P10084,2026-01-18,2,Debit Card,5330,2842.99,0,10660,0.0,10660.0,Delivered
O2001314,S1008571,CUST103037,P10139,2026-02-22,1,UPI,848,614.49,10,848,84.8,763.2,Delivered
O2001315,S1008573,CUST104653,P10035,2026-06-28,2,UPI,15880,9770.01,20,31760,6352.0,25408.0,Delivered
O2001316,S1008578,CUST101143,P10104,2026-05-29,1,COD,5812,4517.78,15,5812,871.8,4940.2,Delivered
O2001317,S1008581,CUST104123,P10068,2026-03-04,2,COD,841,623.97,25,1682,420.5,1261.5,Delivered
O2001318,S1008598,CUST100642,P10138,2026-04-18,3,UPI,56677,40618.95,15,170031,25504.65,144526.35,Delivered
O2001319,S1008602,CUST100643,P10158,2026-06-23,2,Credit Card,2992,1787.19,30,5984,1795.2,4188.8,Delivered
O2001320,S1008608,CUST100849,P10275,2026-06-11,2,Net Banking,23193,17875.58,15,46386,6957.9,39428.1,Delivered
O2001321,S1008611,CUST103830,P10167,2026-05-24,3,Credit Card,19753,15401.71,0,59259,0.0,59259.0,Delivered
O2001322,S1008622,CUST102011,P10130,2026-03-19,1,Wallet,776,487.13,15,776,116.4,659.6,Delivered
O2001323,S1008633,CUST102934,P10088,2026-06-22,2,Net Banking,28130,21646.92,10,56260,5626.0,50634.0,Delivered
O2001324,S1008637,CUST102903,P10283,2026-01-16,2,UPI,33348,23060.2,15,66696,10004.4,56691.6,Delivered
O2001325,S1008649,CUST101916,P10077,2026-04-14,1,Net Banking,13761,7418.98,20,13761,2752.2,11008.8,Delivered
O2001326,S1008659,CUST100990,P10273,2026-06-26,1,UPI,48027,33244.33,15,48027,7204.05,40822.95,Delivered
O2001327,S1008662,CUST101433,P10255,2026-01-08,2,Wallet,9514,5100.94,20,19028,3805.6,15222.4,Delivered
O2001328,S1008667,CUST104297,P10280,2026-04-25,2,Credit Card,2303,1356.82,5,4606,230.3,4375.7,Delivered
O2001329,S1008670,CUST101292,P10079,2026-02-13,1,Credit Card,61135,43823.72,10,61135,6113.5,55021.5,Cancelled
O2001330,S1008671,CUST104935,P10133,2026-04-14,2,UPI,8047,4254.17,30,16094,4828.2,11265.8,Delivered
O2001331,S1008673,CUST101302,P10115,2026-05-16,2,UPI,10668,7010.79,20,21336,4267.2,17068.8,Delivered
O2001332,S1008677,CUST103251,P10284,2026-05-29,1,UPI,1898,1058.59,20,1898,379.6,1518.4,Delivered
O2001333,S1008680,CUST102110,P10254,2026-04-19,1,COD,3521,2178.11,10,3521,352.1,3168.9,Delivered
O2001334,S1008686,CUST100648,P10178,2026-01-25,2,Debit Card,1278,832.47,30,2556,766.8,1789.2,Delivered
O2001335,S1008688,CUST103826,P10043,2026-06-16,1,Debit Card,1883,1280.93,10,1883,188.3,1694.7,Delivered
O2001336,S1008691,CUST102269,P10165,2026-04-13,2,Debit Card,3733,2768.55,30,7466,2239.8,5226.2,Delivered
O2001337,S1008697,CUST104590,P10255,2026-05-01,2,COD,9514,5100.94,25,19028,4757.0,14271.0,Delivered
O2001338,S1008701,CUST100330,P10177,2026-05-05,2,UPI,7179,4294.95,25,14358,3589.5,10768.5,Delivered
O2001339,S1008704,CUST104054,P10266,2026-06-02,3,COD,4990,3619.71,5,14970,748.5,14221.5,Delivered
O2001340,S1008707,CUST100669,P10300,2026-06-20,2,UPI,10568,7818.24,25,21136,5284.0,15852.0,Delivered
O2001341,S1008715,CUST102374,P10071,2026-04-22,1,Credit Card,66043,44363.13,15,66043,9906.45,56136.55,Delivered
O2001342,S1008717,CUST101558,P10136,2026-02-14,1,Net Banking,5090,3231.92,20,5090,1018.0,4072.0,Delivered
O2001343,S1008720,CUST100448,P10160,2026-04-02,1,COD,2602,1698.27,10,2602,260.2,2341.8,Delivered
O2001344,S1008730,CUST104586,P10079,2026-06-10,1,Credit Card,61135,43823.72,20,61135,12227.0,48908.0,Delivered
O2001345,S1008754,CUST103879,P10093,2026-04-13,2,Wallet,3481,1818.59,10,6962,696.2,6265.8,Delivered
O2001346,S1008760,CUST104373,P10028,2026-01-17,1,UPI,5932,3311.67,10,5932,593.2,5338.8,Delivered
O2001347,S1008766,CUST102146,P10026,2026-02-10,2,COD,16626,9676.0,5,33252,1662.6,31589.4,Delivered
O2001348,S1008767,CUST100276,P10110,2026-05-12,3,UPI,23464,16729.04,5,70392,3519.6,66872.4,Delivered
O2001349,S1008768,CUST101267,P10129,2026-04-07,2,Net Banking,479,371.85,5,958,47.9,910.1,Delivered
O2001350,S1008773,CUST102320,P10051,2026-05-15,1,UPI,201,105.03,0,201,0.0,201.0,Delivered
O2001351,S1008775,CUST100852,P10099,2026-01-24,1,UPI,12825,8888.83,15,12825,1923.75,10901.25,Delivered
O2001352,S1008776,CUST100605,P10286,2026-02-13,1,Credit Card,4249,3140.86,25,4249,1062.25,3186.75,Delivered
O2001353,S1008784,CUST102199,P10289,2026-04-24,1,Debit Card,13420,8244.67,20,13420,2684.0,10736.0,Delivered
O2001354,S1008814,CUST103964,P10187,2026-01-23,2,Credit Card,21453,15652.9,15,42906,6435.9,36470.1,Delivered
O2001355,S1008823,CUST102072,P10209,2026-03-31,1,Credit Card,5849,4391.18,0,5849,0.0,5849.0,Delivered
O2001356,S1008826,CUST104834,P10036,2026-04-25,2,Wallet,55094,40455.54,15,110188,16528.2,93659.8,Delivered
O2001357,S1008828,CUST104639,P10012,2026-02-01,2,Credit Card,6050,4362.18,5,12100,605.0,11495.0,Delivered
O2001358,S1008830,CUST103130,P10214,2026-04-10,2,UPI,29722,18648.85,15,59444,8916.6,50527.4,Delivered
O2001359,S1008831,CUST102373,P10042,2026-03-23,1,COD,8220,6349.45,10,8220,822.0,7398.0,Delivered
O2001360,S1008832,CUST101461,P10067,2026-03-18,2,UPI,2119,1108.48,20,4238,847.6,3390.4,Delivered
O2001361,S1008853,CUST102798,P10241,2026-05-14,3,Credit Card,1644,984.23,20,4932,986.4,3945.6,Delivered
O2001362,S1008857,CUST103687,P10154,2026-04-16,3,Debit Card,19267,15018.89,0,57801,0.0,57801.0,Delivered
O2001363,S1008859,CUST103745,P10182,2026-01-24,1,Debit Card,7588,5180.35,30,7588,2276.4,5311.6,Delivered
O2001364,S1008893,CUST103599,P10112,2026-06-11,1,Credit Card,35103,24960.42,15,35103,5265.45,29837.55,Delivered
O2001365,S1008894,CUST102207,P10095,2026-02-11,1,Credit Card,5142,3088.55,0,5142,0.0,5142.0,Delivered
O2001366,S1008912,CUST102178,P10113,2026-04-30,1,Debit Card,1248,771.21,25,1248,312.0,936.0,Delivered
O2001367,S1008916,CUST100720,P10018,2026-05-06,1,Credit Card,9581,5047.77,15,9581,1437.15,8143.85,Delivered
O2001368,S1008918,CUST100875,P10210,2026-03-06,1,Credit Card,12116,8357.65,5,12116,605.8,11510.2,Delivered
O2001369,S1008919,CUST102879,P10011,2026-03-22,1,Wallet,5109,2851.33,10,5109,510.9,4598.1,Delivered
O2001370,S1008921,CUST104378,P10103,2026-05-10,1,UPI,24644,14282.92,20,24644,4928.8,19715.2,Delivered
O2001371,S1008931,CUST100696,P10093,2026-03-28,1,Net Banking,3481,1818.59,0,3481,0.0,3481.0,Cancelled
O2001372,S1008935,CUST101927,P10234,2026-01-05,2,Debit Card,36971,27562.66,5,73942,3697.1,70244.9,Delivered
O2001373,S1008938,CUST103732,P10208,2026-06-12,2,Credit Card,9679,5536.57,10,19358,1935.8,17422.2,Delivered
O2001374,S1008946,CUST103307,P10224,2026-06-17,1,UPI,1817,1295.8,30,1817,545.1,1271.9,Delivered
O2001375,S1008959,CUST100806,P10156,2026-04-07,3,Credit Card,1637,916.11,15,4911,736.65,4174.35,Delivered
O2001376,S1008962,CUST102810,P10164,2026-01-22,1,UPI,1457,948.54,20,1457,291.4,1165.6,Delivered
O2001377,S1008974,CUST101343,P10293,2026-01-19,2,Credit Card,3905,2327.97,0,7810,0.0,7810.0,Cancelled
O2001378,S1008986,CUST101647,P10136,2026-03-21,1,UPI,5090,3231.92,20,5090,1018.0,4072.0,Delivered
O2001379,S1008989,CUST102838,P10109,2026-05-30,2,Net Banking,9721,6690.28,0,19442,0.0,19442.0,Delivered
O2001380,S1008999,CUST101288,P10061,2026-05-17,1,Credit Card,6549,4234.25,5,6549,327.45,6221.55,Delivered
O2001381,S1009000,CUST104945,P10068,2026-06-10,1,Net Banking,841,623.97,10,841,84.1,756.9,Delivered
O2001382,S1009005,CUST102227,P10067,2026-04-23,2,UPI,2119,1108.48,20,4238,847.6,3390.4,Delivered
O2001383,S1009010,CUST103906,P10004,2026-04-28,1,Net Banking,4027,3077.25,10,4027,402.7,3624.3,Delivered
O2001384,S1009017,CUST104470,P10154,2026-05-30,1,UPI,19267,15018.89,10,19267,1926.7,17340.3,Delivered
O2001385,S1009035,CUST104494,P10279,2026-03-05,1,UPI,2276,1649.23,10,2276,227.6,2048.4,Delivered
O2001386,S1009039,CUST103262,P10115,2026-06-20,3,Credit Card,10668,7010.79,0,32004,0.0,32004.0,Delivered
O2001387,S1009042,CUST100083,P10043,2026-06-18,1,Debit Card,1883,1280.93,5,1883,94.15,1788.85,Delivered
O2001388,S1009046,CUST101409,P10152,2026-03-06,2,COD,5488,3309.39,5,10976,548.8,10427.2,Delivered
O2001389,S1009051,CUST103729,P10268,2026-03-03,1,Credit Card,4912,2724.22,25,4912,1228.0,3684.0,Delivered
O2001390,S1009053,CUST100733,P10071,2026-03-17,1,Credit Card,66043,44363.13,0,66043,0.0,66043.0,Delivered
O2001391,S1009059,CUST101262,P10097,2026-02-03,2,UPI,9087,4849.76,0,18174,0.0,18174.0,Delivered
O2001392,S1009068,CUST104660,P10045,2026-06-08,1,Credit Card,10136,7547.37,10,10136,1013.6,9122.4,Delivered
O2001393,S1009071,CUST101784,P10183,2026-02-24,1,Debit Card,1477,1130.4,15,1477,221.55,1255.45,Delivered
O2001394,S1009073,CUST100615,P10011,2026-02-04,1,Credit Card,5109,2851.33,0,5109,0.0,5109.0,Delivered
O2001395,S1009075,CUST100240,P10182,2026-03-21,1,UPI,7588,5180.35,25,7588,1897.0,5691.0,Delivered
O2001396,S1009079,CUST100159,P10206,2026-05-23,1,Debit Card,5268,3248.49,15,5268,790.2,4477.8,Delivered
O2001397,S1009089,CUST104318,P10076,2026-04-04,2,UPI,5696,3112.1,20,11392,2278.4,9113.6,Delivered
O2001398,S1009095,CUST104777,P10037,2026-01-19,1,COD,3901,2527.67,10,3901,390.1,3510.9,Delivered
O2001399,S1009098,CUST104489,P10038,2026-04-30,3,Net Banking,3461,2654.94,0,10383,0.0,10383.0,Delivered
O2001400,S1009101,CUST102822,P10218,2026-04-16,2,Wallet,46613,31735.95,0,93226,0.0,93226.0,Delivered
O2001401,S1009102,CUST103866,P10244,2026-04-16,1,UPI,22780,13006.79,0,22780,0.0,22780.0,Delivered
O2001402,S1009108,CUST100437,P10192,2026-02-05,2,Debit Card,897,502.88,0,1794,0.0,1794.0,Delivered
O2001403,S1009114,CUST104361,P10234,2026-01-29,1,Credit Card,36971,27562.66,10,36971,3697.1,33273.9,Delivered
O2001404,S1009118,CUST102926,P10208,2026-05-24,3,UPI,9679,5536.57,20,29037,5807.4,23229.6,Delivered
O2001405,S1009119,CUST101369,P10260,2026-01-28,3,Credit Card,3589,2211.57,10,10767,1076.7,9690.3,Delivered
O2001406,S1009128,CUST101623,P10277,2026-03-18,1,UPI,3998,2912.65,20,3998,799.6,3198.4,Delivered
O2001407,S1009150,CUST104854,P10145,2026-05-07,1,Wallet,872,606.55,15,872,130.8,741.2,Delivered
O2001408,S1009156,CUST102126,P10197,2026-05-11,2,Debit Card,9663,6464.22,10,19326,1932.6,17393.4,Delivered
O2001409,S1009167,CUST104929,P10013,2026-05-21,2,UPI,21186,12092.0,10,42372,4237.2,38134.8,Delivered
O2001410,S1009170,CUST102007,P10106,2026-02-20,1,Debit Card,3396,2604.41,20,3396,679.2,2716.8,Delivered
O2001411,S1009190,CUST103932,P10183,2026-01-22,1,Credit Card,1477,1130.4,20,1477,295.4,1181.6,Delivered
O2001412,S1009198,CUST101714,P10262,2026-05-08,2,UPI,2779,1969.59,0,5558,0.0,5558.0,Delivered
O2001413,S1009200,CUST103505,P10015,2026-01-08,1,Debit Card,11273,6404.53,15,11273,1690.95,9582.05,Delivered
O2001414,S1009207,CUST102558,P10188,2026-06-11,1,Credit Card,1125,605.0,20,1125,225.0,900.0,Delivered
O2001415,S1009230,CUST104872,P10107,2026-03-15,1,COD,6047,3588.8,0,6047,0.0,6047.0,Delivered
O2001416,S1009235,CUST101033,P10179,2026-04-04,2,Debit Card,38788,21658.7,10,77576,7757.6,69818.4,Delivered
O2001417,S1009239,CUST100513,P10196,2026-04-04,2,Net Banking,659,488.2,15,1318,197.7,1120.3,Delivered
O2001418,S1009252,CUST101226,P10257,2026-04-06,1,COD,988,536.3,5,988,49.4,938.6,Cancelled
O2001419,S1009259,CUST100633,P10057,2026-06-09,3,UPI,3407,1991.41,20,10221,2044.2,8176.8,Delivered
O2001420,S1009261,CUST104695,P10040,2026-06-01,3,Net Banking,22035,16539.3,15,66105,9915.75,56189.25,Delivered
O2001421,S1009263,CUST100415,P10161,2026-01-02,1,Credit Card,642,377.78,5,642,32.1,609.9,Delivered
O2001422,S1009270,CUST101780,P10124,2026-04-03,2,UPI,3200,2461.55,15,6400,960.0,5440.0,Delivered
O2001423,S1009272,CUST100130,P10143,2026-04-10,1,UPI,11876,8893.28,20,11876,2375.2,9500.8,Delivered
O2001424,S1009273,CUST104215,P10137,2026-01-08,3,UPI,19557,10748.7,5,58671,2933.55,55737.45,Delivered
O2001425,S1009289,CUST104200,P10026,2026-03-25,2,Credit Card,16626,9676.0,5,33252,1662.6,31589.4,Delivered
O2001426,S1009324,CUST103396,P10254,2026-05-28,3,Net Banking,3521,2178.11,25,10563,2640.75,7922.25,Delivered
O2001427,S1009330,CUST103125,P10080,2026-02-08,3,Credit Card,21455,12114.76,5,64365,3218.25,61146.75,Delivered
O2001428,S1009346,CUST104218,P10128,2026-03-07,2,COD,41039,31852.39,5,82078,4103.9,77974.1,Delivered
O2001429,S1009356,CUST100218,P10259,2026-05-13,3,UPI,23155,17448.81,25,69465,17366.25,52098.75,Delivered
O2001430,S1009359,CUST101717,P10088,2026-04-14,1,UPI,28130,21646.92,20,28130,5626.0,22504.0,Delivered
O2001431,S1009383,CUST100147,P10227,2026-05-23,3,COD,3471,2208.54,15,10413,1561.95,8851.05,Delivered
O2001432,S1009387,CUST100852,P10087,2026-06-08,1,Credit Card,3581,2362.63,20,3581,716.2,2864.8,Delivered
O2001433,S1009388,CUST104524,P10102,2026-05-08,2,UPI,1713,1304.26,5,3426,171.3,3254.7,Delivered
O2001434,S1009392,CUST103184,P10260,2026-05-04,3,Credit Card,3589,2211.57,0,10767,0.0,10767.0,Delivered
O2001435,S1009400,CUST102241,P10073,2026-01-08,2,UPI,6709,5226.32,0,13418,0.0,13418.0,Delivered
O2001436,S1009402,CUST103203,P10287,2026-06-05,3,COD,409,292.05,10,1227,122.7,1104.3,Delivered
O2001437,S1009403,CUST100343,P10159,2026-03-12,1,UPI,2037,1111.1,0,2037,0.0,2037.0,Delivered
O2001438,S1009412,CUST101912,P10205,2026-05-30,2,UPI,2967,1938.06,15,5934,890.1,5043.9,Delivered
O2001439,S1009415,CUST102247,P10066,2026-05-17,1,UPI,3823,2537.87,25,3823,955.75,2867.25,Delivered
O2001440,S1009417,CUST102952,P10034,2026-01-03,1,COD,4761,3270.38,15,4761,714.15,4046.85,Delivered
O2001441,S1009425,CUST100327,P10075,2026-01-01,2,COD,2665,1597.46,10,5330,533.0,4797.0,Delivered
O2001442,S1009426,CUST103567,P10014,2026-06-08,1,COD,1140,671.82,0,1140,0.0,1140.0,Delivered
O2001443,S1009433,CUST104483,P10197,2026-04-03,2,UPI,9663,6464.22,25,19326,4831.5,14494.5,Delivered
O2001444,S1009435,CUST101154,P10048,2026-03-01,2,UPI,10082,5617.48,0,20164,0.0,20164.0,Delivered
O2001445,S1009439,CUST103483,P10281,2026-05-20,3,Debit Card,3253,2264.87,20,9759,1951.8,7807.2,Cancelled
O2001446,S1009447,CUST100826,P10001,2026-05-11,1,UPI,59620,39248.59,15,59620,8943.0,50677.0,Delivered
O2001447,S1009455,CUST101360,P10072,2026-06-06,1,COD,30444,20638.98,5,30444,1522.2,28921.8,Delivered
O2001448,S1009457,CUST102561,P10011,2026-05-05,1,Debit Card,5109,2851.33,10,5109,510.9,4598.1,Delivered
O2001449,S1009460,CUST100283,P10208,2026-06-25,1,Debit Card,9679,5536.57,0,9679,0.0,9679.0,Delivered
O2001450,S1009461,CUST101140,P10091,2026-01-11,2,COD,8871,6703.6,0,17742,0.0,17742.0,Delivered
O2001451,S1009464,CUST102980,P10283,2026-05-27,2,UPI,33348,23060.2,0,66696,0.0,66696.0,Delivered
O2001452,S1009473,CUST102365,P10097,2026-02-21,1,COD,9087,4849.76,25,9087,2271.75,6815.25,Delivered
O2001453,S1009492,CUST101674,P10046,2026-04-25,2,UPI,6966,5023.33,10,13932,1393.2,12538.8,Delivered
O2001454,S1009494,CUST103492,P10276,2026-05-25,3,UPI,13124,7781.19,25,39372,9843.0,29529.0,Delivered
O2001455,S1009503,CUST101464,P10102,2026-06-28,3,UPI,1713,1304.26,0,5139,0.0,5139.0,Delivered
O2001456,S1009534,CUST100296,P10125,2026-06-14,2,Net Banking,810,501.25,20,1620,324.0,1296.0,Delivered
O2001457,S1009538,CUST102866,P10216,2026-04-27,3,UPI,26876,16855.26,25,80628,20157.0,60471.0,Delivered
O2001458,S1009542,CUST101133,P10044,2026-05-29,3,COD,49345,36903.93,10,148035,14803.5,133231.5,Delivered
O2001459,S1009551,CUST101527,P10006,2026-01-15,1,Net Banking,2708,1571.31,0,2708,0.0,2708.0,Cancelled
O2001460,S1009552,CUST101502,P10034,2026-01-02,1,Net Banking,4761,3270.38,15,4761,714.15,4046.85,Delivered
O2001461,S1009559,CUST102572,P10255,2026-03-25,2,Credit Card,9514,5100.94,0,19028,0.0,19028.0,Delivered
O2001462,S1009570,CUST103663,P10136,2026-02-08,2,UPI,5090,3231.92,5,10180,509.0,9671.0,Delivered
O2001463,S1009581,CUST100145,P10198,2026-04-22,1,Debit Card,32876,23438.24,25,32876,8219.0,24657.0,Delivered
O2001464,S1009585,CUST101831,P10229,2026-02-23,2,UPI,893,631.69,20,1786,357.2,1428.8,Delivered
O2001465,S1009587,CUST100083,P10041,2026-01-13,2,Net Banking,6442,3659.95,5,12884,644.2,12239.8,Delivered
O2001466,S1009589,CUST103340,P10100,2026-05-01,1,Debit Card,22483,16903.72,5,22483,1124.15,21358.85,Delivered
O2001467,S1009608,CUST104261,P10211,2026-02-02,2,UPI,3579,2686.65,20,7158,1431.6,5726.4,Cancelled
O2001468,S1009609,CUST100428,P10006,2026-03-10,2,Credit Card,2708,1571.31,15,5416,812.4,4603.6,Delivered
O2001469,S1009628,CUST101592,P10295,2026-02-27,1,Debit Card,3907,2124.83,15,3907,586.05,3320.95,Delivered
O2001470,S1009636,CUST103960,P10149,2026-04-24,1,Net Banking,9529,5928.93,0,9529,0.0,9529.0,Delivered
O2001471,S1009639,CUST100769,P10262,2026-01-03,2,Debit Card,2779,1969.59,5,5558,277.9,5280.1,Delivered
O2001472,S1009640,CUST100139,P10180,2026-06-22,1,COD,5318,3704.39,20,5318,1063.6,4254.4,Delivered
O2001473,S1009644,CUST102388,P10190,2026-06-14,2,UPI,36819,20149.38,0,73638,0.0,73638.0,Cancelled
O2001474,S1009645,CUST102526,P10191,2026-02-22,3,Credit Card,3889,2670.53,20,11667,2333.4,9333.6,Delivered
O2001475,S1009655,CUST103541,P10222,2026-04-06,2,COD,5863,3845.53,10,11726,1172.6,10553.4,Delivered
O2001476,S1009663,CUST103099,P10121,2026-04-13,1,COD,3072,2175.95,0,3072,0.0,3072.0,Delivered
O2001477,S1009669,CUST100989,P10099,2026-06-05,1,UPI,12825,8888.83,5,12825,641.25,12183.75,Delivered
O2001478,S1009679,CUST101824,P10131,2026-02-17,1,UPI,17602,13555.92,20,17602,3520.4,14081.6,Delivered
O2001479,S1009687,CUST103567,P10092,2026-02-26,1,Debit Card,64365,33832.13,20,64365,12873.0,51492.0,Delivered
O2001480,S1009693,CUST100342,P10010,2026-01-22,1,Debit Card,5346,3925.5,0,5346,0.0,5346.0,Delivered
O2001481,S1009695,CUST102827,P10265,2026-01-16,1,UPI,9033,6070.38,5,9033,451.65,8581.35,Delivered
O2001482,S1009714,CUST103322,P10164,2026-06-20,1,UPI,1457,948.54,0,1457,0.0,1457.0,Delivered
O2001483,S1009721,CUST102794,P10162,2026-02-09,1,UPI,1909,1328.04,10,1909,190.9,1718.1,Delivered
O2001484,S1009738,CUST103008,P10151,2026-05-23,3,Net Banking,3881,2822.56,0,11643,0.0,11643.0,Delivered
O2001485,S1009739,CUST100476,P10037,2026-01-15,1,Credit Card,3901,2527.67,15,3901,585.15,3315.85,Delivered
O2001486,S1009752,CUST102156,P10015,2026-04-15,1,Credit Card,11273,6404.53,5,11273,563.65,10709.35,Delivered
O2001487,S1009756,CUST104277,P10155,2026-02-28,3,UPI,16320,8969.89,0,48960,0.0,48960.0,Delivered
O2001488,S1009759,CUST100232,P10212,2026-04-30,1,Net Banking,5453,4048.83,20,5453,1090.6,4362.4,Delivered
O2001489,S1009764,CUST102067,P10137,2026-06-12,2,Credit Card,19557,10748.7,10,39114,3911.4,35202.6,Delivered
O2001490,S1009765,CUST101311,P10147,2026-05-15,2,Credit Card,2573,1365.43,0,5146,0.0,5146.0,Delivered
O2001491,S1009766,CUST100159,P10190,2026-04-07,2,COD,36819,20149.38,0,73638,0.0,73638.0,Delivered
O2001492,S1009768,CUST101587,P10128,2026-04-03,2,UPI,41039,31852.39,10,82078,8207.8,73870.2,Delivered
O2001493,S1009784,CUST100946,P10075,2026-05-08,3,COD,2665,1597.46,10,7995,799.5,7195.5,Delivered
O2001494,S1009792,CUST101868,P10122,2026-02-01,2,UPI,15525,11853.49,5,31050,1552.5,29497.5,Delivered
O2001495,S1009794,CUST103806,P10213,2026-01-17,2,Credit Card,9621,5332.56,15,19242,2886.3,16355.7,Delivered
O2001496,S1009796,CUST104780,P10242,2026-02-05,2,Debit Card,1757,1230.79,0,3514,0.0,3514.0,Delivered
O2001497,S1009807,CUST100320,P10279,2026-05-02,1,Debit Card,2276,1649.23,20,2276,455.2,1820.8,Delivered
O2001498,S1009810,CUST101928,P10217,2026-06-25,1,Debit Card,2763,1694.32,0,2763,0.0,2763.0,Delivered
O2001499,S1009812,CUST104117,P10202,2026-05-21,1,Credit Card,36183,20924.16,25,36183,9045.75,27137.25,Delivered
O2001500,S1009814,CUST102528,P10108,2026-01-19,1,Credit Card,4124,2828.95,10,4124,412.4,3711.6,Delivered
O2001501,S1009815,CUST103867,P10105,2026-05-20,2,Wallet,9875,6870.26,25,19750,4937.5,14812.5,Delivered
O2001502,S1009858,CUST101428,P10215,2026-05-20,3,Net Banking,2133,1449.01,10,6399,639.9,5759.1,Delivered
O2001503,S1009859,CUST103511,P10121,2026-04-11,2,UPI,3072,2175.95,0,6144,0.0,6144.0,Delivered
O2001504,S1009863,CUST103397,P10091,2026-02-10,1,UPI,8871,6703.6,0,8871,0.0,8871.0,Delivered
O2001505,S1009867,CUST101583,P10105,2026-06-07,1,UPI,9875,6870.26,10,9875,987.5,8887.5,Delivered
O2001506,S1009878,CUST101173,P10262,2026-02-23,3,UPI,2779,1969.59,20,8337,1667.4,6669.6,Delivered
O2001507,S1009889,CUST101316,P10254,2026-06-27,1,UPI,3521,2178.11,10,3521,352.1,3168.9,Delivered
O2001508,S1009892,CUST100051,P10298,2026-01-29,2,Credit Card,28854,21164.5,25,57708,14427.0,43281.0,Delivered
O2001509,S1009911,CUST103016,P10187,2026-03-26,1,Wallet,21453,15652.9,0,21453,0.0,21453.0,Delivered
O2001510,S1009913,CUST103480,P10103,2026-04-28,2,Debit Card,24644,14282.92,0,49288,0.0,49288.0,Delivered
O2001511,S1009915,CUST104028,P10178,2026-02-03,1,Net Banking,1278,832.47,20,1278,255.6,1022.4,Delivered
O2001512,S1009922,CUST100237,P10141,2026-02-15,1,Credit Card,8126,5924.94,15,8126,1218.9,6907.1,Delivered
O2001513,S1009937,CUST101087,P10123,2026-05-09,1,COD,13321,7090.49,15,13321,1998.15,11322.85,Delivered
O2001514,S1009938,CUST101994,P10090,2026-03-29,3,Net Banking,7588,4498.47,10,22764,2276.4,20487.6,Cancelled
O2001515,S1009951,CUST102121,P10249,2026-05-04,1,UPI,8991,5130.06,10,8991,899.1,8091.9,Delivered
O2001516,S1009953,CUST102683,P10080,2026-05-08,1,COD,21455,12114.76,0,21455,0.0,21455.0,Cancelled
O2001517,S1009955,CUST103151,P10080,2026-05-24,1,UPI,21455,12114.76,0,21455,0.0,21455.0,Delivered
O2001518,S1009962,CUST104475,P10161,2026-06-04,3,COD,642,377.78,15,1926,288.9,1637.1,Delivered
O2001519,S1009996,CUST102403,P10009,2026-06-09,2,UPI,3303,1915.96,0,6606,0.0,6606.0,Delivered
O2001520,S1009998,CUST102632,P10217,2026-06-01,1,COD,2763,1694.32,10,2763,276.3,2486.7,Delivered
O2001521,S1010004,CUST100670,P10081,2026-03-10,2,Debit Card,4763,2816.9,10,9526,952.6,8573.4,Delivered
O2001522,S1010006,CUST100616,P10138,2026-04-06,2,UPI,56677,40618.95,30,113354,34006.2,79347.8,Delivered
O2001523,S1010018,CUST100367,P10150,2026-05-28,3,Credit Card,251,139.85,25,753,188.25,564.75,Delivered
O2001524,S1010022,CUST103285,P10080,2026-04-01,1,COD,21455,12114.76,10,21455,2145.5,19309.5,Delivered
O2001525,S1010030,CUST101930,P10153,2026-06-22,3,COD,1705,1045.99,5,5115,255.75,4859.25,Delivered
O2001526,S1010035,CUST103812,P10278,2026-03-13,2,Wallet,771,402.83,10,1542,154.2,1387.8,Delivered
O2001527,S1010038,CUST103257,P10193,2026-04-18,2,UPI,49892,32028.99,15,99784,14967.6,84816.4,Delivered
O2001528,S1010039,CUST103987,P10255,2026-06-05,2,UPI,9514,5100.94,10,19028,1902.8,17125.2,Delivered
O2001529,S1010042,CUST101694,P10215,2026-05-15,1,COD,2133,1449.01,15,2133,319.95,1813.05,Delivered
O2001530,S1010044,CUST104012,P10133,2026-02-24,2,UPI,8047,4254.17,10,16094,1609.4,14484.6,Delivered
O2001531,S1010074,CUST103633,P10107,2026-04-24,2,UPI,6047,3588.8,30,12094,3628.2,8465.8,Delivered
O2001532,S1010075,CUST103482,P10088,2026-06-05,2,Wallet,28130,21646.92,15,56260,8439.0,47821.0,Delivered
O2001533,S1010085,CUST100696,P10177,2026-05-05,1,Credit Card,7179,4294.95,0,7179,0.0,7179.0,Delivered
O2001534,S1010087,CUST102385,P10069,2026-04-25,3,Credit Card,15591,10193.15,10,46773,4677.3,42095.7,Delivered
O2001535,S1010089,CUST102496,P10012,2026-03-14,1,Debit Card,6050,4362.18,10,6050,605.0,5445.0,Delivered
O2001536,S1010097,CUST104505,P10198,2026-05-27,3,UPI,32876,23438.24,10,98628,9862.8,88765.2,Delivered
O2001537,S1010109,CUST100258,P10175,2026-01-27,1,Credit Card,2611,1496.48,10,2611,261.1,2349.9,Delivered
O2001538,S1010130,CUST104924,P10035,2026-02-25,1,Wallet,15880,9770.01,10,15880,1588.0,14292.0,Delivered
O2001539,S1010135,CUST102799,P10042,2026-05-28,1,UPI,8220,6349.45,20,8220,1644.0,6576.0,Delivered
O2001540,S1010140,CUST103827,P10262,2026-02-01,1,Credit Card,2779,1969.59,15,2779,416.85,2362.15,Delivered
O2001541,S1010146,CUST100618,P10139,2026-05-13,1,COD,848,614.49,20,848,169.6,678.4,Cancelled
O2001542,S1010147,CUST101572,P10218,2026-02-25,1,Debit Card,46613,31735.95,20,46613,9322.6,37290.4,Delivered
O2001543,S1010150,CUST100582,P10032,2026-05-13,1,Debit Card,1783,1149.52,0,1783,0.0,1783.0,Delivered
O2001544,S1010152,CUST100601,P10238,2026-03-01,3,COD,31827,19106.85,20,95481,19096.2,76384.8,Delivered
O2001545,S1010153,CUST100979,P10040,2026-04-02,1,Net Banking,22035,16539.3,20,22035,4407.0,17628.0,Delivered
O2001546,S1010154,CUST100515,P10257,2026-03-29,1,UPI,988,536.3,15,988,148.2,839.8,Delivered
O2001547,S1010159,CUST100630,P10146,2026-03-12,1,Debit Card,13773,10462.06,10,13773,1377.3,12395.7,Delivered
O2001548,S1010166,CUST104641,P10199,2026-02-20,1,COD,22784,17284.35,10,22784,2278.4,20505.6,Delivered
O2001549,S1010177,CUST102223,P10151,2026-02-28,2,Credit Card,3881,2822.56,10,7762,776.2,6985.8,Delivered
O2001550,S1010184,CUST104823,P10084,2026-06-24,2,Debit Card,5330,2842.99,0,10660,0.0,10660.0,Delivered
O2001551,S1010202,CUST101784,P10142,2026-05-19,2,UPI,68955,39692.83,0,137910,0.0,137910.0,Delivered
O2001552,S1010203,CUST102144,P10275,2026-04-05,3,Net Banking,23193,17875.58,25,69579,17394.75,52184.25,Delivered
O2001553,S1010210,CUST104179,P10018,2026-01-30,2,COD,9581,5047.77,0,19162,0.0,19162.0,Cancelled
O2001554,S1010212,CUST104623,P10228,2026-01-20,1,UPI,5785,4065.12,15,5785,867.75,4917.25,Delivered
O2001555,S1010214,CUST100762,P10210,2026-01-14,2,UPI,12116,8357.65,30,24232,7269.6,16962.4,Delivered
O2001556,S1010222,CUST101965,P10275,2026-02-11,2,Credit Card,23193,17875.58,0,46386,0.0,46386.0,Delivered
O2001557,S1010223,CUST102040,P10071,2026-01-10,2,UPI,66043,44363.13,0,132086,0.0,132086.0,Delivered
O2001558,S1010230,CUST102592,P10093,2026-03-09,1,UPI,3481,1818.59,0,3481,0.0,3481.0,Delivered
O2001559,S1010235,CUST100245,P10036,2026-03-06,1,UPI,55094,40455.54,15,55094,8264.1,46829.9,Delivered
O2001560,S1010238,CUST101779,P10167,2026-04-18,1,Debit Card,19753,15401.71,20,19753,3950.6,15802.4,Delivered
O2001561,S1010268,CUST100205,P10186,2026-05-24,3,UPI,47740,30071.34,0,143220,0.0,143220.0,Delivered
O2001562,S1010271,CUST101550,P10210,2026-01-11,1,Credit Card,12116,8357.65,0,12116,0.0,12116.0,Delivered
O2001563,S1010282,CUST102933,P10175,2026-03-02,3,COD,2611,1496.48,10,7833,783.3,7049.7,Delivered
O2001564,S1010285,CUST103087,P10275,2026-02-02,2,UPI,23193,17875.58,15,46386,6957.9,39428.1,Delivered
O2001565,S1010292,CUST103433,P10026,2026-01-05,2,Debit Card,16626,9676.0,20,33252,6650.4,26601.6,Delivered
O2001566,S1010300,CUST101638,P10181,2026-05-28,2,Net Banking,3031,1585.49,0,6062,0.0,6062.0,Delivered
O2001567,S1010307,CUST102220,P10016,2026-02-06,2,UPI,29684,19540.47,20,59368,11873.6,47494.4,Delivered
O2001568,S1010318,CUST102276,P10096,2026-03-07,1,Credit Card,22742,15269.86,0,22742,0.0,22742.0,Delivered
O2001569,S1010327,CUST104217,P10188,2026-02-11,1,COD,1125,605.0,5,1125,56.25,1068.75,Delivered
O2001570,S1010328,CUST102074,P10051,2026-05-10,1,UPI,201,105.03,25,201,50.25,150.75,Delivered
O2001571,S1010334,CUST102355,P10184,2026-03-25,1,UPI,45438,26626.58,10,45438,4543.8,40894.2,Delivered
O2001572,S1010338,CUST101144,P10092,2026-01-25,3,Credit Card,64365,33832.13,25,193095,48273.75,144821.25,Delivered
O2001573,S1010344,CUST102853,P10115,2026-06-25,2,Debit Card,10668,7010.79,15,21336,3200.4,18135.6,Delivered
O2001574,S1010347,CUST103257,P10136,2026-04-27,1,Debit Card,5090,3231.92,10,5090,509.0,4581.0,Delivered
O2001575,S1010348,CUST101960,P10095,2026-03-01,3,Net Banking,5142,3088.55,20,15426,3085.2,12340.8,Delivered
O2001576,S1010350,CUST104625,P10141,2026-05-22,1,UPI,8126,5924.94,0,8126,0.0,8126.0,Delivered
O2001577,S1010351,CUST101460,P10088,2026-06-03,1,UPI,28130,21646.92,10,28130,2813.0,25317.0,Delivered
O2001578,S1010367,CUST102564,P10062,2026-06-18,1,Debit Card,3742,2211.37,15,3742,561.3,3180.7,Delivered
O2001579,S1010368,CUST100464,P10140,2026-06-21,2,Debit Card,24307,15572.5,5,48614,2430.7,46183.3,Delivered
O2001580,S1010378,CUST101967,P10037,2026-03-03,1,UPI,3901,2527.67,25,3901,975.25,2925.75,Delivered
O2001581,S1010391,CUST103918,P10222,2026-03-29,2,UPI,5863,3845.53,30,11726,3517.8,8208.2,Delivered
O2001582,S1010393,CUST102470,P10222,2026-02-14,1,Debit Card,5863,3845.53,15,5863,879.45,4983.55,Delivered
O2001583,S1010401,CUST103666,P10130,2026-05-01,2,Debit Card,776,487.13,25,1552,388.0,1164.0,Delivered
O2001584,S1010408,CUST100540,P10282,2026-05-19,1,UPI,3313,2240.18,20,3313,662.6,2650.4,Delivered
O2001585,S1010410,CUST101944,P10075,2026-05-24,1,Net Banking,2665,1597.46,20,2665,533.0,2132.0,Delivered
O2001586,S1010411,CUST104460,P10090,2026-03-13,1,Credit Card,7588,4498.47,0,7588,0.0,7588.0,Delivered
O2001587,S1010416,CUST101246,P10137,2026-02-14,1,Credit Card,19557,10748.7,5,19557,977.85,18579.15,Delivered
O2001588,S1010423,CUST100630,P10128,2026-03-04,1,Credit Card,41039,31852.39,25,41039,10259.75,30779.25,Delivered
O2001589,S1010426,CUST103432,P10273,2026-03-18,1,UPI,48027,33244.33,25,48027,12006.75,36020.25,Delivered
O2001590,S1010433,CUST100719,P10170,2026-01-08,3,UPI,1224,694.2,0,3672,0.0,3672.0,Delivered
O2001591,S1010446,CUST100745,P10246,2026-03-15,2,Debit Card,12255,8674.13,10,24510,2451.0,22059.0,Delivered
O2001592,S1010463,CUST102799,P10175,2026-06-02,1,UPI,2611,1496.48,15,2611,391.65,2219.35,Delivered
O2001593,S1010465,CUST104057,P10037,2026-06-06,2,UPI,3901,2527.67,15,7802,1170.3,6631.7,Delivered
O2001594,S1010470,CUST101316,P10141,2026-05-16,2,Debit Card,8126,5924.94,15,16252,2437.8,13814.2,Delivered
O2001595,S1010474,CUST103342,P10171,2026-01-08,2,UPI,8740,5130.1,15,17480,2622.0,14858.0,Delivered
O2001596,S1010475,CUST100257,P10160,2026-03-06,2,Debit Card,2602,1698.27,10,5204,520.4,4683.6,Delivered
O2001597,S1010477,CUST102563,P10156,2026-04-25,1,Debit Card,1637,916.11,10,1637,163.7,1473.3,Delivered
O2001598,S1010478,CUST101668,P10232,2026-05-13,3,UPI,769,438.83,20,2307,461.4,1845.6,Delivered
O2001599,S1010483,CUST101580,P10162,2026-02-07,1,UPI,1909,1328.04,10,1909,190.9,1718.1,Delivered
O2001600,S1010489,CUST104470,P10072,2026-03-02,3,UPI,30444,20638.98,0,91332,0.0,91332.0,Delivered
O2001601,S1010497,CUST100954,P10181,2026-05-14,2,Debit Card,3031,1585.49,5,6062,303.1,5758.9,Delivered
O2001602,S1010499,CUST100908,P10284,2026-05-23,2,Debit Card,1898,1058.59,10,3796,379.6,3416.4,Delivered
O2001603,S1010504,CUST102789,P10257,2026-06-15,1,Credit Card,988,536.3,5,988,49.4,938.6,Delivered
O2001604,S1010512,CUST100405,P10048,2026-06-06,1,Debit Card,10082,5617.48,20,10082,2016.4,8065.6,Delivered
O2001605,S1010515,CUST104963,P10270,2026-03-22,1,Debit Card,996,636.03,5,996,49.8,946.2,Delivered
O2001606,S1010530,CUST100786,P10027,2026-03-13,1,Net Banking,7408,4535.44,0,7408,0.0,7408.0,Cancelled
O2001607,S1010536,CUST104272,P10180,2026-06-03,3,Credit Card,5318,3704.39,10,15954,1595.4,14358.6,Delivered
O2001608,S1010537,CUST100359,P10300,2026-03-24,1,Credit Card,10568,7818.24,25,10568,2642.0,7926.0,Delivered
O2001609,S1010547,CUST101562,P10018,2026-02-26,1,Net Banking,9581,5047.77,0,9581,0.0,9581.0,Delivered
O2001610,S1010551,CUST100908,P10140,2026-06-27,3,COD,24307,15572.5,15,72921,10938.15,61982.85,Delivered
O2001611,S1010558,CUST100015,P10092,2026-02-15,1,COD,64365,33832.13,5,64365,3218.25,61146.75,Delivered
O2001612,S1010559,CUST102038,P10153,2026-02-08,1,COD,1705,1045.99,20,1705,341.0,1364.0,Delivered
O2001613,S1010560,CUST103489,P10018,2026-02-08,2,Debit Card,9581,5047.77,15,19162,2874.3,16287.7,Delivered
O2001614,S1010562,CUST100703,P10102,2026-06-14,2,UPI,1713,1304.26,10,3426,342.6,3083.4,Delivered
O2001615,S1010565,CUST104843,P10259,2026-06-04,2,UPI,23155,17448.81,25,46310,11577.5,34732.5,Delivered
O2001616,S1010570,CUST104952,P10140,2026-05-21,1,Debit Card,24307,15572.5,15,24307,3646.05,20660.95,Delivered
O2001617,S1010572,CUST100517,P10085,2026-02-12,3,COD,1989,1381.25,0,5967,0.0,5967.0,Delivered
O2001618,S1010577,CUST100443,P10052,2026-04-27,2,Debit Card,3236,2324.09,0,6472,0.0,6472.0,Cancelled
O2001619,S1010585,CUST103843,P10136,2026-01-03,1,Credit Card,5090,3231.92,25,5090,1272.5,3817.5,Delivered
O2001620,S1010588,CUST103672,P10040,2026-02-14,2,UPI,22035,16539.3,0,44070,0.0,44070.0,Delivered
O2001621,S1010602,CUST103164,P10236,2026-06-10,3,Debit Card,854,611.4,0,2562,0.0,2562.0,Cancelled
O2001622,S1010609,CUST102560,P10231,2026-01-31,3,Net Banking,2132,1580.47,10,6396,639.6,5756.4,Delivered
O2001623,S1010612,CUST102333,P10277,2026-01-11,2,Credit Card,3998,2912.65,10,7996,799.6,7196.4,Delivered
O2001624,S1010629,CUST104962,P10137,2026-02-17,2,UPI,19557,10748.7,5,39114,1955.7,37158.3,Delivered
O2001625,S1010668,CUST103850,P10128,2026-06-03,1,UPI,41039,31852.39,25,41039,10259.75,30779.25,Delivered
O2001626,S1010673,CUST103867,P10233,2026-05-01,2,COD,1746,1303.96,5,3492,174.6,3317.4,Delivered
O2001627,S1010674,CUST104838,P10082,2026-03-29,1,Net Banking,47700,33642.14,20,47700,9540.0,38160.0,Delivered
O2001628,S1010679,CUST102941,P10087,2026-04-27,2,Credit Card,3581,2362.63,15,7162,1074.3,6087.7,Delivered
O2001629,S1010691,CUST102534,P10071,2026-01-10,1,UPI,66043,44363.13,30,66043,19812.9,46230.1,Delivered
O2001630,S1010693,CUST100466,P10042,2026-04-19,3,UPI,8220,6349.45,0,24660,0.0,24660.0,Delivered
O2001631,S1010699,CUST101808,P10121,2026-03-09,1,Net Banking,3072,2175.95,20,3072,614.4,2457.6,Delivered
O2001632,S1010707,CUST104846,P10101,2026-03-10,1,UPI,12746,6696.14,15,12746,1911.9,10834.1,Delivered
O2001633,S1010724,CUST103222,P10277,2026-06-03,2,Credit Card,3998,2912.65,10,7996,799.6,7196.4,Delivered
O2001634,S1010729,CUST101566,P10139,2026-02-21,1,COD,848,614.49,15,848,127.2,720.8,Delivered
O2001635,S1010735,CUST104334,P10242,2026-05-12,3,Net Banking,1757,1230.79,10,5271,527.1,4743.9,Cancelled
O2001636,S1010739,CUST103726,P10272,2026-05-18,3,Debit Card,2807,1874.84,0,8421,0.0,8421.0,Delivered
O2001637,S1010745,CUST103675,P10204,2026-02-14,1,COD,29027,15561.91,0,29027,0.0,29027.0,Delivered
O2001638,S1010752,CUST100652,P10071,2026-01-12,2,Credit Card,66043,44363.13,20,132086,26417.2,105668.8,Delivered
O2001639,S1010754,CUST100802,P10138,2026-03-25,1,Net Banking,56677,40618.95,0,56677,0.0,56677.0,Delivered
O2001640,S1010767,CUST100604,P10018,2026-04-18,2,Wallet,9581,5047.77,20,19162,3832.4,15329.6,Delivered
O2001641,S1010774,CUST103571,P10286,2026-04-20,1,UPI,4249,3140.86,5,4249,212.45,4036.55,Delivered
O2001642,S1010775,CUST100851,P10074,2026-01-30,1,COD,7946,5564.84,0,7946,0.0,7946.0,Delivered
O2001643,S1010782,CUST101545,P10216,2026-06-25,2,Credit Card,26876,16855.26,10,53752,5375.2,48376.8,Delivered
O2001644,S1010789,CUST102048,P10260,2026-01-30,2,UPI,3589,2211.57,15,7178,1076.7,6101.3,Delivered
O2001645,S1010800,CUST102177,P10250,2026-05-04,1,Debit Card,3881,2347.37,10,3881,388.1,3492.9,Delivered
O2001646,S1010806,CUST100291,P10122,2026-06-26,2,COD,15525,11853.49,30,31050,9315.0,21735.0,Delivered
O2001647,S1010825,CUST103269,P10116,2026-06-01,1,UPI,7704,5390.51,10,7704,770.4,6933.6,Delivered
O2001648,S1010826,CUST104286,P10262,2026-02-08,2,Credit Card,2779,1969.59,30,5558,1667.4,3890.6,Delivered
O2001649,S1010829,CUST101571,P10221,2026-02-24,1,Debit Card,31726,18312.58,20,31726,6345.2,25380.8,Delivered
O2001650,S1010834,CUST104899,P10143,2026-06-21,2,COD,11876,8893.28,0,23752,0.0,23752.0,Delivered
O2001651,S1010840,CUST103415,P10101,2026-04-19,2,Credit Card,12746,6696.14,0,25492,0.0,25492.0,Delivered
O2001652,S1010841,CUST102485,P10237,2026-05-22,2,UPI,28041,16331.32,5,56082,2804.1,53277.9,Delivered
O2001653,S1010846,CUST103011,P10260,2026-03-16,1,UPI,3589,2211.57,5,3589,179.45,3409.55,Delivered
O2001654,S1010851,CUST102840,P10215,2026-05-20,3,UPI,2133,1449.01,20,6399,1279.8,5119.2,Delivered
O2001655,S1010867,CUST102440,P10182,2026-03-29,1,UPI,7588,5180.35,0,7588,0.0,7588.0,Delivered
O2001656,S1010876,CUST103070,P10092,2026-03-06,3,UPI,64365,33832.13,5,193095,9654.75,183440.25,Delivered
O2001657,S1010891,CUST101696,P10267,2026-02-02,2,Debit Card,60767,43188.99,5,121534,6076.7,115457.3,Delivered
O2001658,S1010899,CUST101262,P10264,2026-05-27,2,Credit Card,9463,6731.14,5,18926,946.3,17979.7,Delivered
O2001659,S1010901,CUST101256,P10158,2026-01-07,2,Debit Card,2992,1787.19,25,5984,1496.0,4488.0,Delivered
O2001660,S1010902,CUST100588,P10223,2026-06-06,1,Debit Card,38523,24402.87,5,38523,1926.15,36596.85,Delivered
O2001661,S1010919,CUST102824,P10154,2026-06-01,1,Credit Card,19267,15018.89,5,19267,963.35,18303.65,Delivered
O2001662,S1010929,CUST103931,P10169,2026-04-13,1,UPI,3804,2836.87,0,3804,0.0,3804.0,Delivered
O2001663,S1010938,CUST102737,P10010,2026-04-20,1,Debit Card,5346,3925.5,25,5346,1336.5,4009.5,Delivered
O2001664,S1010954,CUST104748,P10032,2026-05-08,1,UPI,1783,1149.52,20,1783,356.6,1426.4,Delivered
O2001665,S1010957,CUST100101,P10280,2026-05-14,3,UPI,2303,1356.82,5,6909,345.45,6563.55,Delivered
O2001666,S1010958,CUST101094,P10106,2026-05-20,2,Credit Card,3396,2604.41,10,6792,679.2,6112.8,Delivered
O2001667,S1010977,CUST102012,P10028,2026-02-14,1,Debit Card,5932,3311.67,10,5932,593.2,5338.8,Delivered
O2001668,S1010980,CUST100280,P10281,2026-05-27,1,Credit Card,3253,2264.87,10,3253,325.3,2927.7,Delivered
O2001669,S1010981,CUST100771,P10129,2026-04-25,1,UPI,479,371.85,5,479,23.95,455.05,Delivered
O2001670,S1010984,CUST101560,P10167,2026-02-04,1,Credit Card,19753,15401.71,5,19753,987.65,18765.35,Delivered
O2001671,S1011013,CUST103705,P10058,2026-05-22,2,Debit Card,2769,1771.56,15,5538,830.7,4707.3,Delivered
O2001672,S1011015,CUST100355,P10174,2026-06-25,1,Net Banking,3339,2259.98,5,3339,166.95,3172.05,Delivered
O2001673,S1011034,CUST101641,P10163,2026-04-30,3,COD,993,694.32,20,2979,595.8,2383.2,Delivered
O2001674,S1011036,CUST100049,P10277,2026-04-22,2,UPI,3998,2912.65,15,7996,1199.4,6796.6,Delivered
O2001675,S1011042,CUST100392,P10096,2026-02-17,1,COD,22742,15269.86,15,22742,3411.3,19330.7,Delivered
O2001676,S1011051,CUST100266,P10081,2026-01-21,2,Wallet,4763,2816.9,5,9526,476.3,9049.7,Delivered
O2001677,S1011059,CUST103325,P10172,2026-03-03,2,COD,4493,2743.95,5,8986,449.3,8536.7,Delivered
O2001678,S1011067,CUST102971,P10082,2026-05-17,2,UPI,47700,33642.14,15,95400,14310.0,81090.0,Delivered
O2001679,S1011069,CUST100329,P10241,2026-02-03,1,Wallet,1644,984.23,25,1644,411.0,1233.0,Delivered
O2001680,S1011070,CUST103255,P10094,2026-03-24,1,UPI,3800,2327.35,0,3800,0.0,3800.0,Delivered
O2001681,S1011072,CUST102302,P10006,2026-06-18,1,COD,2708,1571.31,15,2708,406.2,2301.8,Delivered
O2001682,S1011074,CUST102053,P10016,2026-03-09,1,Credit Card,29684,19540.47,0,29684,0.0,29684.0,Delivered
O2001683,S1011084,CUST100390,P10048,2026-06-22,1,Net Banking,10082,5617.48,15,10082,1512.3,8569.7,Delivered
O2001684,S1011090,CUST102655,P10034,2026-06-13,1,COD,4761,3270.38,20,4761,952.2,3808.8,Cancelled
O2001685,S1011093,CUST100490,P10294,2026-02-12,1,COD,5617,4032.22,0,5617,0.0,5617.0,Delivered
O2001686,S1011102,CUST100056,P10177,2026-05-24,1,COD,7179,4294.95,25,7179,1794.75,5384.25,Delivered
O2001687,S1011111,CUST104306,P10177,2026-05-15,2,UPI,7179,4294.95,0,14358,0.0,14358.0,Delivered
O2001688,S1011115,CUST101498,P10109,2026-03-11,1,Debit Card,9721,6690.28,5,9721,486.05,9234.95,Delivered
O2001689,S1011117,CUST100873,P10056,2026-03-14,1,UPI,4152,2410.64,20,4152,830.4,3321.6,Delivered
O2001690,S1011122,CUST104291,P10132,2026-02-20,1,UPI,6369,3407.98,10,6369,636.9,5732.1,Delivered
O2001691,S1011132,CUST100995,P10127,2026-06-14,1,Credit Card,8539,5168.04,0,8539,0.0,8539.0,Delivered
O2001692,S1011133,CUST100769,P10133,2026-01-31,2,Debit Card,8047,4254.17,10,16094,1609.4,14484.6,Delivered
O2001693,S1011140,CUST104873,P10279,2026-06-27,3,UPI,2276,1649.23,5,6828,341.4,6486.6,Delivered
O2001694,S1011146,CUST101249,P10143,2026-02-02,3,Net Banking,11876,8893.28,10,35628,3562.8,32065.2,Delivered
O2001695,S1011147,CUST100983,P10257,2026-01-30,2,Wallet,988,536.3,10,1976,197.6,1778.4,Delivered
O2001696,S1011148,CUST102511,P10100,2026-04-02,2,Net Banking,22483,16903.72,5,44966,2248.3,42717.7,Delivered
O2001697,S1011150,CUST104759,P10033,2026-04-26,1,Credit Card,22331,13681.85,20,22331,4466.2,17864.8,Delivered
O2001698,S1011161,CUST103129,P10286,2026-01-23,1,UPI,4249,3140.86,5,4249,212.45,4036.55,Delivered
O2001699,S1011163,CUST103002,P10139,2026-06-18,3,Debit Card,848,614.49,20,2544,508.8,2035.2,Delivered
O2001700,S1011166,CUST102623,P10219,2026-05-12,3,UPI,10171,5453.76,0,30513,0.0,30513.0,Delivered
O2001701,S1011168,CUST103393,P10188,2026-06-04,3,COD,1125,605.0,15,3375,506.25,2868.75,Delivered
O2001702,S1011179,CUST103462,P10015,2026-04-30,2,UPI,11273,6404.53,25,22546,5636.5,16909.5,Delivered
O2001703,S1011181,CUST104695,P10254,2026-03-17,1,Credit Card,3521,2178.11,20,3521,704.2,2816.8,Delivered
O2001704,S1011184,CUST100959,P10025,2026-01-09,2,UPI,20042,11076.55,5,40084,2004.2,38079.8,Delivered
O2001705,S1011191,CUST104017,P10261,2026-06-03,2,UPI,10937,8376.17,10,21874,2187.4,19686.6,Delivered
O2001706,S1011192,CUST104395,P10236,2026-04-11,1,Net Banking,854,611.4,10,854,85.4,768.6,Delivered
O2001707,S1011195,CUST104844,P10251,2026-03-04,3,COD,22462,11904.7,25,67386,16846.5,50539.5,Delivered
O2001708,S1011196,CUST101476,P10054,2026-06-04,2,Debit Card,231,167.07,5,462,23.1,438.9,Delivered
O2001709,S1011200,CUST101285,P10062,2026-05-14,2,Net Banking,3742,2211.37,0,7484,0.0,7484.0,Delivered
O2001710,S1011204,CUST102856,P10043,2026-03-16,1,UPI,1883,1280.93,20,1883,376.6,1506.4,Delivered
O2001711,S1011212,CUST101104,P10298,2026-02-16,1,Credit Card,28854,21164.5,5,28854,1442.7,27411.3,Delivered
O2001712,S1011219,CUST102869,P10131,2026-02-17,3,COD,17602,13555.92,0,52806,0.0,52806.0,Delivered
O2001713,S1011223,CUST103700,P10289,2026-02-11,1,Net Banking,13420,8244.67,20,13420,2684.0,10736.0,Delivered
O2001714,S1011225,CUST100162,P10069,2026-02-02,2,Debit Card,15591,10193.15,15,31182,4677.3,26504.7,Delivered
O2001715,S1011230,CUST102628,P10015,2026-04-20,1,Debit Card,11273,6404.53,5,11273,563.65,10709.35,Delivered
O2001716,S1011233,CUST104856,P10082,2026-06-08,3,UPI,47700,33642.14,0,143100,0.0,143100.0,Delivered
O2001717,S1011236,CUST103238,P10267,2026-04-14,1,Debit Card,60767,43188.99,0,60767,0.0,60767.0,Delivered
O2001718,S1011237,CUST102345,P10004,2026-04-21,1,UPI,4027,3077.25,10,4027,402.7,3624.3,Delivered
O2001719,S1011246,CUST100128,P10204,2026-01-14,3,COD,29027,15561.91,25,87081,21770.25,65310.75,Delivered
O2001720,S1011253,CUST104711,P10216,2026-04-13,2,UPI,26876,16855.26,20,53752,10750.4,43001.6,Cancelled
O2001721,S1011254,CUST100986,P10033,2026-02-27,1,COD,22331,13681.85,10,22331,2233.1,20097.9,Delivered
O2001722,S1011257,CUST104537,P10108,2026-06-25,2,UPI,4124,2828.95,25,8248,2062.0,6186.0,Cancelled
O2001723,S1011266,CUST102887,P10258,2026-06-16,2,UPI,5885,4538.6,0,11770,0.0,11770.0,Delivered
O2001724,S1011279,CUST100026,P10052,2026-02-18,3,Debit Card,3236,2324.09,5,9708,485.4,9222.6,Delivered
O2001725,S1011281,CUST101651,P10097,2026-06-23,2,COD,9087,4849.76,0,18174,0.0,18174.0,Delivered
O2001726,S1011285,CUST104456,P10282,2026-04-14,3,UPI,3313,2240.18,0,9939,0.0,9939.0,Delivered
O2001727,S1011290,CUST102143,P10129,2026-06-15,3,Net Banking,479,371.85,10,1437,143.7,1293.3,Delivered
O2001728,S1011292,CUST103045,P10087,2026-05-11,3,COD,3581,2362.63,10,10743,1074.3,9668.7,Delivered
O2001729,S1011296,CUST103346,P10107,2026-02-11,2,COD,6047,3588.8,5,12094,604.7,11489.3,Delivered
O2001730,S1011308,CUST101818,P10280,2026-03-23,2,Net Banking,2303,1356.82,25,4606,1151.5,3454.5,Delivered
O2001731,S1011314,CUST103981,P10094,2026-02-04,3,Debit Card,3800,2327.35,0,11400,0.0,11400.0,Delivered
O2001732,S1011315,CUST104384,P10207,2026-01-22,1,Credit Card,176,95.69,15,176,26.4,149.6,Delivered
O2001733,S1011329,CUST100763,P10139,2026-05-25,1,Credit Card,848,614.49,15,848,127.2,720.8,Delivered
O2001734,S1011332,CUST104562,P10121,2026-06-20,1,COD,3072,2175.95,25,3072,768.0,2304.0,Delivered
O2001735,S1011338,CUST100421,P10007,2026-03-10,2,UPI,12557,8910.74,10,25114,2511.4,22602.6,Delivered
O2001736,S1011346,CUST104747,P10074,2026-05-09,1,COD,7946,5564.84,5,7946,397.3,7548.7,Delivered
O2001737,S1011350,CUST103878,P10122,2026-01-28,2,Credit Card,15525,11853.49,25,31050,7762.5,23287.5,Delivered
O2001738,S1011371,CUST102005,P10157,2026-05-26,1,COD,25547,19576.56,0,25547,0.0,25547.0,Delivered
O2001739,S1011372,CUST104954,P10194,2026-04-06,1,UPI,9552,5893.76,20,9552,1910.4,7641.6,Delivered
O2001740,S1011376,CUST100808,P10080,2026-06-11,3,Debit Card,21455,12114.76,0,64365,0.0,64365.0,Delivered
O2001741,S1011386,CUST102998,P10245,2026-03-05,1,COD,5485,3753.06,0,5485,0.0,5485.0,Delivered
O2001742,S1011391,CUST101472,P10232,2026-02-19,2,COD,769,438.83,15,1538,230.7,1307.3,Delivered
O2001743,S1011399,CUST102610,P10110,2026-02-23,2,Net Banking,23464,16729.04,0,46928,0.0,46928.0,Delivered
O2001744,S1011404,CUST104117,P10150,2026-01-21,1,Debit Card,251,139.85,0,251,0.0,251.0,Delivered
O2001745,S1011412,CUST104807,P10146,2026-04-04,3,Debit Card,13773,10462.06,20,41319,8263.8,33055.2,Delivered
O2001746,S1011416,CUST100768,P10245,2026-05-29,2,UPI,5485,3753.06,25,10970,2742.5,8227.5,Delivered
O2001747,S1011423,CUST101776,P10004,2026-06-12,2,Credit Card,4027,3077.25,10,8054,805.4,7248.6,Delivered
O2001748,S1011426,CUST101627,P10032,2026-04-17,1,Net Banking,1783,1149.52,10,1783,178.3,1604.7,Delivered
O2001749,S1011428,CUST104285,P10140,2026-04-08,2,Credit Card,24307,15572.5,10,48614,4861.4,43752.6,Delivered
O2001750,S1011440,CUST104809,P10020,2026-02-14,2,Net Banking,24782,15381.22,0,49564,0.0,49564.0,Delivered
O2001751,S1011453,CUST102726,P10036,2026-06-15,3,UPI,55094,40455.54,5,165282,8264.1,157017.9,Delivered
O2001752,S1011454,CUST102184,P10075,2026-05-08,1,UPI,2665,1597.46,15,2665,399.75,2265.25,Delivered
O2001753,S1011457,CUST101120,P10250,2026-02-25,1,Debit Card,3881,2347.37,10,3881,388.1,3492.9,Delivered
O2001754,S1011459,CUST102156,P10019,2026-04-20,1,Net Banking,1375,924.9,5,1375,68.75,1306.25,Delivered
O2001755,S1011460,CUST101210,P10125,2026-06-06,1,UPI,810,501.25,0,810,0.0,810.0,Delivered
O2001756,S1011468,CUST101038,P10060,2026-05-21,1,UPI,5247,2849.56,15,5247,787.05,4459.95,Delivered
O2001757,S1011476,CUST102480,P10250,2026-05-04,3,UPI,3881,2347.37,10,11643,1164.3,10478.7,Cancelled
O2001758,S1011480,CUST103607,P10269,2026-02-12,1,UPI,940,703.74,0,940,0.0,940.0,Delivered
O2001759,S1011483,CUST100316,P10293,2026-05-23,1,Debit Card,3905,2327.97,5,3905,195.25,3709.75,Delivered
O2001760,S1011501,CUST103117,P10138,2026-05-24,1,UPI,56677,40618.95,10,56677,5667.7,51009.3,Delivered
O2001761,S1011514,CUST103590,P10004,2026-04-18,2,UPI,4027,3077.25,20,8054,1610.8,6443.2,Delivered
O2001762,S1011516,CUST100345,P10101,2026-06-04,1,UPI,12746,6696.14,15,12746,1911.9,10834.1,Delivered
O2001763,S1011519,CUST101914,P10206,2026-04-14,1,Debit Card,5268,3248.49,10,5268,526.8,4741.2,Delivered
O2001764,S1011521,CUST100785,P10113,2026-02-20,3,UPI,1248,771.21,20,3744,748.8,2995.2,Delivered
O2001765,S1011527,CUST102596,P10150,2026-06-05,2,Debit Card,251,139.85,0,502,0.0,502.0,Delivered
O2001766,S1011531,CUST103309,P10244,2026-01-29,3,Wallet,22780,13006.79,15,68340,10251.0,58089.0,Delivered
O2001767,S1011534,CUST101524,P10239,2026-06-11,1,Debit Card,1018,609.01,5,1018,50.9,967.1,Delivered
O2001768,S1011535,CUST103109,P10031,2026-01-10,2,Debit Card,7685,4018.41,0,15370,0.0,15370.0,Delivered
O2001769,S1011540,CUST104239,P10082,2026-06-02,1,COD,47700,33642.14,25,47700,11925.0,35775.0,Delivered
O2001770,S1011541,CUST100061,P10109,2026-04-14,3,UPI,9721,6690.28,0,29163,0.0,29163.0,Delivered
O2001771,S1011547,CUST100390,P10038,2026-06-19,2,UPI,3461,2654.94,0,6922,0.0,6922.0,Delivered
O2001772,S1011549,CUST101676,P10028,2026-06-06,1,Credit Card,5932,3311.67,25,5932,1483.0,4449.0,Delivered
O2001773,S1011553,CUST101715,P10040,2026-03-21,1,Net Banking,22035,16539.3,10,22035,2203.5,19831.5,Delivered
O2001774,S1011555,CUST100696,P10094,2026-01-21,1,UPI,3800,2327.35,0,3800,0.0,3800.0,Delivered
O2001775,S1011556,CUST102094,P10058,2026-02-28,1,Credit Card,2769,1771.56,15,2769,415.35,2353.65,Delivered
O2001776,S1011568,CUST102915,P10272,2026-05-13,1,Credit Card,2807,1874.84,10,2807,280.7,2526.3,Delivered
O2001777,S1011569,CUST103869,P10179,2026-04-18,1,UPI,38788,21658.7,15,38788,5818.2,32969.8,Delivered
O2001778,S1011571,CUST103793,P10251,2026-02-07,2,Wallet,22462,11904.7,30,44924,13477.2,31446.8,Delivered
O2001779,S1011581,CUST102729,P10177,2026-04-14,2,UPI,7179,4294.95,5,14358,717.9,13640.1,Cancelled
O2001780,S1011587,CUST100753,P10259,2026-01-16,1,Credit Card,23155,17448.81,0,23155,0.0,23155.0,Delivered
O2001781,S1011591,CUST104737,P10067,2026-06-02,2,Debit Card,2119,1108.48,10,4238,423.8,3814.2,Delivered
O2001782,S1011605,CUST103097,P10129,2026-01-18,1,UPI,479,371.85,0,479,0.0,479.0,Delivered
O2001783,S1011607,CUST103730,P10281,2026-03-08,3,Debit Card,3253,2264.87,0,9759,0.0,9759.0,Delivered
O2001784,S1011617,CUST100782,P10054,2026-03-27,1,Credit Card,231,167.07,15,231,34.65,196.35,Delivered
O2001785,S1011628,CUST100305,P10193,2026-04-17,2,Net Banking,49892,32028.99,10,99784,9978.4,89805.6,Delivered
O2001786,S1011634,CUST102675,P10107,2026-01-07,3,UPI,6047,3588.8,10,18141,1814.1,16326.9,Delivered
O2001787,S1011636,CUST103150,P10163,2026-05-14,2,Debit Card,993,694.32,0,1986,0.0,1986.0,Delivered
O2001788,S1011653,CUST104500,P10124,2026-05-03,1,UPI,3200,2461.55,15,3200,480.0,2720.0,Delivered
O2001789,S1011655,CUST104575,P10033,2026-06-24,2,UPI,22331,13681.85,5,44662,2233.1,42428.9,Delivered
O2001790,S1011663,CUST103067,P10195,2026-02-04,1,Debit Card,7539,5346.62,0,7539,0.0,7539.0,Delivered
O2001791,S1011665,CUST103126,P10236,2026-01-10,2,UPI,854,611.4,0,1708,0.0,1708.0,Cancelled
O2001792,S1011667,CUST102282,P10033,2026-05-03,1,UPI,22331,13681.85,20,22331,4466.2,17864.8,Delivered
O2001793,S1011676,CUST101269,P10204,2026-02-23,1,Debit Card,29027,15561.91,15,29027,4354.05,24672.95,Delivered
O2001794,S1011678,CUST104720,P10073,2026-04-25,1,UPI,6709,5226.32,30,6709,2012.7,4696.3,Delivered
O2001795,S1011679,CUST104195,P10178,2026-04-27,2,Net Banking,1278,832.47,0,2556,0.0,2556.0,Delivered
O2001796,S1011685,CUST102861,P10191,2026-05-17,1,Credit Card,3889,2670.53,0,3889,0.0,3889.0,Delivered
O2001797,S1011687,CUST103220,P10005,2026-02-23,1,COD,8334,4443.06,10,8334,833.4,7500.6,Delivered
O2001798,S1011694,CUST102256,P10066,2026-06-29,2,Credit Card,3823,2537.87,15,7646,1146.9,6499.1,Delivered
O2001799,S1011695,CUST100936,P10100,2026-06-01,2,UPI,22483,16903.72,20,44966,8993.2,35972.8,Delivered
O2001800,S1011702,CUST102993,P10156,2026-01-14,2,UPI,1637,916.11,25,3274,818.5,2455.5,Delivered
O2001801,S1011707,CUST104472,P10180,2026-06-28,3,UPI,5318,3704.39,30,15954,4786.2,11167.8,Delivered
O2001802,S1011711,CUST104469,P10263,2026-03-12,1,UPI,56908,38354.98,0,56908,0.0,56908.0,Delivered
O2001803,S1011715,CUST102134,P10115,2026-03-16,1,UPI,10668,7010.79,20,10668,2133.6,8534.4,Delivered
O2001804,S1011717,CUST102422,P10038,2026-02-04,1,Debit Card,3461,2654.94,25,3461,865.25,2595.75,Delivered
O2001805,S1011724,CUST104782,P10061,2026-06-07,2,UPI,6549,4234.25,15,13098,1964.7,11133.3,Delivered
O2001806,S1011735,CUST101328,P10204,2026-02-08,2,UPI,29027,15561.91,5,58054,2902.7,55151.3,Delivered
O2001807,S1011750,CUST103399,P10052,2026-03-23,1,Wallet,3236,2324.09,25,3236,809.0,2427.0,Delivered
O2001808,S1011757,CUST100786,P10113,2026-05-04,1,COD,1248,771.21,15,1248,187.2,1060.8,Delivered
O2001809,S1011759,CUST100447,P10251,2026-03-16,1,Debit Card,22462,11904.7,10,22462,2246.2,20215.8,Delivered
O2001810,S1011765,CUST101766,P10056,2026-06-04,1,COD,4152,2410.64,30,4152,1245.6,2906.4,Delivered
O2001811,S1011767,CUST102731,P10145,2026-06-01,1,Wallet,872,606.55,25,872,218.0,654.0,Delivered
O2001812,S1011771,CUST102235,P10248,2026-04-15,3,COD,7477,5791.69,0,22431,0.0,22431.0,Delivered
O2001813,S1011781,CUST104283,P10082,2026-05-06,1,Credit Card,47700,33642.14,30,47700,14310.0,33390.0,Delivered
O2001814,S1011803,CUST102043,P10203,2026-01-16,3,UPI,1532,987.74,20,4596,919.2,3676.8,Delivered
O2001815,S1011804,CUST100630,P10025,2026-03-09,2,COD,20042,11076.55,5,40084,2004.2,38079.8,Delivered
O2001816,S1011810,CUST102899,P10272,2026-04-30,3,COD,2807,1874.84,15,8421,1263.15,7157.85,Delivered
O2001817,S1011813,CUST101955,P10014,2026-05-23,1,UPI,1140,671.82,15,1140,171.0,969.0,Delivered
O2001818,S1011821,CUST101079,P10105,2026-06-26,2,COD,9875,6870.26,25,19750,4937.5,14812.5,Delivered
O2001819,S1011822,CUST100779,P10228,2026-05-25,3,Net Banking,5785,4065.12,0,17355,0.0,17355.0,Delivered
O2001820,S1011840,CUST103324,P10170,2026-03-31,2,Wallet,1224,694.2,20,2448,489.6,1958.4,Delivered
O2001821,S1011857,CUST103665,P10123,2026-03-25,1,Net Banking,13321,7090.49,5,13321,666.05,12654.95,Delivered
O2001822,S1011862,CUST103628,P10157,2026-01-12,1,UPI,25547,19576.56,10,25547,2554.7,22992.3,Cancelled
O2001823,S1011863,CUST102854,P10186,2026-06-10,1,COD,47740,30071.34,20,47740,9548.0,38192.0,Delivered
O2001824,S1011870,CUST104101,P10006,2026-06-27,1,Net Banking,2708,1571.31,20,2708,541.6,2166.4,Delivered
O2001825,S1011871,CUST104095,P10150,2026-04-28,1,Wallet,251,139.85,20,251,50.2,200.8,Delivered
O2001826,S1011873,CUST103974,P10164,2026-04-30,1,COD,1457,948.54,10,1457,145.7,1311.3,Delivered
O2001827,S1011884,CUST100694,P10115,2026-05-24,1,COD,10668,7010.79,10,10668,1066.8,9601.2,Delivered
O2001828,S1011888,CUST103578,P10067,2026-02-25,1,Credit Card,2119,1108.48,5,2119,105.95,2013.05,Delivered
O2001829,S1011893,CUST100337,P10104,2026-01-24,1,Credit Card,5812,4517.78,5,5812,290.6,5521.4,Delivered
O2001830,S1011909,CUST102690,P10125,2026-06-26,3,Wallet,810,501.25,10,2430,243.0,2187.0,Delivered
O2001831,S1011912,CUST100233,P10284,2026-01-25,1,UPI,1898,1058.59,10,1898,189.8,1708.2,Delivered
O2001832,S1011913,CUST101887,P10188,2026-01-06,3,COD,1125,605.0,5,3375,168.75,3206.25,Delivered
O2001833,S1011919,CUST101601,P10244,2026-05-10,1,UPI,22780,13006.79,20,22780,4556.0,18224.0,Delivered
O2001834,S1011926,CUST104452,P10236,2026-04-09,1,Credit Card,854,611.4,15,854,128.1,725.9,Delivered
O2001835,S1011930,CUST101637,P10221,2026-06-01,2,COD,31726,18312.58,25,63452,15863.0,47589.0,Delivered
O2001836,S1011934,CUST103145,P10124,2026-06-25,3,UPI,3200,2461.55,15,9600,1440.0,8160.0,Delivered
O2001837,S1011942,CUST104344,P10077,2026-03-03,2,COD,13761,7418.98,0,27522,0.0,27522.0,Delivered
O2001838,S1011948,CUST103942,P10180,2026-01-27,3,Debit Card,5318,3704.39,0,15954,0.0,15954.0,Delivered
O2001839,S1011952,CUST102414,P10011,2026-01-08,1,UPI,5109,2851.33,15,5109,766.35,4342.65,Delivered
O2001840,S1011955,CUST103299,P10119,2026-06-21,2,Debit Card,3523,2590.41,0,7046,0.0,7046.0,Delivered
O2001841,S1011962,CUST104619,P10003,2026-02-26,1,UPI,8439,5929.83,25,8439,2109.75,6329.25,Delivered
O2001842,S1011965,CUST102168,P10227,2026-04-24,2,UPI,3471,2208.54,30,6942,2082.6,4859.4,Delivered
O2001843,S1011967,CUST101286,P10165,2026-03-13,3,UPI,3733,2768.55,10,11199,1119.9,10079.1,Delivered
O2001844,S1011984,CUST103318,P10013,2026-02-24,3,UPI,21186,12092.0,0,63558,0.0,63558.0,Delivered
O2001845,S1011986,CUST101454,P10056,2026-01-31,2,COD,4152,2410.64,10,8304,830.4,7473.6,Delivered
O2001846,S1011989,CUST104117,P10068,2026-02-18,1,Credit Card,841,623.97,0,841,0.0,841.0,Delivered
O2001847,S1011996,CUST100024,P10043,2026-06-24,1,UPI,1883,1280.93,0,1883,0.0,1883.0,Delivered
O2001848,S1011999,CUST103205,P10092,2026-04-19,1,COD,64365,33832.13,5,64365,3218.25,61146.75,Delivered
O2001849,S1012000,CUST101014,P10032,2026-02-20,1,COD,1783,1149.52,0,1783,0.0,1783.0,Delivered
O2001850,S1012005,CUST103966,P10150,2026-03-15,1,Credit Card,251,139.85,20,251,50.2,200.8,Delivered
O2001851,S1012019,CUST100009,P10021,2026-02-08,1,COD,1105,826.21,5,1105,55.25,1049.75,Delivered
O2001852,S1012042,CUST102001,P10198,2026-06-21,1,UPI,32876,23438.24,15,32876,4931.4,27944.6,Delivered
O2001853,S1012045,CUST100187,P10233,2026-04-18,1,COD,1746,1303.96,5,1746,87.3,1658.7,Delivered
O2001854,S1012050,CUST101483,P10237,2026-04-06,1,Debit Card,28041,16331.32,25,28041,7010.25,21030.75,Delivered
O2001855,S1012089,CUST104694,P10110,2026-01-12,2,UPI,23464,16729.04,0,46928,0.0,46928.0,Delivered
O2001856,S1012093,CUST102382,P10120,2026-03-26,2,COD,6871,5090.3,20,13742,2748.4,10993.6,Cancelled
O2001857,S1012094,CUST101865,P10113,2026-02-01,3,UPI,1248,771.21,5,3744,187.2,3556.8,Delivered
O2001858,S1012095,CUST101953,P10254,2026-05-28,1,Credit Card,3521,2178.11,10,3521,352.1,3168.9,Delivered
O2001859,S1012099,CUST103508,P10179,2026-03-14,3,Credit Card,38788,21658.7,10,116364,11636.4,104727.6,Delivered
O2001860,S1012109,CUST103974,P10118,2026-03-09,2,Credit Card,778,546.17,0,1556,0.0,1556.0,Delivered
O2001861,S1012115,CUST101178,P10187,2026-03-06,1,Credit Card,21453,15652.9,30,21453,6435.9,15017.1,Delivered
O2001862,S1012116,CUST104086,P10232,2026-01-19,1,Wallet,769,438.83,30,769,230.7,538.3,Delivered
O2001863,S1012119,CUST102484,P10180,2026-03-09,2,COD,5318,3704.39,0,10636,0.0,10636.0,Delivered
O2001864,S1012137,CUST102519,P10277,2026-04-25,1,UPI,3998,2912.65,10,3998,399.8,3598.2,Delivered
O2001865,S1012140,CUST101486,P10054,2026-04-06,2,UPI,231,167.07,25,462,115.5,346.5,Delivered
O2001866,S1012145,CUST101996,P10061,2026-03-23,1,Wallet,6549,4234.25,0,6549,0.0,6549.0,Delivered
O2001867,S1012155,CUST101398,P10042,2026-06-19,1,UPI,8220,6349.45,5,8220,411.0,7809.0,Delivered
O2001868,S1012158,CUST101161,P10229,2026-04-22,3,Net Banking,893,631.69,10,2679,267.9,2411.1,Delivered
O2001869,S1012161,CUST102918,P10297,2026-05-04,1,Debit Card,26848,19890.05,5,26848,1342.4,25505.6,Delivered
O2001870,S1012163,CUST104354,P10029,2026-06-13,1,Net Banking,33318,25283.28,10,33318,3331.8,29986.2,Delivered
O2001871,S1012164,CUST102435,P10191,2026-01-16,2,COD,3889,2670.53,25,7778,1944.5,5833.5,Delivered
O2001872,S1012168,CUST102742,P10277,2026-03-26,2,Debit Card,3998,2912.65,10,7996,799.6,7196.4,Delivered
O2001873,S1012171,CUST101511,P10024,2026-06-20,2,Net Banking,2013,1231.69,20,4026,805.2,3220.8,Delivered
O2001874,S1012173,CUST101742,P10004,2026-02-08,3,Credit Card,4027,3077.25,15,12081,1812.15,10268.85,Delivered
O2001875,S1012175,CUST102893,P10008,2026-04-15,1,Wallet,1464,905.9,10,1464,146.4,1317.6,Delivered
O2001876,S1012185,CUST102110,P10202,2026-01-16,2,COD,36183,20924.16,5,72366,3618.3,68747.7,Delivered
O2001877,S1012187,CUST103447,P10160,2026-03-05,2,UPI,2602,1698.27,30,5204,1561.2,3642.8,Delivered
O2001878,S1012189,CUST104208,P10125,2026-02-11,1,Credit Card,810,501.25,30,810,243.0,567.0,Cancelled
O2001879,S1012192,CUST100883,P10195,2026-01-19,2,UPI,7539,5346.62,0,15078,0.0,15078.0,Delivered
O2001880,S1012194,CUST102796,P10206,2026-02-16,3,Credit Card,5268,3248.49,30,15804,4741.2,11062.8,Delivered
O2001881,S1012196,CUST104692,P10032,2026-03-10,3,Debit Card,1783,1149.52,15,5349,802.35,4546.65,Cancelled
O2001882,S1012197,CUST103829,P10166,2026-06-23,1,UPI,2850,1684.41,20,2850,570.0,2280.0,Delivered
O2001883,S1012200,CUST101418,P10198,2026-05-10,1,COD,32876,23438.24,5,32876,1643.8,31232.2,Delivered
O2001884,S1012214,CUST104894,P10097,2026-01-15,1,Credit Card,9087,4849.76,5,9087,454.35,8632.65,Delivered
O2001885,S1012215,CUST101234,P10162,2026-02-19,1,COD,1909,1328.04,5,1909,95.45,1813.55,Delivered
O2001886,S1012225,CUST103032,P10187,2026-02-04,1,Net Banking,21453,15652.9,25,21453,5363.25,16089.75,Delivered
O2001887,S1012231,CUST100093,P10258,2026-06-09,1,UPI,5885,4538.6,15,5885,882.75,5002.25,Delivered
O2001888,S1012233,CUST103722,P10196,2026-06-29,1,COD,659,488.2,0,659,0.0,659.0,Delivered
O2001889,S1012236,CUST103111,P10169,2026-03-16,1,UPI,3804,2836.87,0,3804,0.0,3804.0,Delivered
O2001890,S1012246,CUST101281,P10092,2026-04-21,1,Debit Card,64365,33832.13,10,64365,6436.5,57928.5,Delivered
O2001891,S1012252,CUST100679,P10284,2026-03-01,2,Debit Card,1898,1058.59,25,3796,949.0,2847.0,Delivered
O2001892,S1012254,CUST100850,P10214,2026-05-20,1,COD,29722,18648.85,20,29722,5944.4,23777.6,Delivered
O2001893,S1012256,CUST104823,P10179,2026-03-16,3,UPI,38788,21658.7,5,116364,5818.2,110545.8,Delivered
O2001894,S1012258,CUST102785,P10029,2026-05-28,3,UPI,33318,25283.28,10,99954,9995.4,89958.6,Delivered
O2001895,S1012261,CUST104951,P10105,2026-01-20,1,UPI,9875,6870.26,0,9875,0.0,9875.0,Delivered
O2001896,S1012264,CUST102570,P10222,2026-03-03,2,Credit Card,5863,3845.53,25,11726,2931.5,8794.5,Delivered
O2001897,S1012268,CUST100905,P10018,2026-01-11,1,Debit Card,9581,5047.77,20,9581,1916.2,7664.8,Delivered
O2001898,S1012269,CUST104459,P10010,2026-05-14,1,UPI,5346,3925.5,0,5346,0.0,5346.0,Delivered
O2001899,S1012278,CUST102538,P10218,2026-06-17,3,UPI,46613,31735.95,0,139839,0.0,139839.0,Delivered
O2001900,S1012294,CUST102918,P10145,2026-04-03,3,UPI,872,606.55,25,2616,654.0,1962.0,Delivered
O2001901,S1012317,CUST103885,P10214,2026-01-05,1,UPI,29722,18648.85,20,29722,5944.4,23777.6,Delivered
O2001902,S1012322,CUST102845,P10098,2026-05-04,2,COD,2458,1640.7,20,4916,983.2,3932.8,Delivered
O2001903,S1012342,CUST102380,P10259,2026-02-06,2,Net Banking,23155,17448.81,10,46310,4631.0,41679.0,Delivered
O2001904,S1012364,CUST101325,P10125,2026-06-20,1,Debit Card,810,501.25,30,810,243.0,567.0,Delivered
O2001905,S1012379,CUST104112,P10059,2026-04-17,1,Wallet,281,149.03,10,281,28.1,252.9,Delivered
O2001906,S1012387,CUST100461,P10030,2026-06-28,2,COD,9973,7238.98,15,19946,2991.9,16954.1,Delivered
O2001907,S1012399,CUST104938,P10270,2026-01-19,2,UPI,996,636.03,10,1992,199.2,1792.8,Delivered
O2001908,S1012401,CUST102039,P10250,2026-06-09,1,Net Banking,3881,2347.37,15,3881,582.15,3298.85,Delivered
O2001909,S1012404,CUST104059,P10133,2026-05-12,2,UPI,8047,4254.17,5,16094,804.7,15289.3,Delivered
O2001910,S1012405,CUST104436,P10206,2026-03-10,3,UPI,5268,3248.49,5,15804,790.2,15013.8,Delivered
O2001911,S1012416,CUST103487,P10266,2026-03-13,1,UPI,4990,3619.71,5,4990,249.5,4740.5,Delivered
O2001912,S1012437,CUST104113,P10177,2026-03-20,1,Net Banking,7179,4294.95,10,7179,717.9,6461.1,Delivered
O2001913,S1012440,CUST101090,P10087,2026-01-02,1,Net Banking,3581,2362.63,15,3581,537.15,3043.85,Delivered
O2001914,S1012470,CUST104502,P10084,2026-01-08,1,Net Banking,5330,2842.99,10,5330,533.0,4797.0,Delivered
O2001915,S1012486,CUST100731,P10100,2026-05-05,2,Credit Card,22483,16903.72,10,44966,4496.6,40469.4,Delivered
O2001916,S1012495,CUST102875,P10021,2026-05-18,2,UPI,1105,826.21,10,2210,221.0,1989.0,Delivered
O2001917,S1012523,CUST104976,P10152,2026-01-05,2,Net Banking,5488,3309.39,25,10976,2744.0,8232.0,Delivered
O2001918,S1012527,CUST104706,P10270,2026-06-12,1,UPI,996,636.03,15,996,149.4,846.6,Delivered
O2001919,S1012535,CUST104292,P10298,2026-06-16,2,UPI,28854,21164.5,10,57708,5770.8,51937.2,Delivered
O2001920,S1012540,CUST100568,P10037,2026-06-09,3,Credit Card,3901,2527.67,10,11703,1170.3,10532.7,Delivered
O2001921,S1012542,CUST100926,P10137,2026-02-28,2,UPI,19557,10748.7,15,39114,5867.1,33246.9,Delivered
O2001922,S1012549,CUST100042,P10166,2026-03-03,2,Credit Card,2850,1684.41,25,5700,1425.0,4275.0,Delivered
O2001923,S1012558,CUST101908,P10208,2026-04-23,1,Wallet,9679,5536.57,25,9679,2419.75,7259.25,Cancelled
O2001924,S1012567,CUST102645,P10020,2026-05-22,2,Credit Card,24782,15381.22,20,49564,9912.8,39651.2,Delivered
O2001925,S1012568,CUST101861,P10052,2026-02-04,1,Credit Card,3236,2324.09,25,3236,809.0,2427.0,Delivered
O2001926,S1012570,CUST103876,P10275,2026-06-15,1,UPI,23193,17875.58,0,23193,0.0,23193.0,Delivered
O2001927,S1012573,CUST100187,P10142,2026-03-20,3,COD,68955,39692.83,20,206865,41373.0,165492.0,Cancelled
O2001928,S1012578,CUST102378,P10187,2026-01-04,1,UPI,21453,15652.9,0,21453,0.0,21453.0,Delivered
O2001929,S1012592,CUST100928,P10138,2026-05-20,1,UPI,56677,40618.95,15,56677,8501.55,48175.45,Delivered
O2001930,S1012593,CUST102028,P10049,2026-05-07,3,UPI,23453,16779.94,20,70359,14071.8,56287.2,Delivered
O2001931,S1012598,CUST101062,P10120,2026-06-20,3,Wallet,6871,5090.3,0,20613,0.0,20613.0,Delivered
O2001932,S1012601,CUST104738,P10259,2026-03-10,2,Credit Card,23155,17448.81,10,46310,4631.0,41679.0,Delivered
O2001933,S1012604,CUST100581,P10291,2026-06-02,1,Credit Card,5219,3450.45,15,5219,782.85,4436.15,Delivered
O2001934,S1012610,CUST103445,P10142,2026-01-23,2,UPI,68955,39692.83,0,137910,0.0,137910.0,Delivered
O2001935,S1012614,CUST103926,P10036,2026-06-12,1,UPI,55094,40455.54,20,55094,11018.8,44075.2,Delivered
O2001936,S1012622,CUST104489,P10274,2026-05-05,3,COD,8692,5018.43,5,26076,1303.8,24772.2,Delivered
O2001937,S1012627,CUST104962,P10022,2026-03-20,1,UPI,63437,46017.35,5,63437,3171.85,60265.15,Delivered
O2001938,S1012628,CUST100290,P10217,2026-03-21,2,Debit Card,2763,1694.32,25,5526,1381.5,4144.5,Delivered
O2001939,S1012630,CUST101339,P10265,2026-04-08,1,Credit Card,9033,6070.38,15,9033,1354.95,7678.05,Delivered
O2001940,S1012643,CUST103178,P10296,2026-03-23,1,UPI,3213,1902.94,0,3213,0.0,3213.0,Delivered
O2001941,S1012650,CUST104714,P10169,2026-06-19,1,COD,3804,2836.87,20,3804,760.8,3043.2,Delivered
O2001942,S1012652,CUST102014,P10139,2026-03-10,3,Net Banking,848,614.49,5,2544,127.2,2416.8,Delivered
O2001943,S1012662,CUST101730,P10147,2026-04-17,3,COD,2573,1365.43,15,7719,1157.85,6561.15,Delivered
O2001944,S1012666,CUST104373,P10215,2026-04-02,2,Credit Card,2133,1449.01,10,4266,426.6,3839.4,Delivered
O2001945,S1012671,CUST100341,P10149,2026-06-26,2,Wallet,9529,5928.93,10,19058,1905.8,17152.2,Delivered
O2001946,S1012672,CUST100421,P10284,2026-02-18,2,Credit Card,1898,1058.59,0,3796,0.0,3796.0,Delivered
O2001947,S1012680,CUST102088,P10202,2026-01-10,3,COD,36183,20924.16,15,108549,16282.35,92266.65,Delivered
O2001948,S1012682,CUST100256,P10031,2026-05-05,3,COD,7685,4018.41,5,23055,1152.75,21902.25,Delivered
O2001949,S1012684,CUST101444,P10168,2026-02-02,1,Debit Card,19244,10755.21,0,19244,0.0,19244.0,Delivered
O2001950,S1012702,CUST100666,P10002,2026-02-03,3,Credit Card,2459,1911.52,20,7377,1475.4,5901.6,Delivered
O2001951,S1012706,CUST104609,P10030,2026-02-28,2,Net Banking,9973,7238.98,0,19946,0.0,19946.0,Delivered
O2001952,S1012714,CUST101588,P10061,2026-02-21,1,UPI,6549,4234.25,10,6549,654.9,5894.1,Delivered
O2001953,S1012718,CUST102671,P10141,2026-05-01,1,Credit Card,8126,5924.94,10,8126,812.6,7313.4,Delivered
O2001954,S1012727,CUST104215,P10263,2026-02-01,2,UPI,56908,38354.98,0,113816,0.0,113816.0,Delivered
O2001955,S1012729,CUST104096,P10138,2026-01-24,1,Credit Card,56677,40618.95,0,56677,0.0,56677.0,Delivered
O2001956,S1012732,CUST104182,P10102,2026-01-27,2,COD,1713,1304.26,10,3426,342.6,3083.4,Delivered
O2001957,S1012735,CUST102840,P10050,2026-03-09,1,Debit Card,8438,5513.43,10,8438,843.8,7594.2,Delivered
O2001958,S1012739,CUST103213,P10244,2026-03-22,1,Credit Card,22780,13006.79,20,22780,4556.0,18224.0,Delivered
O2001959,S1012741,CUST101926,P10150,2026-06-08,1,UPI,251,139.85,15,251,37.65,213.35,Delivered
O2001960,S1012758,CUST102421,P10193,2026-03-09,1,UPI,49892,32028.99,5,49892,2494.6,47397.4,Delivered
O2001961,S1012761,CUST100822,P10132,2026-05-15,1,UPI,6369,3407.98,0,6369,0.0,6369.0,Delivered
O2001962,S1012773,CUST102344,P10135,2026-04-27,3,Debit Card,49087,26034.8,10,147261,14726.1,132534.9,Delivered
O2001963,S1012775,CUST102389,P10067,2026-01-14,2,UPI,2119,1108.48,15,4238,635.7,3602.3,Delivered
O2001964,S1012788,CUST100855,P10004,2026-02-27,3,UPI,4027,3077.25,0,12081,0.0,12081.0,Delivered
O2001965,S1012789,CUST103505,P10230,2026-06-07,1,Wallet,4503,3004.28,15,4503,675.45,3827.55,Delivered
O2001966,S1012794,CUST102999,P10061,2026-03-05,1,UPI,6549,4234.25,0,6549,0.0,6549.0,Delivered
O2001967,S1012797,CUST101862,P10287,2026-05-24,1,Net Banking,409,292.05,0,409,0.0,409.0,Cancelled
O2001968,S1012819,CUST101334,P10238,2026-01-23,1,UPI,31827,19106.85,15,31827,4774.05,27052.95,Delivered
O2001969,S1012820,CUST101799,P10281,2026-05-12,2,COD,3253,2264.87,10,6506,650.6,5855.4,Delivered
O2001970,S1012833,CUST102150,P10114,2026-02-03,1,Wallet,3443,2348.43,10,3443,344.3,3098.7,Delivered
O2001971,S1012836,CUST102958,P10286,2026-05-13,1,Debit Card,4249,3140.86,0,4249,0.0,4249.0,Delivered
O2001972,S1012839,CUST104013,P10267,2026-02-07,1,Credit Card,60767,43188.99,5,60767,3038.35,57728.65,Delivered
O2001973,S1012850,CUST102498,P10058,2026-01-02,1,UPI,2769,1771.56,20,2769,553.8,2215.2,Delivered
O2001974,S1012852,CUST102634,P10186,2026-03-10,1,COD,47740,30071.34,10,47740,4774.0,42966.0,Delivered
O2001975,S1012858,CUST102267,P10123,2026-04-05,2,Debit Card,13321,7090.49,10,26642,2664.2,23977.8,Delivered
O2001976,S1012859,CUST103988,P10294,2026-04-05,2,Wallet,5617,4032.22,25,11234,2808.5,8425.5,Cancelled
O2001977,S1012860,CUST103793,P10244,2026-02-04,2,UPI,22780,13006.79,0,45560,0.0,45560.0,Delivered
O2001978,S1012884,CUST104254,P10275,2026-03-30,1,Credit Card,23193,17875.58,20,23193,4638.6,18554.4,Delivered
O2001979,S1012886,CUST101455,P10240,2026-05-03,1,COD,12093,7882.85,0,12093,0.0,12093.0,Delivered
O2001980,S1012899,CUST101938,P10162,2026-03-12,2,UPI,1909,1328.04,10,3818,381.8,3436.2,Delivered
O2001981,S1012900,CUST104994,P10051,2026-05-12,3,UPI,201,105.03,15,603,90.45,512.55,Delivered
O2001982,S1012907,CUST100471,P10145,2026-01-04,1,Net Banking,872,606.55,30,872,261.6,610.4,Delivered
O2001983,S1012912,CUST102824,P10033,2026-02-05,2,UPI,22331,13681.85,5,44662,2233.1,42428.9,Delivered
O2001984,S1012913,CUST102530,P10133,2026-04-16,2,Net Banking,8047,4254.17,10,16094,1609.4,14484.6,Delivered
O2001985,S1012927,CUST100819,P10057,2026-05-01,1,Net Banking,3407,1991.41,30,3407,1022.1,2384.9,Delivered
O2001986,S1012932,CUST100343,P10162,2026-06-04,3,UPI,1909,1328.04,10,5727,572.7,5154.3,Delivered
O2001987,S1012938,CUST104575,P10186,2026-03-10,3,Debit Card,47740,30071.34,10,143220,14322.0,128898.0,Delivered
O2001988,S1012940,CUST101901,P10229,2026-03-20,2,UPI,893,631.69,25,1786,446.5,1339.5,Delivered
O2001989,S1012943,CUST101557,P10097,2026-02-27,1,UPI,9087,4849.76,25,9087,2271.75,6815.25,Delivered
O2001990,S1012946,CUST101045,P10166,2026-05-12,3,COD,2850,1684.41,10,8550,855.0,7695.0,Delivered
O2001991,S1012947,CUST100468,P10012,2026-03-18,1,Debit Card,6050,4362.18,5,6050,302.5,5747.5,Delivered
O2001992,S1012951,CUST101076,P10242,2026-06-29,2,COD,1757,1230.79,20,3514,702.8,2811.2,Delivered
O2001993,S1012975,CUST103103,P10003,2026-01-29,1,Wallet,8439,5929.83,5,8439,421.95,8017.05,Cancelled
O2001994,S1012980,CUST100494,P10080,2026-03-18,1,Debit Card,21455,12114.76,0,21455,0.0,21455.0,Delivered
O2001995,S1012983,CUST104432,P10003,2026-05-03,1,COD,8439,5929.83,10,8439,843.9,7595.1,Delivered
O2001996,S1012986,CUST104016,P10052,2026-06-05,3,Credit Card,3236,2324.09,0,9708,0.0,9708.0,Delivered
O2001997,S1012992,CUST103441,P10027,2026-01-18,1,Debit Card,7408,4535.44,0,7408,0.0,7408.0,Delivered
O2001998,S1013003,CUST101148,P10262,2026-02-09,3,COD,2779,1969.59,0,8337,0.0,8337.0,Delivered
O2001999,S1013009,CUST100674,P10079,2026-04-28,3,UPI,61135,43823.72,10,183405,18340.5,165064.5,Delivered
O2002000,S1013013,CUST104297,P10124,2026-04-24,2,UPI,3200,2461.55,0,6400,0.0,6400.0,Cancelled
O2002001,S1013015,CUST102902,P10142,2026-05-29,2,UPI,68955,39692.83,5,137910,6895.5,131014.5,Cancelled
O2002002,S1013018,CUST103013,P10160,2026-06-24,1,UPI,2602,1698.27,5,2602,130.1,2471.9,Delivered
O2002003,S1013030,CUST101573,P10269,2026-01-03,1,Credit Card,940,703.74,0,940,0.0,940.0,Delivered
O2002004,S1013034,CUST101361,P10114,2026-05-22,3,UPI,3443,2348.43,15,10329,1549.35,8779.65,Delivered
O2002005,S1013045,CUST102634,P10181,2026-01-31,3,Credit Card,3031,1585.49,0,9093,0.0,9093.0,Delivered
O2002006,S1013048,CUST103364,P10232,2026-03-20,1,Credit Card,769,438.83,20,769,153.8,615.2,Delivered
O2002007,S1013049,CUST104360,P10266,2026-01-21,1,UPI,4990,3619.71,30,4990,1497.0,3493.0,Delivered
O2002008,S1013050,CUST103056,P10094,2026-02-12,3,COD,3800,2327.35,0,11400,0.0,11400.0,Delivered
O2002009,S1013051,CUST101249,P10255,2026-02-27,2,UPI,9514,5100.94,5,19028,951.4,18076.6,Delivered
O2002010,S1013056,CUST102702,P10010,2026-02-06,1,COD,5346,3925.5,30,5346,1603.8,3742.2,Delivered
O2002011,S1013057,CUST101201,P10244,2026-01-11,2,Net Banking,22780,13006.79,10,45560,4556.0,41004.0,Delivered
O2002012,S1013061,CUST100513,P10032,2026-04-09,1,Debit Card,1783,1149.52,20,1783,356.6,1426.4,Delivered
O2002013,S1013068,CUST104547,P10185,2026-05-18,2,UPI,1404,1040.82,15,2808,421.2,2386.8,Delivered
O2002014,S1013075,CUST103151,P10019,2026-02-21,1,COD,1375,924.9,15,1375,206.25,1168.75,Delivered
O2002015,S1013088,CUST104929,P10032,2026-05-01,2,Credit Card,1783,1149.52,10,3566,356.6,3209.4,Cancelled
O2002016,S1013089,CUST100500,P10297,2026-01-13,1,COD,26848,19890.05,5,26848,1342.4,25505.6,Delivered
O2002017,S1013090,CUST103628,P10249,2026-01-05,1,Debit Card,8991,5130.06,20,8991,1798.2,7192.8,Delivered
O2002018,S1013092,CUST103664,P10048,2026-01-11,1,Credit Card,10082,5617.48,0,10082,0.0,10082.0,Delivered
O2002019,S1013093,CUST101061,P10176,2026-02-04,1,Debit Card,6980,4532.13,5,6980,349.0,6631.0,Delivered
O2002020,S1013100,CUST104591,P10170,2026-04-01,1,Wallet,1224,694.2,15,1224,183.6,1040.4,Delivered
O2002021,S1013105,CUST101039,P10279,2026-05-02,3,UPI,2276,1649.23,5,6828,341.4,6486.6,Delivered
O2002022,S1013114,CUST103303,P10092,2026-06-04,1,COD,64365,33832.13,25,64365,16091.25,48273.75,Delivered
O2002023,S1013115,CUST100796,P10278,2026-06-27,3,UPI,771,402.83,20,2313,462.6,1850.4,Delivered
O2002024,S1013139,CUST100280,P10296,2026-04-05,1,Debit Card,3213,1902.94,20,3213,642.6,2570.4,Delivered
O2002025,S1013140,CUST102987,P10237,2026-06-02,1,UPI,28041,16331.32,5,28041,1402.05,26638.95,Delivered
O2002026,S1013141,CUST104856,P10104,2026-02-20,1,COD,5812,4517.78,30,5812,1743.6,4068.4,Delivered
O2002027,S1013142,CUST100556,P10133,2026-04-24,2,Credit Card,8047,4254.17,25,16094,4023.5,12070.5,Delivered
O2002028,S1013147,CUST103019,P10290,2026-05-25,1,COD,2169,1222.51,5,2169,108.45,2060.55,Delivered
O2002029,S1013153,CUST102012,P10025,2026-04-27,1,COD,20042,11076.55,15,20042,3006.3,17035.7,Delivered
O2002030,S1013160,CUST101758,P10063,2026-01-23,1,COD,19918,12590.22,20,19918,3983.6,15934.4,Delivered
O2002031,S1013162,CUST103340,P10226,2026-01-05,1,COD,4873,3317.69,25,4873,1218.25,3654.75,Delivered
O2002032,S1013164,CUST104211,P10239,2026-03-21,3,COD,1018,609.01,10,3054,305.4,2748.6,Delivered
O2002033,S1013170,CUST104906,P10213,2026-03-09,2,Wallet,9621,5332.56,5,19242,962.1,18279.9,Delivered
O2002034,S1013177,CUST104603,P10189,2026-04-22,3,Debit Card,9580,7439.6,20,28740,5748.0,22992.0,Delivered
O2002035,S1013181,CUST102174,P10066,2026-01-09,2,Wallet,3823,2537.87,15,7646,1146.9,6499.1,Delivered
O2002036,S1013183,CUST100835,P10271,2026-01-11,1,COD,7548,5673.16,10,7548,754.8,6793.2,Delivered
O2002037,S1013185,CUST103822,P10247,2026-05-15,2,Credit Card,5626,3385.81,5,11252,562.6,10689.4,Delivered
O2002038,S1013189,CUST102510,P10091,2026-04-27,1,UPI,8871,6703.6,0,8871,0.0,8871.0,Delivered
O2002039,S1013198,CUST102302,P10197,2026-04-18,1,UPI,9663,6464.22,15,9663,1449.45,8213.55,Delivered
O2002040,S1013207,CUST103675,P10115,2026-01-06,2,UPI,10668,7010.79,15,21336,3200.4,18135.6,Delivered
O2002041,S1013211,CUST103788,P10036,2026-05-01,2,Net Banking,55094,40455.54,5,110188,5509.4,104678.6,Delivered
O2002042,S1013213,CUST101352,P10098,2026-03-31,1,UPI,2458,1640.7,5,2458,122.9,2335.1,Cancelled
O2002043,S1013216,CUST102031,P10176,2026-04-25,1,Credit Card,6980,4532.13,15,6980,1047.0,5933.0,Delivered
O2002044,S1013219,CUST104263,P10158,2026-05-06,1,Debit Card,2992,1787.19,15,2992,448.8,2543.2,Delivered
O2002045,S1013227,CUST104501,P10055,2026-06-04,1,Credit Card,1514,1082.05,0,1514,0.0,1514.0,Delivered
O2002046,S1013230,CUST104888,P10170,2026-04-18,2,Net Banking,1224,694.2,10,2448,244.8,2203.2,Delivered
O2002047,S1013234,CUST103234,P10075,2026-03-26,1,Net Banking,2665,1597.46,0,2665,0.0,2665.0,Delivered
O2002048,S1013236,CUST102125,P10040,2026-02-18,2,UPI,22035,16539.3,10,44070,4407.0,39663.0,Cancelled
O2002049,S1013237,CUST102233,P10184,2026-04-17,2,Debit Card,45438,26626.58,10,90876,9087.6,81788.4,Delivered
O2002050,S1013245,CUST103464,P10158,2026-01-07,1,COD,2992,1787.19,30,2992,897.6,2094.4,Delivered
O2002051,S1013249,CUST101740,P10192,2026-06-18,1,Credit Card,897,502.88,30,897,269.1,627.9,Delivered
O2002052,S1013256,CUST101570,P10169,2026-06-08,1,UPI,3804,2836.87,10,3804,380.4,3423.6,Delivered
O2002053,S1013257,CUST100369,P10083,2026-03-28,3,Wallet,8198,4446.32,0,24594,0.0,24594.0,Delivered
O2002054,S1013264,CUST100595,P10053,2026-02-15,1,UPI,6492,4790.14,0,6492,0.0,6492.0,Delivered
O2002055,S1013269,CUST101341,P10090,2026-05-28,1,UPI,7588,4498.47,25,7588,1897.0,5691.0,Delivered
O2002056,S1013298,CUST104652,P10289,2026-03-27,1,Credit Card,13420,8244.67,15,13420,2013.0,11407.0,Delivered
O2002057,S1013311,CUST103581,P10215,2026-04-03,2,Credit Card,2133,1449.01,10,4266,426.6,3839.4,Delivered
O2002058,S1013321,CUST101985,P10143,2026-04-25,1,Credit Card,11876,8893.28,30,11876,3562.8,8313.2,Delivered
O2002059,S1013330,CUST102767,P10058,2026-05-20,1,Wallet,2769,1771.56,0,2769,0.0,2769.0,Delivered
O2002060,S1013332,CUST102828,P10132,2026-05-20,3,Credit Card,6369,3407.98,30,19107,5732.1,13374.9,Delivered
O2002061,S1013340,CUST101510,P10283,2026-05-17,1,COD,33348,23060.2,15,33348,5002.2,28345.8,Cancelled
O2002062,S1013342,CUST101859,P10270,2026-01-23,3,UPI,996,636.03,0,2988,0.0,2988.0,Delivered
O2002063,S1013345,CUST104706,P10181,2026-01-04,1,Net Banking,3031,1585.49,10,3031,303.1,2727.9,Delivered
O2002064,S1013347,CUST104684,P10048,2026-02-11,2,UPI,10082,5617.48,25,20164,5041.0,15123.0,Delivered
O2002065,S1013359,CUST103077,P10191,2026-04-01,2,COD,3889,2670.53,15,7778,1166.7,6611.3,Delivered
O2002066,S1013366,CUST104871,P10073,2026-03-17,1,UPI,6709,5226.32,0,6709,0.0,6709.0,Delivered
O2002067,S1013368,CUST101546,P10032,2026-02-23,3,Credit Card,1783,1149.52,5,5349,267.45,5081.55,Delivered
O2002068,S1013373,CUST100114,P10108,2026-01-15,2,Wallet,4124,2828.95,0,8248,0.0,8248.0,Delivered
O2002069,S1013377,CUST103251,P10214,2026-06-18,2,Net Banking,29722,18648.85,10,59444,5944.4,53499.6,Delivered
O2002070,S1013393,CUST103586,P10195,2026-06-10,3,Net Banking,7539,5346.62,10,22617,2261.7,20355.3,Delivered
O2002071,S1013394,CUST104187,P10189,2026-06-08,2,UPI,9580,7439.6,30,19160,5748.0,13412.0,Delivered
O2002072,S1013397,CUST103059,P10202,2026-06-22,3,Debit Card,36183,20924.16,0,108549,0.0,108549.0,Delivered
O2002073,S1013399,CUST100912,P10255,2026-02-04,1,COD,9514,5100.94,10,9514,951.4,8562.6,Delivered
O2002074,S1013411,CUST102839,P10088,2026-04-19,1,Wallet,28130,21646.92,10,28130,2813.0,25317.0,Delivered
O2002075,S1013422,CUST102131,P10299,2026-03-06,2,UPI,4035,2703.81,15,8070,1210.5,6859.5,Delivered
O2002076,S1013427,CUST104218,P10180,2026-01-30,3,UPI,5318,3704.39,0,15954,0.0,15954.0,Delivered
O2002077,S1013431,CUST103179,P10138,2026-03-10,1,UPI,56677,40618.95,10,56677,5667.7,51009.3,Delivered
O2002078,S1013433,CUST104390,P10146,2026-06-14,3,Debit Card,13773,10462.06,30,41319,12395.7,28923.3,Delivered
O2002079,S1013436,CUST102242,P10209,2026-03-11,1,COD,5849,4391.18,30,5849,1754.7,4094.3,Delivered
O2002080,S1013438,CUST100855,P10251,2026-03-11,1,UPI,22462,11904.7,0,22462,0.0,22462.0,Delivered
O2002081,S1013440,CUST104050,P10100,2026-03-08,2,Wallet,22483,16903.72,15,44966,6744.9,38221.1,Delivered
O2002082,S1013444,CUST104637,P10239,2026-03-25,2,Wallet,1018,609.01,25,2036,509.0,1527.0,Delivered
O2002083,S1013450,CUST102231,P10203,2026-05-14,3,Net Banking,1532,987.74,10,4596,459.6,4136.4,Delivered
O2002084,S1013451,CUST103778,P10049,2026-01-09,1,Net Banking,23453,16779.94,30,23453,7035.9,16417.1,Delivered
O2002085,S1013452,CUST100367,P10297,2026-01-12,2,Debit Card,26848,19890.05,0,53696,0.0,53696.0,Delivered
O2002086,S1013456,CUST102922,P10071,2026-04-20,3,Wallet,66043,44363.13,15,198129,29719.35,168409.65,Delivered
O2002087,S1013464,CUST104537,P10101,2026-05-05,2,Debit Card,12746,6696.14,10,25492,2549.2,22942.8,Delivered
O2002088,S1013468,CUST100885,P10123,2026-06-27,1,UPI,13321,7090.49,5,13321,666.05,12654.95,Delivered
O2002089,S1013470,CUST100743,P10127,2026-02-09,1,UPI,8539,5168.04,0,8539,0.0,8539.0,Delivered
O2002090,S1013471,CUST102040,P10216,2026-04-22,1,Credit Card,26876,16855.26,20,26876,5375.2,21500.8,Delivered
O2002091,S1013487,CUST102477,P10017,2026-03-15,1,Net Banking,5562,2936.56,5,5562,278.1,5283.9,Delivered
O2002092,S1013493,CUST103415,P10029,2026-01-28,1,UPI,33318,25283.28,0,33318,0.0,33318.0,Delivered
O2002093,S1013494,CUST104830,P10117,2026-03-15,1,Debit Card,6826,4686.53,10,6826,682.6,6143.4,Delivered
O2002094,S1013505,CUST104436,P10225,2026-06-22,1,UPI,3616,2332.12,5,3616,180.8,3435.2,Delivered
O2002095,S1013517,CUST104132,P10134,2026-03-27,2,UPI,1548,1032.95,20,3096,619.2,2476.8,Delivered
O2002096,S1013519,CUST102897,P10267,2026-02-26,2,Debit Card,60767,43188.99,30,121534,36460.2,85073.8,Delivered
O2002097,S1013523,CUST102688,P10168,2026-01-26,2,UPI,19244,10755.21,0,38488,0.0,38488.0,Delivered
O2002098,S1013530,CUST100895,P10114,2026-04-04,2,COD,3443,2348.43,20,6886,1377.2,5508.8,Delivered
O2002099,S1013542,CUST103037,P10137,2026-01-20,2,COD,19557,10748.7,10,39114,3911.4,35202.6,Delivered
O2002100,S1013544,CUST104268,P10235,2026-05-18,2,UPI,68950,50389.39,0,137900,0.0,137900.0,Delivered
O2002101,S1013551,CUST102918,P10084,2026-01-16,3,Net Banking,5330,2842.99,20,15990,3198.0,12792.0,Delivered
O2002102,S1013570,CUST100129,P10280,2026-01-26,2,UPI,2303,1356.82,25,4606,1151.5,3454.5,Delivered
O2002103,S1013573,CUST101649,P10061,2026-04-10,1,Wallet,6549,4234.25,10,6549,654.9,5894.1,Delivered
O2002104,S1013581,CUST104198,P10221,2026-02-09,2,UPI,31726,18312.58,30,63452,19035.6,44416.4,Delivered
O2002105,S1013607,CUST101900,P10011,2026-06-29,1,Net Banking,5109,2851.33,20,5109,1021.8,4087.2,Delivered
O2002106,S1013608,CUST103544,P10052,2026-04-08,3,COD,3236,2324.09,10,9708,970.8,8737.2,Delivered
O2002107,S1013610,CUST102507,P10220,2026-06-11,1,Credit Card,4583,2718.39,20,4583,916.6,3666.4,Cancelled
O2002108,S1013614,CUST100041,P10198,2026-02-05,1,Net Banking,32876,23438.24,15,32876,4931.4,27944.6,Delivered
O2002109,S1013627,CUST102280,P10187,2026-05-30,2,Debit Card,21453,15652.9,20,42906,8581.2,34324.8,Delivered
O2002110,S1013631,CUST104733,P10199,2026-04-19,2,UPI,22784,17284.35,10,45568,4556.8,41011.2,Delivered
O2002111,S1013633,CUST103034,P10248,2026-02-13,1,Credit Card,7477,5791.69,0,7477,0.0,7477.0,Delivered
O2002112,S1013643,CUST101062,P10204,2026-02-11,3,Credit Card,29027,15561.91,10,87081,8708.1,78372.9,Delivered
O2002113,S1013647,CUST100632,P10113,2026-05-27,1,Net Banking,1248,771.21,20,1248,249.6,998.4,Delivered
O2002114,S1013648,CUST101602,P10030,2026-03-30,1,Credit Card,9973,7238.98,15,9973,1495.95,8477.05,Delivered
O2002115,S1013650,CUST101451,P10236,2026-01-09,1,Credit Card,854,611.4,20,854,170.8,683.2,Delivered
O2002116,S1013652,CUST100722,P10093,2026-02-21,1,UPI,3481,1818.59,5,3481,174.05,3306.95,Delivered
O2002117,S1013653,CUST104536,P10169,2026-06-20,3,Debit Card,3804,2836.87,15,11412,1711.8,9700.2,Delivered
O2002118,S1013655,CUST100243,P10109,2026-03-24,1,Wallet,9721,6690.28,10,9721,972.1,8748.9,Delivered
O2002119,S1013681,CUST104010,P10021,2026-04-11,1,Credit Card,1105,826.21,5,1105,55.25,1049.75,Delivered
O2002120,S1013688,CUST102188,P10003,2026-02-16,1,COD,8439,5929.83,30,8439,2531.7,5907.3,Delivered
O2002121,S1013700,CUST100715,P10186,2026-05-17,2,Wallet,47740,30071.34,0,95480,0.0,95480.0,Delivered
O2002122,S1013701,CUST102495,P10223,2026-04-18,1,Net Banking,38523,24402.87,5,38523,1926.15,36596.85,Delivered
O2002123,S1013706,CUST102898,P10139,2026-01-01,1,Net Banking,848,614.49,20,848,169.6,678.4,Delivered
O2002124,S1013711,CUST101677,P10175,2026-01-16,2,COD,2611,1496.48,15,5222,783.3,4438.7,Delivered
O2002125,S1013728,CUST104896,P10140,2026-02-18,1,Debit Card,24307,15572.5,25,24307,6076.75,18230.25,Delivered
O2002126,S1013734,CUST100541,P10208,2026-02-05,2,Wallet,9679,5536.57,15,19358,2903.7,16454.3,Delivered
O2002127,S1013738,CUST100651,P10071,2026-04-07,1,COD,66043,44363.13,0,66043,0.0,66043.0,Delivered
O2002128,S1013740,CUST101305,P10109,2026-05-28,1,Net Banking,9721,6690.28,15,9721,1458.15,8262.85,Delivered
O2002129,S1013746,CUST104705,P10003,2026-03-02,3,UPI,8439,5929.83,20,25317,5063.4,20253.6,Delivered
O2002130,S1013751,CUST101314,P10187,2026-04-04,2,UPI,21453,15652.9,30,42906,12871.8,30034.2,Delivered
O2002131,S1013752,CUST102646,P10256,2026-01-13,2,UPI,3768,2771.04,0,7536,0.0,7536.0,Delivered
O2002132,S1013755,CUST103515,P10072,2026-03-02,1,Credit Card,30444,20638.98,30,30444,9133.2,21310.8,Delivered
O2002133,S1013758,CUST101615,P10277,2026-04-01,1,UPI,3998,2912.65,10,3998,399.8,3598.2,Delivered
O2002134,S1013760,CUST101328,P10087,2026-06-17,1,Debit Card,3581,2362.63,10,3581,358.1,3222.9,Delivered
O2002135,S1013779,CUST104016,P10290,2026-03-07,2,UPI,2169,1222.51,30,4338,1301.4,3036.6,Delivered
O2002136,S1013780,CUST101497,P10068,2026-02-04,2,UPI,841,623.97,5,1682,84.1,1597.9,Delivered
O2002137,S1013786,CUST102324,P10211,2026-02-04,2,UPI,3579,2686.65,0,7158,0.0,7158.0,Delivered
O2002138,S1013790,CUST104763,P10284,2026-04-17,3,COD,1898,1058.59,10,5694,569.4,5124.6,Delivered
O2002139,S1013792,CUST101426,P10008,2026-04-17,1,UPI,1464,905.9,15,1464,219.6,1244.4,Delivered
O2002140,S1013793,CUST104929,P10250,2026-02-28,1,UPI,3881,2347.37,15,3881,582.15,3298.85,Delivered
O2002141,S1013794,CUST102552,P10067,2026-06-10,1,Credit Card,2119,1108.48,5,2119,105.95,2013.05,Delivered
O2002142,S1013797,CUST104422,P10300,2026-01-19,3,UPI,10568,7818.24,0,31704,0.0,31704.0,Delivered
O2002143,S1013805,CUST104097,P10222,2026-05-11,1,Wallet,5863,3845.53,10,5863,586.3,5276.7,Delivered
O2002144,S1013809,CUST100725,P10012,2026-05-11,3,UPI,6050,4362.18,15,18150,2722.5,15427.5,Delivered
O2002145,S1013824,CUST101780,P10018,2026-03-25,3,Credit Card,9581,5047.77,30,28743,8622.9,20120.1,Delivered
O2002146,S1013835,CUST101042,P10191,2026-02-13,2,Net Banking,3889,2670.53,25,7778,1944.5,5833.5,Delivered
O2002147,S1013837,CUST103486,P10277,2026-05-03,1,UPI,3998,2912.65,10,3998,399.8,3598.2,Delivered
O2002148,S1013840,CUST101250,P10095,2026-04-23,2,Debit Card,5142,3088.55,0,10284,0.0,10284.0,Delivered
O2002149,S1013847,CUST100248,P10055,2026-05-08,1,UPI,1514,1082.05,30,1514,454.2,1059.8,Delivered
O2002150,S1013850,CUST101932,P10288,2026-02-02,2,Credit Card,61529,36961.24,5,123058,6152.9,116905.1,Delivered
O2002151,S1013854,CUST104385,P10266,2026-03-24,1,COD,4990,3619.71,10,4990,499.0,4491.0,Delivered
O2002152,S1013856,CUST103985,P10261,2026-06-02,1,COD,10937,8376.17,5,10937,546.85,10390.15,Delivered
O2002153,S1013861,CUST100133,P10053,2026-02-03,2,Credit Card,6492,4790.14,10,12984,1298.4,11685.6,Cancelled
O2002154,S1013886,CUST102717,P10091,2026-01-27,1,Net Banking,8871,6703.6,0,8871,0.0,8871.0,Delivered
O2002155,S1013892,CUST101017,P10146,2026-04-07,3,UPI,13773,10462.06,10,41319,4131.9,37187.1,Delivered
O2002156,S1013905,CUST103576,P10220,2026-06-05,3,COD,4583,2718.39,0,13749,0.0,13749.0,Delivered
O2002157,S1013920,CUST100237,P10032,2026-04-14,2,Credit Card,1783,1149.52,5,3566,178.3,3387.7,Delivered
O2002158,S1013923,CUST100139,P10265,2026-05-27,1,COD,9033,6070.38,0,9033,0.0,9033.0,Delivered
O2002159,S1013942,CUST102387,P10045,2026-05-07,1,Net Banking,10136,7547.37,15,10136,1520.4,8615.6,Delivered
O2002160,S1013955,CUST104578,P10152,2026-03-23,2,Credit Card,5488,3309.39,0,10976,0.0,10976.0,Delivered
O2002161,S1013970,CUST103213,P10046,2026-04-22,1,UPI,6966,5023.33,10,6966,696.6,6269.4,Delivered
O2002162,S1013973,CUST102318,P10030,2026-01-22,3,Debit Card,9973,7238.98,15,29919,4487.85,25431.15,Delivered
O2002163,S1013983,CUST103233,P10093,2026-04-29,3,UPI,3481,1818.59,15,10443,1566.45,8876.55,Delivered
O2002164,S1013985,CUST102847,P10276,2026-06-12,2,Credit Card,13124,7781.19,10,26248,2624.8,23623.2,Delivered
O2002165,S1013987,CUST100678,P10237,2026-02-14,1,UPI,28041,16331.32,30,28041,8412.3,19628.7,Cancelled
O2002166,S1013989,CUST102984,P10198,2026-03-14,1,Debit Card,32876,23438.24,0,32876,0.0,32876.0,Delivered
O2002167,S1014002,CUST100200,P10204,2026-02-19,1,Debit Card,29027,15561.91,25,29027,7256.75,21770.25,Delivered
O2002168,S1014010,CUST100005,P10160,2026-04-05,2,COD,2602,1698.27,0,5204,0.0,5204.0,Delivered
O2002169,S1014015,CUST104400,P10265,2026-01-06,1,UPI,9033,6070.38,5,9033,451.65,8581.35,Delivered
O2002170,S1014033,CUST104548,P10206,2026-03-04,1,Net Banking,5268,3248.49,0,5268,0.0,5268.0,Delivered
O2002171,S1014034,CUST102714,P10141,2026-06-09,2,COD,8126,5924.94,25,16252,4063.0,12189.0,Delivered
O2002172,S1014046,CUST101236,P10283,2026-06-12,2,UPI,33348,23060.2,20,66696,13339.2,53356.8,Delivered
O2002173,S1014056,CUST104723,P10083,2026-03-16,2,Debit Card,8198,4446.32,0,16396,0.0,16396.0,Delivered
O2002174,S1014057,CUST103914,P10209,2026-05-24,2,Debit Card,5849,4391.18,25,11698,2924.5,8773.5,Delivered
O2002175,S1014060,CUST102783,P10074,2026-05-31,1,UPI,7946,5564.84,10,7946,794.6,7151.4,Delivered
O2002176,S1014074,CUST103033,P10252,2026-01-14,2,Net Banking,12430,8332.71,20,24860,4972.0,19888.0,Delivered
O2002177,S1014090,CUST103892,P10249,2026-05-05,1,Debit Card,8991,5130.06,25,8991,2247.75,6743.25,Delivered
O2002178,S1014103,CUST102541,P10076,2026-06-08,2,UPI,5696,3112.1,15,11392,1708.8,9683.2,Delivered
O2002179,S1014105,CUST102470,P10194,2026-01-05,3,Net Banking,9552,5893.76,15,28656,4298.4,24357.6,Delivered
O2002180,S1014107,CUST103269,P10279,2026-04-16,1,UPI,2276,1649.23,10,2276,227.6,2048.4,Cancelled
O2002181,S1014109,CUST103154,P10244,2026-05-22,2,UPI,22780,13006.79,5,45560,2278.0,43282.0,Delivered
O2002182,S1014120,CUST104325,P10224,2026-04-03,2,Net Banking,1817,1295.8,30,3634,1090.2,2543.8,Delivered
O2002183,S1014127,CUST104986,P10157,2026-02-09,1,UPI,25547,19576.56,20,25547,5109.4,20437.6,Delivered
O2002184,S1014132,CUST104342,P10091,2026-01-09,2,Credit Card,8871,6703.6,0,17742,0.0,17742.0,Delivered
O2002185,S1014145,CUST101424,P10212,2026-04-27,3,Wallet,5453,4048.83,5,16359,817.95,15541.05,Delivered
O2002186,S1014147,CUST100506,P10191,2026-05-21,1,Wallet,3889,2670.53,25,3889,972.25,2916.75,Delivered
O2002187,S1014149,CUST100361,P10125,2026-01-23,2,UPI,810,501.25,25,1620,405.0,1215.0,Delivered
O2002188,S1014153,CUST102358,P10037,2026-01-28,1,Debit Card,3901,2527.67,0,3901,0.0,3901.0,Delivered
O2002189,S1014165,CUST101209,P10120,2026-01-02,1,UPI,6871,5090.3,0,6871,0.0,6871.0,Delivered
O2002190,S1014167,CUST100608,P10122,2026-03-11,1,Wallet,15525,11853.49,15,15525,2328.75,13196.25,Delivered
O2002191,S1014190,CUST102443,P10072,2026-05-21,1,COD,30444,20638.98,5,30444,1522.2,28921.8,Delivered
O2002192,S1014201,CUST104620,P10009,2026-01-04,1,Credit Card,3303,1915.96,15,3303,495.45,2807.55,Delivered
O2002193,S1014206,CUST101204,P10015,2026-05-24,3,Wallet,11273,6404.53,0,33819,0.0,33819.0,Delivered
O2002194,S1014216,CUST104729,P10124,2026-03-10,1,Credit Card,3200,2461.55,15,3200,480.0,2720.0,Delivered
O2002195,S1014222,CUST102449,P10287,2026-04-05,1,UPI,409,292.05,20,409,81.8,327.2,Delivered
O2002196,S1014256,CUST103654,P10267,2026-04-10,3,COD,60767,43188.99,10,182301,18230.1,164070.9,Delivered
O2002197,S1014263,CUST104251,P10080,2026-05-24,2,COD,21455,12114.76,25,42910,10727.5,32182.5,Delivered
O2002198,S1014274,CUST101051,P10060,2026-02-20,2,UPI,5247,2849.56,25,10494,2623.5,7870.5,Delivered
O2002199,S1014292,CUST101179,P10042,2026-02-14,2,Debit Card,8220,6349.45,0,16440,0.0,16440.0,Delivered
O2002200,S1014302,CUST101607,P10156,2026-05-26,1,Credit Card,1637,916.11,5,1637,81.85,1555.15,Cancelled
O2002201,S1014304,CUST102448,P10210,2026-02-04,2,UPI,12116,8357.65,0,24232,0.0,24232.0,Delivered
O2002202,S1014312,CUST104867,P10276,2026-06-24,2,Debit Card,13124,7781.19,10,26248,2624.8,23623.2,Delivered
O2002203,S1014330,CUST103059,P10193,2026-04-06,2,Debit Card,49892,32028.99,20,99784,19956.8,79827.2,Delivered
O2002204,S1014353,CUST104330,P10237,2026-02-23,2,UPI,28041,16331.32,15,56082,8412.3,47669.7,Delivered
O2002205,S1014383,CUST103861,P10259,2026-06-18,1,UPI,23155,17448.81,0,23155,0.0,23155.0,Delivered
O2002206,S1014390,CUST100975,P10275,2026-03-09,1,Credit Card,23193,17875.58,20,23193,4638.6,18554.4,Delivered
O2002207,S1014393,CUST104806,P10043,2026-04-03,1,UPI,1883,1280.93,10,1883,188.3,1694.7,Delivered
O2002208,S1014399,CUST104657,P10074,2026-05-20,2,Credit Card,7946,5564.84,5,15892,794.6,15097.4,Delivered
O2002209,S1014412,CUST101956,P10229,2026-05-21,2,COD,893,631.69,10,1786,178.6,1607.4,Delivered
O2002210,S1014414,CUST104484,P10219,2026-04-16,1,UPI,10171,5453.76,0,10171,0.0,10171.0,Delivered
O2002211,S1014434,CUST104779,P10083,2026-01-06,1,UPI,8198,4446.32,5,8198,409.9,7788.1,Delivered
O2002212,S1014437,CUST104069,P10169,2026-02-28,2,UPI,3804,2836.87,10,7608,760.8,6847.2,Delivered
O2002213,S1014442,CUST103387,P10169,2026-02-19,1,Debit Card,3804,2836.87,15,3804,570.6,3233.4,Delivered
O2002214,S1014446,CUST102104,P10186,2026-05-16,1,UPI,47740,30071.34,10,47740,4774.0,42966.0,Delivered
O2002215,S1014459,CUST100952,P10145,2026-01-31,2,UPI,872,606.55,25,1744,436.0,1308.0,Delivered
O2002216,S1014463,CUST104512,P10166,2026-01-25,2,Net Banking,2850,1684.41,0,5700,0.0,5700.0,Delivered
O2002217,S1014467,CUST102448,P10281,2026-01-14,1,Credit Card,3253,2264.87,0,3253,0.0,3253.0,Delivered
O2002218,S1014471,CUST102936,P10269,2026-04-21,2,Debit Card,940,703.74,10,1880,188.0,1692.0,Delivered
O2002219,S1014475,CUST104517,P10055,2026-03-20,1,UPI,1514,1082.05,0,1514,0.0,1514.0,Cancelled
O2002220,S1014477,CUST102952,P10049,2026-03-15,1,Net Banking,23453,16779.94,15,23453,3517.95,19935.05,Delivered
O2002221,S1014489,CUST104948,P10204,2026-04-25,1,Credit Card,29027,15561.91,30,29027,8708.1,20318.9,Delivered
O2002222,S1014492,CUST101751,P10003,2026-03-17,1,UPI,8439,5929.83,20,8439,1687.8,6751.2,Delivered
O2002223,S1014493,CUST101245,P10279,2026-06-12,2,COD,2276,1649.23,0,4552,0.0,4552.0,Delivered
O2002224,S1014499,CUST101397,P10074,2026-04-06,2,Debit Card,7946,5564.84,20,15892,3178.4,12713.6,Delivered
O2002225,S1014500,CUST100174,P10044,2026-06-28,1,COD,49345,36903.93,0,49345,0.0,49345.0,Delivered
O2002226,S1014503,CUST102889,P10227,2026-06-25,2,COD,3471,2208.54,10,6942,694.2,6247.8,Delivered
O2002227,S1014508,CUST101700,P10109,2026-06-05,3,Credit Card,9721,6690.28,0,29163,0.0,29163.0,Delivered
O2002228,S1014510,CUST103092,P10057,2026-02-23,1,Debit Card,3407,1991.41,20,3407,681.4,2725.6,Delivered
O2002229,S1014521,CUST102616,P10028,2026-03-12,2,UPI,5932,3311.67,25,11864,2966.0,8898.0,Delivered
O2002230,S1014529,CUST101484,P10091,2026-05-11,1,Net Banking,8871,6703.6,30,8871,2661.3,6209.7,Delivered
O2002231,S1014531,CUST104286,P10002,2026-01-30,2,COD,2459,1911.52,10,4918,491.8,4426.2,Delivered
O2002232,S1014546,CUST100843,P10097,2026-01-24,2,Credit Card,9087,4849.76,20,18174,3634.8,14539.2,Delivered
O2002233,S1014552,CUST100722,P10190,2026-04-08,1,COD,36819,20149.38,0,36819,0.0,36819.0,Delivered
O2002234,S1014569,CUST103921,P10131,2026-05-29,2,COD,17602,13555.92,10,35204,3520.4,31683.6,Delivered
O2002235,S1014570,CUST101137,P10178,2026-03-31,2,Net Banking,1278,832.47,30,2556,766.8,1789.2,Delivered
O2002236,S1014575,CUST101315,P10299,2026-01-15,1,Debit Card,4035,2703.81,10,4035,403.5,3631.5,Delivered
O2002237,S1014576,CUST100434,P10225,2026-06-01,1,UPI,3616,2332.12,25,3616,904.0,2712.0,Delivered
O2002238,S1014577,CUST104513,P10218,2026-02-21,3,UPI,46613,31735.95,10,139839,13983.9,125855.1,Delivered
O2002239,S1014586,CUST101852,P10124,2026-05-29,2,UPI,3200,2461.55,20,6400,1280.0,5120.0,Delivered
O2002240,S1014592,CUST102067,P10122,2026-03-20,3,UPI,15525,11853.49,20,46575,9315.0,37260.0,Delivered
O2002241,S1014597,CUST102972,P10261,2026-06-08,1,Debit Card,10937,8376.17,15,10937,1640.55,9296.45,Delivered
O2002242,S1014618,CUST102471,P10124,2026-02-05,2,COD,3200,2461.55,0,6400,0.0,6400.0,Delivered
O2002243,S1014621,CUST103491,P10238,2026-05-29,2,UPI,31827,19106.85,15,63654,9548.1,54105.9,Delivered
O2002244,S1014635,CUST100208,P10237,2026-02-04,1,UPI,28041,16331.32,5,28041,1402.05,26638.95,Delivered
O2002245,S1014642,CUST104707,P10267,2026-02-17,3,UPI,60767,43188.99,15,182301,27345.15,154955.85,Delivered
O2002246,S1014655,CUST104707,P10171,2026-02-13,1,UPI,8740,5130.1,10,8740,874.0,7866.0,Delivered
O2002247,S1014659,CUST101318,P10268,2026-05-01,2,Credit Card,4912,2724.22,10,9824,982.4,8841.6,Cancelled
O2002248,S1014695,CUST102426,P10264,2026-01-21,1,Credit Card,9463,6731.14,5,9463,473.15,8989.85,Delivered
O2002249,S1014697,CUST103746,P10037,2026-03-04,2,UPI,3901,2527.67,20,7802,1560.4,6241.6,Delivered
O2002250,S1014699,CUST102138,P10133,2026-03-02,2,Credit Card,8047,4254.17,0,16094,0.0,16094.0,Delivered
O2002251,S1014704,CUST102911,P10185,2026-06-01,3,Credit Card,1404,1040.82,10,4212,421.2,3790.8,Delivered
O2002252,S1014721,CUST100142,P10174,2026-01-13,1,UPI,3339,2259.98,20,3339,667.8,2671.2,Delivered
O2002253,S1014723,CUST102099,P10236,2026-03-25,1,UPI,854,611.4,0,854,0.0,854.0,Delivered
O2002254,S1014734,CUST102939,P10221,2026-02-28,2,Wallet,31726,18312.58,15,63452,9517.8,53934.2,Cancelled
O2002255,S1014740,CUST101145,P10205,2026-01-10,1,UPI,2967,1938.06,10,2967,296.7,2670.3,Delivered
O2002256,S1014750,CUST101192,P10125,2026-04-29,3,Debit Card,810,501.25,5,2430,121.5,2308.5,Delivered
O2002257,S1014752,CUST101917,P10137,2026-03-30,1,COD,19557,10748.7,10,19557,1955.7,17601.3,Delivered
O2002258,S1014765,CUST101939,P10129,2026-04-11,1,Credit Card,479,371.85,0,479,0.0,479.0,Delivered
O2002259,S1014767,CUST102584,P10297,2026-05-22,2,COD,26848,19890.05,0,53696,0.0,53696.0,Delivered
O2002260,S1014769,CUST101512,P10093,2026-01-04,1,Debit Card,3481,1818.59,0,3481,0.0,3481.0,Delivered
O2002261,S1014781,CUST100405,P10232,2026-05-10,1,UPI,769,438.83,20,769,153.8,615.2,Cancelled
O2002262,S1014788,CUST100158,P10207,2026-05-07,1,COD,176,95.69,10,176,17.6,158.4,Delivered
O2002263,S1014792,CUST100806,P10057,2026-04-22,2,Net Banking,3407,1991.41,10,6814,681.4,6132.6,Delivered
O2002264,S1014794,CUST102195,P10268,2026-03-12,1,Debit Card,4912,2724.22,25,4912,1228.0,3684.0,Delivered
O2002265,S1014812,CUST102045,P10223,2026-04-22,2,Credit Card,38523,24402.87,25,77046,19261.5,57784.5,Delivered
O2002266,S1014823,CUST104719,P10011,2026-04-01,3,UPI,5109,2851.33,0,15327,0.0,15327.0,Delivered
O2002267,S1014824,CUST104151,P10073,2026-05-30,1,Net Banking,6709,5226.32,0,6709,0.0,6709.0,Delivered
O2002268,S1014837,CUST104274,P10093,2026-04-06,3,UPI,3481,1818.59,30,10443,3132.9,7310.1,Delivered
O2002269,S1014851,CUST102225,P10023,2026-06-02,2,UPI,7904,4640.7,30,15808,4742.4,11065.6,Delivered
O2002270,S1014852,CUST103445,P10188,2026-01-12,1,Debit Card,1125,605.0,30,1125,337.5,787.5,Delivered
O2002271,S1014854,CUST101252,P10167,2026-06-05,1,Debit Card,19753,15401.71,5,19753,987.65,18765.35,Delivered
O2002272,S1014860,CUST100757,P10258,2026-02-02,1,COD,5885,4538.6,30,5885,1765.5,4119.5,Delivered
O2002273,S1014870,CUST102313,P10236,2026-01-25,2,Debit Card,854,611.4,10,1708,170.8,1537.2,Delivered
O2002274,S1014873,CUST102998,P10261,2026-06-04,1,UPI,10937,8376.17,25,10937,2734.25,8202.75,Delivered
O2002275,S1014877,CUST101591,P10056,2026-03-21,3,Debit Card,4152,2410.64,15,12456,1868.4,10587.6,Delivered
O2002276,S1014880,CUST104842,P10125,2026-04-29,1,UPI,810,501.25,20,810,162.0,648.0,Delivered
O2002277,S1014888,CUST103033,P10288,2026-01-19,1,Credit Card,61529,36961.24,10,61529,6152.9,55376.1,Cancelled
O2002278,S1014892,CUST103177,P10200,2026-05-22,1,COD,2965,2065.76,0,2965,0.0,2965.0,Delivered
O2002279,S1014899,CUST101257,P10170,2026-04-27,1,UPI,1224,694.2,5,1224,61.2,1162.8,Cancelled
O2002280,S1014908,CUST100810,P10065,2026-01-01,3,Wallet,3554,2097.11,15,10662,1599.3,9062.7,Delivered
O2002281,S1014910,CUST100638,P10116,2026-01-24,2,COD,7704,5390.51,5,15408,770.4,14637.6,Delivered
O2002282,S1014940,CUST102011,P10243,2026-01-15,1,UPI,3426,2508.92,20,3426,685.2,2740.8,Delivered
O2002283,S1014943,CUST100243,P10151,2026-01-07,1,UPI,3881,2822.56,10,3881,388.1,3492.9,Delivered
O2002284,S1014948,CUST100713,P10021,2026-02-22,1,Debit Card,1105,826.21,30,1105,331.5,773.5,Delivered
O2002285,S1014956,CUST100985,P10191,2026-01-01,1,Credit Card,3889,2670.53,15,3889,583.35,3305.65,Delivered
O2002286,S1014962,CUST102754,P10162,2026-02-27,2,Debit Card,1909,1328.04,0,3818,0.0,3818.0,Delivered
O2002287,S1014973,CUST102803,P10006,2026-03-11,2,Wallet,2708,1571.31,25,5416,1354.0,4062.0,Cancelled
O2002288,S1014997,CUST100641,P10208,2026-01-10,2,UPI,9679,5536.57,0,19358,0.0,19358.0,Delivered
O2002289,S1015002,CUST101286,P10134,2026-06-29,1,UPI,1548,1032.95,20,1548,309.6,1238.4,Delivered
O2002290,S1015004,CUST104354,P10110,2026-04-13,1,COD,23464,16729.04,0,23464,0.0,23464.0,Delivered
O2002291,S1015006,CUST103623,P10061,2026-03-25,1,UPI,6549,4234.25,5,6549,327.45,6221.55,Delivered
O2002292,S1015024,CUST102474,P10079,2026-01-14,1,Credit Card,61135,43823.72,25,61135,15283.75,45851.25,Delivered
O2002293,S1015039,CUST101289,P10228,2026-06-22,2,Credit Card,5785,4065.12,15,11570,1735.5,9834.5,Delivered
O2002294,S1015040,CUST101349,P10031,2026-02-03,2,COD,7685,4018.41,15,15370,2305.5,13064.5,Delivered
O2002295,S1015051,CUST101963,P10230,2026-04-16,2,COD,4503,3004.28,25,9006,2251.5,6754.5,Delivered
O2002296,S1015055,CUST102549,P10041,2026-06-05,1,UPI,6442,3659.95,25,6442,1610.5,4831.5,Delivered
O2002297,S1015078,CUST103518,P10276,2026-03-31,1,UPI,13124,7781.19,10,13124,1312.4,11811.6,Delivered
O2002298,S1015088,CUST103991,P10195,2026-05-23,2,UPI,7539,5346.62,0,15078,0.0,15078.0,Delivered
O2002299,S1015108,CUST104270,P10017,2026-03-10,2,UPI,5562,2936.56,10,11124,1112.4,10011.6,Delivered
O2002300,S1015111,CUST101103,P10237,2026-03-31,2,Debit Card,28041,16331.32,15,56082,8412.3,47669.7,Delivered
O2002301,S1015115,CUST102491,P10294,2026-06-22,1,UPI,5617,4032.22,0,5617,0.0,5617.0,Delivered
O2002302,S1015116,CUST102127,P10257,2026-03-03,1,COD,988,536.3,30,988,296.4,691.6,Delivered
O2002303,S1015117,CUST103765,P10055,2026-05-31,2,Credit Card,1514,1082.05,5,3028,151.4,2876.6,Delivered
O2002304,S1015128,CUST101013,P10093,2026-02-10,1,UPI,3481,1818.59,20,3481,696.2,2784.8,Delivered
O2002305,S1015135,CUST103989,P10224,2026-06-07,2,UPI,1817,1295.8,15,3634,545.1,3088.9,Delivered
O2002306,S1015140,CUST104396,P10224,2026-05-28,2,UPI,1817,1295.8,0,3634,0.0,3634.0,Delivered
O2002307,S1015144,CUST104734,P10143,2026-05-24,1,Debit Card,11876,8893.28,15,11876,1781.4,10094.6,Delivered
O2002308,S1015146,CUST102125,P10281,2026-06-16,1,Credit Card,3253,2264.87,5,3253,162.65,3090.35,Delivered
O2002309,S1015148,CUST102867,P10056,2026-04-09,2,Credit Card,4152,2410.64,15,8304,1245.6,7058.4,Delivered
O2002310,S1015162,CUST103056,P10001,2026-04-11,2,UPI,59620,39248.59,0,119240,0.0,119240.0,Delivered
O2002311,S1015167,CUST104638,P10187,2026-03-23,1,COD,21453,15652.9,10,21453,2145.3,19307.7,Delivered
O2002312,S1015171,CUST100215,P10005,2026-05-22,1,Credit Card,8334,4443.06,5,8334,416.7,7917.3,Delivered
O2002313,S1015172,CUST103242,P10166,2026-02-21,3,UPI,2850,1684.41,25,8550,2137.5,6412.5,Delivered
O2002314,S1015173,CUST102269,P10194,2026-01-01,1,UPI,9552,5893.76,30,9552,2865.6,6686.4,Delivered
O2002315,S1015174,CUST103332,P10147,2026-06-10,2,UPI,2573,1365.43,5,5146,257.3,4888.7,Delivered
O2002316,S1015191,CUST102601,P10166,2026-05-12,2,Credit Card,2850,1684.41,25,5700,1425.0,4275.0,Delivered
O2002317,S1015193,CUST102140,P10159,2026-03-08,2,Credit Card,2037,1111.1,10,4074,407.4,3666.6,Delivered
O2002318,S1015198,CUST102848,P10048,2026-04-22,1,UPI,10082,5617.48,25,10082,2520.5,7561.5,Delivered
O2002319,S1015203,CUST104866,P10282,2026-01-29,1,UPI,3313,2240.18,25,3313,828.25,2484.75,Delivered
O2002320,S1015213,CUST103353,P10108,2026-03-03,2,UPI,4124,2828.95,0,8248,0.0,8248.0,Delivered
O2002321,S1015214,CUST102911,P10285,2026-05-29,1,COD,56690,39870.19,15,56690,8503.5,48186.5,Delivered
O2002322,S1015215,CUST104966,P10076,2026-02-20,1,UPI,5696,3112.1,10,5696,569.6,5126.4,Delivered
O2002323,S1015231,CUST100889,P10045,2026-04-13,1,UPI,10136,7547.37,10,10136,1013.6,9122.4,Delivered
O2002324,S1015237,CUST102364,P10011,2026-01-09,2,UPI,5109,2851.33,10,10218,1021.8,9196.2,Cancelled
O2002325,S1015238,CUST101349,P10200,2026-03-31,2,Credit Card,2965,2065.76,10,5930,593.0,5337.0,Delivered
O2002326,S1015240,CUST100318,P10122,2026-02-02,1,UPI,15525,11853.49,25,15525,3881.25,11643.75,Delivered
O2002327,S1015246,CUST104245,P10264,2026-04-08,2,UPI,9463,6731.14,0,18926,0.0,18926.0,Delivered
O2002328,S1015248,CUST102510,P10193,2026-03-16,2,Debit Card,49892,32028.99,10,99784,9978.4,89805.6,Delivered
O2002329,S1015255,CUST104614,P10154,2026-05-25,2,UPI,19267,15018.89,15,38534,5780.1,32753.9,Delivered
O2002330,S1015277,CUST104121,P10136,2026-02-13,1,Debit Card,5090,3231.92,15,5090,763.5,4326.5,Delivered
O2002331,S1015278,CUST104198,P10127,2026-01-25,1,Net Banking,8539,5168.04,10,8539,853.9,7685.1,Delivered
O2002332,S1015296,CUST103757,P10108,2026-03-31,2,UPI,4124,2828.95,15,8248,1237.2,7010.8,Cancelled
O2002333,S1015305,CUST103419,P10007,2026-03-18,2,UPI,12557,8910.74,30,25114,7534.2,17579.8,Cancelled
O2002334,S1015317,CUST102660,P10095,2026-03-05,2,Credit Card,5142,3088.55,0,10284,0.0,10284.0,Delivered
O2002335,S1015326,CUST103443,P10081,2026-04-29,1,Debit Card,4763,2816.9,0,4763,0.0,4763.0,Delivered
O2002336,S1015336,CUST103787,P10241,2026-06-25,3,Debit Card,1644,984.23,0,4932,0.0,4932.0,Delivered
O2002337,S1015338,CUST103113,P10153,2026-02-23,2,Credit Card,1705,1045.99,25,3410,852.5,2557.5,Delivered
O2002338,S1015342,CUST104478,P10261,2026-04-27,1,Credit Card,10937,8376.17,15,10937,1640.55,9296.45,Delivered
O2002339,S1015348,CUST100631,P10234,2026-02-03,1,Credit Card,36971,27562.66,30,36971,11091.3,25879.7,Delivered
O2002340,S1015352,CUST100207,P10216,2026-03-13,1,UPI,26876,16855.26,15,26876,4031.4,22844.6,Delivered
O2002341,S1015354,CUST100834,P10049,2026-06-22,1,Wallet,23453,16779.94,0,23453,0.0,23453.0,Delivered
O2002342,S1015356,CUST103742,P10300,2026-01-10,1,UPI,10568,7818.24,15,10568,1585.2,8982.8,Delivered
O2002343,S1015357,CUST101501,P10285,2026-04-10,1,UPI,56690,39870.19,15,56690,8503.5,48186.5,Delivered
O2002344,S1015375,CUST104746,P10193,2026-05-21,1,UPI,49892,32028.99,15,49892,7483.8,42408.2,Delivered
O2002345,S1015378,CUST101968,P10076,2026-03-05,3,Net Banking,5696,3112.1,15,17088,2563.2,14524.8,Delivered
O2002346,S1015380,CUST100256,P10148,2026-05-11,2,UPI,11870,6486.2,5,23740,1187.0,22553.0,Delivered
O2002347,S1015394,CUST100332,P10089,2026-05-17,2,Credit Card,5663,3534.98,5,11326,566.3,10759.7,Delivered
O2002348,S1015396,CUST103544,P10171,2026-03-22,1,UPI,8740,5130.1,15,8740,1311.0,7429.0,Delivered
O2002349,S1015403,CUST100148,P10034,2026-06-25,1,Debit Card,4761,3270.38,20,4761,952.2,3808.8,Delivered
O2002350,S1015407,CUST104019,P10183,2026-06-29,1,Debit Card,1477,1130.4,25,1477,369.25,1107.75,Delivered
O2002351,S1015427,CUST103026,P10180,2026-03-12,3,UPI,5318,3704.39,20,15954,3190.8,12763.2,Delivered
O2002352,S1015475,CUST101125,P10230,2026-05-12,2,COD,4503,3004.28,10,9006,900.6,8105.4,Delivered
O2002353,S1015478,CUST100765,P10292,2026-02-19,1,Net Banking,8378,5862.46,0,8378,0.0,8378.0,Delivered
O2002354,S1015479,CUST101701,P10152,2026-04-25,1,UPI,5488,3309.39,25,5488,1372.0,4116.0,Delivered
O2002355,S1015482,CUST104630,P10264,2026-05-21,3,Net Banking,9463,6731.14,15,28389,4258.35,24130.65,Delivered
O2002356,S1015489,CUST100531,P10158,2026-02-15,1,Net Banking,2992,1787.19,30,2992,897.6,2094.4,Cancelled
O2002357,S1015494,CUST102430,P10056,2026-06-01,1,Net Banking,4152,2410.64,10,4152,415.2,3736.8,Delivered
O2002358,S1015505,CUST104043,P10070,2026-02-12,1,UPI,2321,1233.32,25,2321,580.25,1740.75,Delivered
O2002359,S1015510,CUST101199,P10027,2026-06-19,3,UPI,7408,4535.44,0,22224,0.0,22224.0,Delivered
O2002360,S1015511,CUST101381,P10013,2026-01-30,3,Net Banking,21186,12092.0,10,63558,6355.8,57202.2,Delivered
O2002361,S1015521,CUST101078,P10300,2026-03-25,3,Credit Card,10568,7818.24,20,31704,6340.8,25363.2,Delivered
O2002362,S1015522,CUST100122,P10018,2026-02-11,1,Net Banking,9581,5047.77,5,9581,479.05,9101.95,Delivered
O2002363,S1015524,CUST102215,P10006,2026-04-02,1,Credit Card,2708,1571.31,25,2708,677.0,2031.0,Delivered
O2002364,S1015532,CUST104024,P10267,2026-06-13,2,Net Banking,60767,43188.99,15,121534,18230.1,103303.9,Delivered
O2002365,S1015534,CUST104578,P10273,2026-04-23,2,COD,48027,33244.33,20,96054,19210.8,76843.2,Delivered
O2002366,S1015537,CUST102320,P10270,2026-03-18,1,UPI,996,636.03,15,996,149.4,846.6,Delivered
O2002367,S1015541,CUST103839,P10240,2026-02-11,2,COD,12093,7882.85,25,24186,6046.5,18139.5,Cancelled
O2002368,S1015543,CUST102053,P10191,2026-03-14,3,UPI,3889,2670.53,0,11667,0.0,11667.0,Delivered
O2002369,S1015551,CUST101833,P10180,2026-04-05,3,Credit Card,5318,3704.39,5,15954,797.7,15156.3,Delivered
O2002370,S1015556,CUST104870,P10157,2026-04-24,1,Net Banking,25547,19576.56,15,25547,3832.05,21714.95,Delivered
O2002371,S1015563,CUST103745,P10188,2026-03-08,1,Credit Card,1125,605.0,25,1125,281.25,843.75,Delivered
O2002372,S1015566,CUST100813,P10284,2026-01-04,1,COD,1898,1058.59,10,1898,189.8,1708.2,Delivered
O2002373,S1015570,CUST103720,P10030,2026-01-31,1,UPI,9973,7238.98,10,9973,997.3,8975.7,Cancelled
O2002374,S1015573,CUST102249,P10066,2026-02-22,3,Debit Card,3823,2537.87,30,11469,3440.7,8028.3,Delivered
O2002375,S1015580,CUST103064,P10028,2026-02-26,3,UPI,5932,3311.67,5,17796,889.8,16906.2,Delivered
O2002376,S1015591,CUST101210,P10076,2026-03-03,2,COD,5696,3112.1,10,11392,1139.2,10252.8,Delivered
O2002377,S1015594,CUST101529,P10223,2026-06-03,1,UPI,38523,24402.87,0,38523,0.0,38523.0,Delivered
O2002378,S1015605,CUST104300,P10127,2026-05-22,2,Credit Card,8539,5168.04,0,17078,0.0,17078.0,Delivered
O2002379,S1015616,CUST104714,P10197,2026-04-17,2,Debit Card,9663,6464.22,0,19326,0.0,19326.0,Delivered
O2002380,S1015625,CUST101391,P10016,2026-02-19,2,UPI,29684,19540.47,10,59368,5936.8,53431.2,Delivered
O2002381,S1015628,CUST102926,P10285,2026-01-06,1,COD,56690,39870.19,20,56690,11338.0,45352.0,Delivered
O2002382,S1015636,CUST100991,P10170,2026-02-24,2,Credit Card,1224,694.2,0,2448,0.0,2448.0,Delivered
O2002383,S1015638,CUST102577,P10008,2026-03-25,3,Credit Card,1464,905.9,5,4392,219.6,4172.4,Delivered
O2002384,S1015649,CUST104635,P10277,2026-03-26,2,Wallet,3998,2912.65,15,7996,1199.4,6796.6,Delivered
O2002385,S1015652,CUST103208,P10179,2026-05-02,2,UPI,38788,21658.7,15,77576,11636.4,65939.6,Cancelled
O2002386,S1015658,CUST100228,P10231,2026-03-14,2,UPI,2132,1580.47,0,4264,0.0,4264.0,Delivered
O2002387,S1015666,CUST102698,P10202,2026-01-14,3,Net Banking,36183,20924.16,0,108549,0.0,108549.0,Delivered
O2002388,S1015668,CUST104285,P10197,2026-02-20,3,COD,9663,6464.22,0,28989,0.0,28989.0,Delivered
O2002389,S1015676,CUST103066,P10246,2026-04-11,1,Net Banking,12255,8674.13,25,12255,3063.75,9191.25,Delivered
O2002390,S1015680,CUST100960,P10033,2026-05-23,1,Net Banking,22331,13681.85,10,22331,2233.1,20097.9,Delivered
O2002391,S1015683,CUST104897,P10192,2026-03-21,1,UPI,897,502.88,20,897,179.4,717.6,Delivered
O2002392,S1015684,CUST100722,P10023,2026-05-14,2,Debit Card,7904,4640.7,10,15808,1580.8,14227.2,Delivered
O2002393,S1015692,CUST100538,P10019,2026-01-31,3,UPI,1375,924.9,15,4125,618.75,3506.25,Delivered
O2002394,S1015693,CUST102721,P10133,2026-01-16,2,Net Banking,8047,4254.17,10,16094,1609.4,14484.6,Delivered
O2002395,S1015707,CUST102829,P10203,2026-01-19,1,UPI,1532,987.74,30,1532,459.6,1072.4,Delivered
O2002396,S1015713,CUST101550,P10230,2026-06-10,1,Debit Card,4503,3004.28,10,4503,450.3,4052.7,Delivered
O2002397,S1015714,CUST102919,P10270,2026-01-27,2,UPI,996,636.03,5,1992,99.6,1892.4,Delivered
O2002398,S1015716,CUST103081,P10159,2026-05-25,2,Credit Card,2037,1111.1,10,4074,407.4,3666.6,Delivered
O2002399,S1015719,CUST101321,P10061,2026-06-01,1,Credit Card,6549,4234.25,10,6549,654.9,5894.1,Delivered
O2002400,S1015725,CUST103161,P10007,2026-03-25,1,Debit Card,12557,8910.74,10,12557,1255.7,11301.3,Delivered
O2002401,S1015738,CUST101488,P10243,2026-01-22,1,UPI,3426,2508.92,20,3426,685.2,2740.8,Delivered
O2002402,S1015748,CUST102734,P10008,2026-01-27,2,UPI,1464,905.9,10,2928,292.8,2635.2,Delivered
O2002403,S1015764,CUST104815,P10130,2026-02-04,2,UPI,776,487.13,10,1552,155.2,1396.8,Delivered
O2002404,S1015767,CUST103601,P10063,2026-03-18,2,Wallet,19918,12590.22,0,39836,0.0,39836.0,Delivered
O2002405,S1015774,CUST102780,P10151,2026-02-24,1,UPI,3881,2822.56,20,3881,776.2,3104.8,Delivered
O2002406,S1015777,CUST104343,P10138,2026-03-10,2,UPI,56677,40618.95,0,113354,0.0,113354.0,Delivered
O2002407,S1015791,CUST104220,P10193,2026-04-12,3,COD,49892,32028.99,15,149676,22451.4,127224.6,Delivered
O2002408,S1015799,CUST101481,P10173,2026-05-07,2,COD,5988,3980.65,0,11976,0.0,11976.0,Delivered
O2002409,S1015801,CUST104821,P10076,2026-02-26,2,COD,5696,3112.1,25,11392,2848.0,8544.0,Delivered
O2002410,S1015808,CUST104614,P10090,2026-01-11,3,Debit Card,7588,4498.47,5,22764,1138.2,21625.8,Delivered
O2002411,S1015811,CUST103225,P10011,2026-06-18,2,COD,5109,2851.33,0,10218,0.0,10218.0,Delivered
O2002412,S1015815,CUST100391,P10228,2026-02-28,2,COD,5785,4065.12,30,11570,3471.0,8099.0,Delivered
O2002413,S1015817,CUST101282,P10223,2026-01-14,2,Debit Card,38523,24402.87,20,77046,15409.2,61636.8,Delivered
O2002414,S1015818,CUST104965,P10046,2026-03-01,1,UPI,6966,5023.33,15,6966,1044.9,5921.1,Delivered
O2002415,S1015821,CUST100958,P10184,2026-06-07,1,UPI,45438,26626.58,0,45438,0.0,45438.0,Delivered
O2002416,S1015823,CUST100763,P10260,2026-05-05,1,UPI,3589,2211.57,20,3589,717.8,2871.2,Delivered
O2002417,S1015830,CUST104081,P10178,2026-03-24,1,Net Banking,1278,832.47,30,1278,383.4,894.6,Delivered
O2002418,S1015833,CUST100550,P10131,2026-01-13,1,Debit Card,17602,13555.92,20,17602,3520.4,14081.6,Delivered
O2002419,S1015837,CUST100759,P10297,2026-05-23,2,Credit Card,26848,19890.05,10,53696,5369.6,48326.4,Delivered
O2002420,S1015838,CUST100324,P10010,2026-06-10,1,Net Banking,5346,3925.5,0,5346,0.0,5346.0,Delivered
O2002421,S1015840,CUST100111,P10157,2026-04-02,3,Credit Card,25547,19576.56,10,76641,7664.1,68976.9,Cancelled
O2002422,S1015843,CUST101139,P10230,2026-05-01,3,UPI,4503,3004.28,15,13509,2026.35,11482.65,Cancelled
O2002423,S1015846,CUST102413,P10232,2026-06-15,1,Credit Card,769,438.83,15,769,115.35,653.65,Delivered
O2002424,S1015849,CUST103382,P10103,2026-04-19,2,UPI,24644,14282.92,5,49288,2464.4,46823.6,Delivered
O2002425,S1015855,CUST101959,P10175,2026-02-28,1,UPI,2611,1496.48,20,2611,522.2,2088.8,Cancelled
O2002426,S1015857,CUST100995,P10120,2026-06-20,2,Debit Card,6871,5090.3,10,13742,1374.2,12367.8,Delivered
O2002427,S1015893,CUST104996,P10036,2026-06-22,2,Credit Card,55094,40455.54,10,110188,11018.8,99169.2,Delivered
O2002428,S1015927,CUST104873,P10057,2026-05-21,1,Net Banking,3407,1991.41,20,3407,681.4,2725.6,Cancelled
O2002429,S1015937,CUST101195,P10236,2026-03-07,2,Credit Card,854,611.4,0,1708,0.0,1708.0,Delivered
O2002430,S1015942,CUST102150,P10162,2026-02-08,3,Wallet,1909,1328.04,15,5727,859.05,4867.95,Delivered
O2002431,S1015955,CUST103981,P10051,2026-05-10,1,UPI,201,105.03,5,201,10.05,190.95,Delivered
O2002432,S1015975,CUST100518,P10240,2026-03-03,2,Credit Card,12093,7882.85,0,24186,0.0,24186.0,Delivered
O2002433,S1015979,CUST104178,P10144,2026-01-19,2,UPI,1810,1018.16,5,3620,181.0,3439.0,Delivered
O2002434,S1015988,CUST101350,P10147,2026-01-14,1,UPI,2573,1365.43,5,2573,128.65,2444.35,Delivered
O2002435,S1015989,CUST102892,P10114,2026-06-18,1,UPI,3443,2348.43,5,3443,172.15,3270.85,Delivered
O2002436,S1016006,CUST100426,P10263,2026-05-25,1,Credit Card,56908,38354.98,20,56908,11381.6,45526.4,Delivered
O2002437,S1016008,CUST100217,P10270,2026-06-10,1,Net Banking,996,636.03,10,996,99.6,896.4,Delivered
O2002438,S1016009,CUST100610,P10250,2026-02-22,1,UPI,3881,2347.37,10,3881,388.1,3492.9,Delivered
O2002439,S1016016,CUST101978,P10253,2026-02-12,1,COD,843,526.49,5,843,42.15,800.85,Delivered
O2002440,S1016037,CUST100889,P10231,2026-06-15,2,UPI,2132,1580.47,0,4264,0.0,4264.0,Delivered
O2002441,S1016046,CUST104509,P10159,2026-05-22,2,Credit Card,2037,1111.1,20,4074,814.8,3259.2,Delivered
O2002442,S1016064,CUST101891,P10167,2026-04-19,1,Net Banking,19753,15401.71,10,19753,1975.3,17777.7,Delivered
O2002443,S1016068,CUST102429,P10210,2026-02-10,1,Wallet,12116,8357.65,20,12116,2423.2,9692.8,Delivered
O2002444,S1016082,CUST104617,P10068,2026-06-25,1,UPI,841,623.97,15,841,126.15,714.85,Delivered
O2002445,S1016096,CUST100902,P10154,2026-03-19,2,Credit Card,19267,15018.89,5,38534,1926.7,36607.3,Delivered
O2002446,S1016098,CUST101884,P10282,2026-04-09,1,COD,3313,2240.18,0,3313,0.0,3313.0,Delivered
O2002447,S1016112,CUST103333,P10006,2026-01-27,1,UPI,2708,1571.31,0,2708,0.0,2708.0,Cancelled
O2002448,S1016125,CUST103319,P10298,2026-04-08,2,Net Banking,28854,21164.5,30,57708,17312.4,40395.6,Delivered
O2002449,S1016129,CUST101365,P10095,2026-06-05,1,UPI,5142,3088.55,15,5142,771.3,4370.7,Delivered
O2002450,S1016137,CUST100189,P10120,2026-03-14,3,COD,6871,5090.3,25,20613,5153.25,15459.75,Delivered
O2002451,S1016140,CUST100683,P10152,2026-03-19,2,COD,5488,3309.39,15,10976,1646.4,9329.6,Delivered
O2002452,S1016145,CUST100853,P10119,2026-02-20,3,UPI,3523,2590.41,0,10569,0.0,10569.0,Delivered
O2002453,S1016152,CUST101219,P10185,2026-03-14,1,Debit Card,1404,1040.82,15,1404,210.6,1193.4,Delivered
O2002454,S1016162,CUST104176,P10181,2026-03-09,1,COD,3031,1585.49,0,3031,0.0,3031.0,Delivered
O2002455,S1016163,CUST104922,P10098,2026-02-24,3,Debit Card,2458,1640.7,15,7374,1106.1,6267.9,Delivered
O2002456,S1016169,CUST102306,P10260,2026-01-15,2,COD,3589,2211.57,20,7178,1435.6,5742.4,Delivered
O2002457,S1016179,CUST103915,P10297,2026-02-07,1,Debit Card,26848,19890.05,30,26848,8054.4,18793.6,Delivered
O2002458,S1016184,CUST102161,P10054,2026-01-25,1,Credit Card,231,167.07,15,231,34.65,196.35,Delivered
O2002459,S1016200,CUST104018,P10289,2026-04-11,1,UPI,13420,8244.67,10,13420,1342.0,12078.0,Delivered
O2002460,S1016202,CUST100458,P10237,2026-02-18,1,Credit Card,28041,16331.32,5,28041,1402.05,26638.95,Delivered
O2002461,S1016207,CUST102143,P10238,2026-04-14,1,UPI,31827,19106.85,5,31827,1591.35,30235.65,Delivered
O2002462,S1016223,CUST101577,P10218,2026-05-19,2,UPI,46613,31735.95,10,93226,9322.6,83903.4,Delivered
O2002463,S1016225,CUST104078,P10221,2026-05-25,1,Credit Card,31726,18312.58,0,31726,0.0,31726.0,Delivered
O2002464,S1016229,CUST100036,P10283,2026-05-06,1,Debit Card,33348,23060.2,15,33348,5002.2,28345.8,Delivered
O2002465,S1016231,CUST102465,P10066,2026-01-16,2,Credit Card,3823,2537.87,20,7646,1529.2,6116.8,Delivered
O2002466,S1016237,CUST103986,P10040,2026-01-01,2,Credit Card,22035,16539.3,0,44070,0.0,44070.0,Delivered
O2002467,S1016244,CUST102229,P10023,2026-01-06,3,UPI,7904,4640.7,15,23712,3556.8,20155.2,Delivered
O2002468,S1016249,CUST101584,P10240,2026-02-25,2,UPI,12093,7882.85,5,24186,1209.3,22976.7,Delivered
O2002469,S1016263,CUST103828,P10197,2026-01-23,2,UPI,9663,6464.22,25,19326,4831.5,14494.5,Delivered
O2002470,S1016268,CUST100817,P10102,2026-04-16,2,UPI,1713,1304.26,5,3426,171.3,3254.7,Delivered
O2002471,S1016269,CUST102872,P10240,2026-01-30,2,Debit Card,12093,7882.85,10,24186,2418.6,21767.4,Delivered
O2002472,S1016274,CUST104300,P10042,2026-04-02,3,UPI,8220,6349.45,0,24660,0.0,24660.0,Delivered
O2002473,S1016285,CUST100556,P10151,2026-05-24,2,Net Banking,3881,2822.56,15,7762,1164.3,6597.7,Delivered
O2002474,S1016287,CUST102801,P10058,2026-05-05,1,Debit Card,2769,1771.56,30,2769,830.7,1938.3,Delivered
O2002475,S1016293,CUST104036,P10094,2026-05-30,2,COD,3800,2327.35,15,7600,1140.0,6460.0,Delivered
O2002476,S1016314,CUST100200,P10226,2026-05-27,2,Wallet,4873,3317.69,25,9746,2436.5,7309.5,Delivered
O2002477,S1016315,CUST102378,P10236,2026-03-04,1,Debit Card,854,611.4,20,854,170.8,683.2,Delivered
O2002478,S1016328,CUST102081,P10187,2026-04-25,1,UPI,21453,15652.9,5,21453,1072.65,20380.35,Delivered
O2002479,S1016332,CUST104117,P10068,2026-03-14,2,COD,841,623.97,15,1682,252.3,1429.7,Delivered
O2002480,S1016335,CUST103785,P10219,2026-03-05,3,Wallet,10171,5453.76,10,30513,3051.3,27461.7,Delivered
O2002481,S1016338,CUST102966,P10209,2026-04-29,1,UPI,5849,4391.18,15,5849,877.35,4971.65,Delivered
O2002482,S1016351,CUST103108,P10052,2026-01-12,3,Credit Card,3236,2324.09,20,9708,1941.6,7766.4,Delivered
O2002483,S1016354,CUST103653,P10072,2026-04-28,3,COD,30444,20638.98,15,91332,13699.8,77632.2,Delivered
O2002484,S1016362,CUST102303,P10118,2026-04-22,3,Net Banking,778,546.17,5,2334,116.7,2217.3,Delivered
O2002485,S1016367,CUST104346,P10163,2026-05-24,1,Credit Card,993,694.32,25,993,248.25,744.75,Delivered
O2002486,S1016371,CUST104730,P10259,2026-01-10,3,Wallet,23155,17448.81,5,69465,3473.25,65991.75,Delivered
O2002487,S1016379,CUST101303,P10145,2026-03-21,1,UPI,872,606.55,15,872,130.8,741.2,Cancelled
O2002488,S1016395,CUST103110,P10181,2026-03-05,1,Credit Card,3031,1585.49,25,3031,757.75,2273.25,Delivered
O2002489,S1016400,CUST100979,P10003,2026-01-18,1,UPI,8439,5929.83,0,8439,0.0,8439.0,Delivered
O2002490,S1016401,CUST104916,P10284,2026-02-04,1,UPI,1898,1058.59,5,1898,94.9,1803.1,Delivered
O2002491,S1016411,CUST102652,P10109,2026-05-24,1,COD,9721,6690.28,10,9721,972.1,8748.9,Delivered
O2002492,S1016419,CUST100369,P10126,2026-01-13,3,UPI,2344,1625.06,5,7032,351.6,6680.4,Delivered
O2002493,S1016423,CUST104118,P10083,2026-06-06,2,Net Banking,8198,4446.32,20,16396,3279.2,13116.8,Delivered
O2002494,S1016425,CUST102756,P10202,2026-05-27,1,UPI,36183,20924.16,10,36183,3618.3,32564.7,Delivered
O2002495,S1016431,CUST102412,P10255,2026-06-04,3,Net Banking,9514,5100.94,20,28542,5708.4,22833.6,Delivered
O2002496,S1016433,CUST102473,P10144,2026-02-20,1,Credit Card,1810,1018.16,15,1810,271.5,1538.5,Delivered
O2002497,S1016436,CUST101072,P10202,2026-03-28,2,UPI,36183,20924.16,15,72366,10854.9,61511.1,Delivered
O2002498,S1016441,CUST104975,P10005,2026-04-13,1,Credit Card,8334,4443.06,15,8334,1250.1,7083.9,Delivered
O2002499,S1016443,CUST103036,P10238,2026-05-12,1,Credit Card,31827,19106.85,10,31827,3182.7,28644.3,Delivered
O2002500,S1016444,CUST103262,P10059,2026-04-22,1,Debit Card,281,149.03,10,281,28.1,252.9,Delivered
O2002501,S1016448,CUST104854,P10120,2026-02-09,1,Debit Card,6871,5090.3,0,6871,0.0,6871.0,Delivered
O2002502,S1016449,CUST104283,P10038,2026-05-21,2,COD,3461,2654.94,10,6922,692.2,6229.8,Delivered
O2002503,S1016455,CUST100871,P10294,2026-02-06,1,Debit Card,5617,4032.22,0,5617,0.0,5617.0,Delivered
O2002504,S1016461,CUST101578,P10267,2026-03-01,2,Net Banking,60767,43188.99,15,121534,18230.1,103303.9,Delivered
O2002505,S1016462,CUST101968,P10237,2026-03-22,2,UPI,28041,16331.32,0,56082,0.0,56082.0,Delivered
O2002506,S1016473,CUST102907,P10209,2026-02-09,3,Debit Card,5849,4391.18,30,17547,5264.1,12282.9,Delivered
O2002507,S1016477,CUST104669,P10010,2026-02-27,2,UPI,5346,3925.5,10,10692,1069.2,9622.8,Cancelled
O2002508,S1016487,CUST104000,P10053,2026-01-13,2,Debit Card,6492,4790.14,10,12984,1298.4,11685.6,Delivered
O2002509,S1016513,CUST100628,P10036,2026-01-31,1,COD,55094,40455.54,0,55094,0.0,55094.0,Delivered
O2002510,S1016516,CUST103759,P10218,2026-06-03,1,Net Banking,46613,31735.95,10,46613,4661.3,41951.7,Delivered
O2002511,S1016523,CUST104410,P10026,2026-03-22,2,Credit Card,16626,9676.0,15,33252,4987.8,28264.2,Delivered
O2002512,S1016540,CUST103146,P10122,2026-02-08,2,Debit Card,15525,11853.49,10,31050,3105.0,27945.0,Delivered
O2002513,S1016558,CUST101281,P10174,2026-04-21,1,UPI,3339,2259.98,30,3339,1001.7,2337.3,Delivered
O2002514,S1016560,CUST104855,P10185,2026-06-15,1,Debit Card,1404,1040.82,10,1404,140.4,1263.6,Delivered
O2002515,S1016561,CUST100875,P10200,2026-04-08,1,UPI,2965,2065.76,10,2965,296.5,2668.5,Cancelled
O2002516,S1016564,CUST104714,P10043,2026-03-20,1,COD,1883,1280.93,15,1883,282.45,1600.55,Delivered
O2002517,S1016570,CUST101390,P10271,2026-02-08,2,Debit Card,7548,5673.16,5,15096,754.8,14341.2,Delivered
O2002518,S1016587,CUST100985,P10165,2026-01-28,1,Wallet,3733,2768.55,10,3733,373.3,3359.7,Delivered
O2002519,S1016600,CUST102521,P10027,2026-06-24,2,Net Banking,7408,4535.44,15,14816,2222.4,12593.6,Delivered
O2002520,S1016601,CUST104105,P10129,2026-03-18,1,Debit Card,479,371.85,20,479,95.8,383.2,Delivered
O2002521,S1016608,CUST100824,P10207,2026-02-14,1,COD,176,95.69,0,176,0.0,176.0,Delivered
O2002522,S1016633,CUST101897,P10064,2026-03-10,1,UPI,7246,5088.4,30,7246,2173.8,5072.2,Delivered
O2002523,S1016636,CUST101554,P10186,2026-02-02,2,UPI,47740,30071.34,15,95480,14322.0,81158.0,Delivered
O2002524,S1016640,CUST104073,P10214,2026-02-04,1,Net Banking,29722,18648.85,20,29722,5944.4,23777.6,Delivered
O2002525,S1016648,CUST104292,P10039,2026-01-10,2,Credit Card,5709,3603.27,10,11418,1141.8,10276.2,Delivered
O2002526,S1016655,CUST104054,P10261,2026-04-29,3,UPI,10937,8376.17,10,32811,3281.1,29529.9,Delivered
O2002527,S1016658,CUST101406,P10178,2026-04-25,2,Debit Card,1278,832.47,5,2556,127.8,2428.2,Delivered
O2002528,S1016664,CUST100034,P10173,2026-01-11,2,UPI,5988,3980.65,0,11976,0.0,11976.0,Delivered
O2002529,S1016665,CUST100497,P10282,2026-05-18,2,COD,3313,2240.18,15,6626,993.9,5632.1,Delivered
O2002530,S1016666,CUST102912,P10151,2026-05-26,1,Net Banking,3881,2822.56,0,3881,0.0,3881.0,Delivered
O2002531,S1016670,CUST101603,P10264,2026-05-11,2,Debit Card,9463,6731.14,15,18926,2838.9,16087.1,Cancelled
O2002532,S1016679,CUST104950,P10013,2026-04-03,1,UPI,21186,12092.0,20,21186,4237.2,16948.8,Delivered
O2002533,S1016681,CUST102665,P10254,2026-06-22,3,UPI,3521,2178.11,5,10563,528.15,10034.85,Cancelled
O2002534,S1016684,CUST104047,P10160,2026-02-26,2,Wallet,2602,1698.27,5,5204,260.2,4943.8,Delivered
O2002535,S1016687,CUST102745,P10165,2026-03-31,3,Net Banking,3733,2768.55,25,11199,2799.75,8399.25,Delivered
O2002536,S1016688,CUST100188,P10045,2026-05-11,2,Wallet,10136,7547.37,0,20272,0.0,20272.0,Delivered
O2002537,S1016691,CUST102889,P10038,2026-04-30,3,Debit Card,3461,2654.94,0,10383,0.0,10383.0,Delivered
O2002538,S1016699,CUST100618,P10007,2026-03-10,1,Credit Card,12557,8910.74,5,12557,627.85,11929.15,Delivered
O2002539,S1016702,CUST101251,P10203,2026-06-23,3,COD,1532,987.74,25,4596,1149.0,3447.0,Delivered
O2002540,S1016705,CUST102323,P10187,2026-04-09,2,COD,21453,15652.9,20,42906,8581.2,34324.8,Delivered
O2002541,S1016715,CUST100609,P10291,2026-03-16,1,Debit Card,5219,3450.45,0,5219,0.0,5219.0,Delivered
O2002542,S1016719,CUST102390,P10055,2026-06-18,1,Credit Card,1514,1082.05,0,1514,0.0,1514.0,Delivered
O2002543,S1016721,CUST104780,P10026,2026-03-24,1,COD,16626,9676.0,0,16626,0.0,16626.0,Delivered
O2002544,S1016726,CUST102435,P10222,2026-04-12,2,UPI,5863,3845.53,0,11726,0.0,11726.0,Delivered
O2002545,S1016732,CUST103187,P10256,2026-05-17,2,Debit Card,3768,2771.04,25,7536,1884.0,5652.0,Delivered
O2002546,S1016733,CUST104002,P10034,2026-05-02,1,Wallet,4761,3270.38,0,4761,0.0,4761.0,Delivered
O2002547,S1016734,CUST102449,P10065,2026-02-06,2,Wallet,3554,2097.11,15,7108,1066.2,6041.8,Delivered
O2002548,S1016737,CUST101127,P10004,2026-05-27,3,Credit Card,4027,3077.25,20,12081,2416.2,9664.8,Delivered
O2002549,S1016741,CUST103162,P10069,2026-05-20,3,Credit Card,15591,10193.15,5,46773,2338.65,44434.35,Delivered
O2002550,S1016748,CUST104729,P10003,2026-03-23,2,Debit Card,8439,5929.83,10,16878,1687.8,15190.2,Delivered
O2002551,S1016755,CUST104692,P10250,2026-02-04,2,COD,3881,2347.37,20,7762,1552.4,6209.6,Delivered
O2002552,S1016773,CUST103071,P10295,2026-04-01,1,Net Banking,3907,2124.83,20,3907,781.4,3125.6,Delivered
O2002553,S1016782,CUST100096,P10152,2026-03-19,1,UPI,5488,3309.39,25,5488,1372.0,4116.0,Cancelled
O2002554,S1016787,CUST104437,P10191,2026-05-24,3,UPI,3889,2670.53,20,11667,2333.4,9333.6,Delivered
O2002555,S1016812,CUST100400,P10160,2026-01-21,1,UPI,2602,1698.27,20,2602,520.4,2081.6,Delivered
O2002556,S1016820,CUST103324,P10024,2026-04-29,1,Net Banking,2013,1231.69,0,2013,0.0,2013.0,Delivered
O2002557,S1016821,CUST102604,P10269,2026-06-02,1,Credit Card,940,703.74,0,940,0.0,940.0,Delivered
O2002558,S1016822,CUST103500,P10230,2026-03-31,1,UPI,4503,3004.28,30,4503,1350.9,3152.1,Delivered
O2002559,S1016826,CUST104622,P10142,2026-04-29,1,Debit Card,68955,39692.83,20,68955,13791.0,55164.0,Cancelled
O2002560,S1016827,CUST101316,P10046,2026-01-19,1,Credit Card,6966,5023.33,20,6966,1393.2,5572.8,Delivered
O2002561,S1016829,CUST101655,P10261,2026-01-21,1,UPI,10937,8376.17,20,10937,2187.4,8749.6,Delivered
O2002562,S1016848,CUST102602,P10130,2026-04-08,1,UPI,776,487.13,0,776,0.0,776.0,Delivered
O2002563,S1016849,CUST102261,P10186,2026-03-07,1,Credit Card,47740,30071.34,5,47740,2387.0,45353.0,Cancelled
O2002564,S1016853,CUST101412,P10084,2026-02-17,1,Debit Card,5330,2842.99,30,5330,1599.0,3731.0,Delivered
O2002565,S1016854,CUST103351,P10287,2026-06-18,1,Debit Card,409,292.05,10,409,40.9,368.1,Delivered
O2002566,S1016869,CUST104087,P10094,2026-02-07,1,COD,3800,2327.35,25,3800,950.0,2850.0,Cancelled
O2002567,S1016880,CUST102011,P10167,2026-05-19,1,UPI,19753,15401.71,15,19753,2962.95,16790.05,Delivered
O2002568,S1016882,CUST100369,P10117,2026-06-18,2,UPI,6826,4686.53,0,13652,0.0,13652.0,Delivered
O2002569,S1016893,CUST100266,P10236,2026-01-29,3,UPI,854,611.4,25,2562,640.5,1921.5,Delivered
O2002570,S1016895,CUST102730,P10247,2026-05-27,3,UPI,5626,3385.81,0,16878,0.0,16878.0,Delivered
O2002571,S1016896,CUST100725,P10232,2026-01-03,1,Credit Card,769,438.83,30,769,230.7,538.3,Delivered
O2002572,S1016898,CUST102424,P10167,2026-02-16,2,UPI,19753,15401.71,30,39506,11851.8,27654.2,Delivered
O2002573,S1016899,CUST102414,P10105,2026-05-08,2,UPI,9875,6870.26,25,19750,4937.5,14812.5,Delivered
O2002574,S1016904,CUST102893,P10018,2026-06-04,1,COD,9581,5047.77,0,9581,0.0,9581.0,Delivered
O2002575,S1016907,CUST104947,P10296,2026-01-11,2,Debit Card,3213,1902.94,10,6426,642.6,5783.4,Delivered
O2002576,S1016913,CUST103326,P10235,2026-02-24,1,UPI,68950,50389.39,0,68950,0.0,68950.0,Delivered
O2002577,S1016916,CUST100756,P10092,2026-03-28,1,Debit Card,64365,33832.13,20,64365,12873.0,51492.0,Delivered
O2002578,S1016927,CUST101602,P10145,2026-01-19,2,UPI,872,606.55,25,1744,436.0,1308.0,Delivered
O2002579,S1016928,CUST104740,P10247,2026-06-10,1,UPI,5626,3385.81,5,5626,281.3,5344.7,Delivered
O2002580,S1016930,CUST103844,P10077,2026-04-14,1,Wallet,13761,7418.98,25,13761,3440.25,10320.75,Delivered
O2002581,S1016935,CUST100232,P10107,2026-04-22,2,Net Banking,6047,3588.8,15,12094,1814.1,10279.9,Delivered
O2002582,S1016937,CUST104587,P10095,2026-06-18,2,COD,5142,3088.55,0,10284,0.0,10284.0,Delivered
O2002583,S1016950,CUST104858,P10043,2026-01-23,1,Credit Card,1883,1280.93,10,1883,188.3,1694.7,Delivered
O2002584,S1016960,CUST100428,P10281,2026-02-11,1,COD,3253,2264.87,0,3253,0.0,3253.0,Delivered
O2002585,S1016963,CUST103205,P10254,2026-01-10,1,Net Banking,3521,2178.11,10,3521,352.1,3168.9,Delivered
O2002586,S1016964,CUST100256,P10073,2026-04-22,1,Wallet,6709,5226.32,15,6709,1006.35,5702.65,Delivered
O2002587,S1016969,CUST102628,P10124,2026-05-11,1,COD,3200,2461.55,10,3200,320.0,2880.0,Delivered
O2002588,S1016974,CUST104902,P10017,2026-04-16,1,Net Banking,5562,2936.56,0,5562,0.0,5562.0,Delivered
O2002589,S1016975,CUST102178,P10101,2026-01-22,1,Credit Card,12746,6696.14,30,12746,3823.8,8922.2,Delivered
O2002590,S1016988,CUST103113,P10238,2026-04-13,3,Credit Card,31827,19106.85,20,95481,19096.2,76384.8,Delivered
O2002591,S1016995,CUST100945,P10233,2026-03-31,2,UPI,1746,1303.96,10,3492,349.2,3142.8,Delivered
O2002592,S1017001,CUST101190,P10243,2026-03-11,1,Credit Card,3426,2508.92,0,3426,0.0,3426.0,Delivered
O2002593,S1017006,CUST104143,P10137,2026-03-22,2,UPI,19557,10748.7,0,39114,0.0,39114.0,Cancelled
O2002594,S1017010,CUST103389,P10137,2026-05-30,1,Credit Card,19557,10748.7,15,19557,2933.55,16623.45,Delivered
O2002595,S1017012,CUST101413,P10072,2026-01-23,1,UPI,30444,20638.98,25,30444,7611.0,22833.0,Delivered
O2002596,S1017015,CUST101741,P10199,2026-05-24,1,UPI,22784,17284.35,15,22784,3417.6,19366.4,Delivered
O2002597,S1017021,CUST104792,P10036,2026-04-06,1,UPI,55094,40455.54,15,55094,8264.1,46829.9,Delivered
O2002598,S1017025,CUST100216,P10168,2026-01-26,2,Credit Card,19244,10755.21,0,38488,0.0,38488.0,Delivered
O2002599,S1017036,CUST103437,P10217,2026-02-12,3,Net Banking,2763,1694.32,0,8289,0.0,8289.0,Delivered
O2002600,S1017041,CUST103323,P10182,2026-02-03,2,UPI,7588,5180.35,0,15176,0.0,15176.0,Delivered
O2002601,S1017054,CUST104040,P10249,2026-01-24,2,Credit Card,8991,5130.06,0,17982,0.0,17982.0,Delivered
O2002602,S1017055,CUST104083,P10294,2026-03-26,2,UPI,5617,4032.22,15,11234,1685.1,9548.9,Delivered
O2002603,S1017056,CUST104063,P10031,2026-06-10,2,UPI,7685,4018.41,15,15370,2305.5,13064.5,Cancelled
O2002604,S1017061,CUST101735,P10247,2026-05-26,2,UPI,5626,3385.81,5,11252,562.6,10689.4,Delivered
O2002605,S1017069,CUST100421,P10049,2026-06-27,1,UPI,23453,16779.94,25,23453,5863.25,17589.75,Delivered
O2002606,S1017076,CUST102782,P10233,2026-01-05,2,UPI,1746,1303.96,15,3492,523.8,2968.2,Delivered
O2002607,S1017077,CUST100037,P10239,2026-04-04,3,Credit Card,1018,609.01,0,3054,0.0,3054.0,Delivered
O2002608,S1017084,CUST104745,P10273,2026-04-01,1,UPI,48027,33244.33,25,48027,12006.75,36020.25,Delivered
O2002609,S1017093,CUST104232,P10172,2026-02-07,3,Net Banking,4493,2743.95,20,13479,2695.8,10783.2,Delivered
O2002610,S1017106,CUST100012,P10222,2026-06-01,1,COD,5863,3845.53,15,5863,879.45,4983.55,Delivered
O2002611,S1017107,CUST102151,P10051,2026-06-01,2,Debit Card,201,105.03,5,402,20.1,381.9,Delivered
O2002612,S1017117,CUST103597,P10247,2026-03-22,1,COD,5626,3385.81,15,5626,843.9,4782.1,Delivered
O2002613,S1017122,CUST100554,P10297,2026-05-03,2,Credit Card,26848,19890.05,10,53696,5369.6,48326.4,Delivered
O2002614,S1017123,CUST103390,P10227,2026-04-12,1,UPI,3471,2208.54,20,3471,694.2,2776.8,Delivered
O2002615,S1017124,CUST100242,P10220,2026-01-01,3,UPI,4583,2718.39,0,13749,0.0,13749.0,Delivered
O2002616,S1017128,CUST103530,P10219,2026-01-23,2,Debit Card,10171,5453.76,0,20342,0.0,20342.0,Delivered
O2002617,S1017132,CUST103090,P10218,2026-05-25,1,COD,46613,31735.95,20,46613,9322.6,37290.4,Delivered
O2002618,S1017134,CUST101071,P10011,2026-06-07,1,UPI,5109,2851.33,20,5109,1021.8,4087.2,Delivered
O2002619,S1017135,CUST104918,P10039,2026-02-22,2,COD,5709,3603.27,5,11418,570.9,10847.1,Delivered
O2002620,S1017136,CUST103785,P10079,2026-03-22,1,Wallet,61135,43823.72,15,61135,9170.25,51964.75,Delivered
O2002621,S1017141,CUST102215,P10102,2026-01-21,1,UPI,1713,1304.26,30,1713,513.9,1199.1,Delivered
O2002622,S1017145,CUST103890,P10250,2026-06-09,3,Debit Card,3881,2347.37,15,11643,1746.45,9896.55,Delivered
O2002623,S1017147,CUST101228,P10052,2026-02-25,1,Debit Card,3236,2324.09,25,3236,809.0,2427.0,Delivered
O2002624,S1017149,CUST102455,P10198,2026-03-09,2,UPI,32876,23438.24,30,65752,19725.6,46026.4,Delivered
O2002625,S1017152,CUST100768,P10118,2026-06-14,1,UPI,778,546.17,15,778,116.7,661.3,Delivered
O2002626,S1017154,CUST102425,P10287,2026-05-10,2,Debit Card,409,292.05,20,818,163.6,654.4,Delivered
O2002627,S1017162,CUST103428,P10298,2026-04-09,1,COD,28854,21164.5,25,28854,7213.5,21640.5,Delivered
O2002628,S1017163,CUST103715,P10270,2026-03-30,2,Debit Card,996,636.03,5,1992,99.6,1892.4,Cancelled
O2002629,S1017165,CUST101272,P10115,2026-03-01,3,COD,10668,7010.79,5,32004,1600.2,30403.8,Delivered
O2002630,S1017190,CUST100237,P10238,2026-05-15,1,UPI,31827,19106.85,30,31827,9548.1,22278.9,Cancelled
O2002631,S1017194,CUST102832,P10270,2026-04-01,1,Debit Card,996,636.03,25,996,249.0,747.0,Delivered
O2002632,S1017213,CUST102594,P10097,2026-04-20,1,COD,9087,4849.76,0,9087,0.0,9087.0,Delivered
O2002633,S1017214,CUST101473,P10036,2026-04-22,1,UPI,55094,40455.54,0,55094,0.0,55094.0,Delivered
O2002634,S1017217,CUST100137,P10216,2026-05-15,2,Credit Card,26876,16855.26,0,53752,0.0,53752.0,Delivered
O2002635,S1017220,CUST102703,P10091,2026-06-08,1,UPI,8871,6703.6,0,8871,0.0,8871.0,Delivered
O2002636,S1017221,CUST104717,P10193,2026-06-01,2,UPI,49892,32028.99,5,99784,4989.2,94794.8,Delivered
O2002637,S1017228,CUST103100,P10294,2026-02-16,2,Credit Card,5617,4032.22,20,11234,2246.8,8987.2,Delivered
O2002638,S1017230,CUST104967,P10092,2026-01-21,1,UPI,64365,33832.13,15,64365,9654.75,54710.25,Delivered
O2002639,S1017232,CUST101539,P10025,2026-05-20,2,Wallet,20042,11076.55,15,40084,6012.6,34071.4,Delivered
O2002640,S1017252,CUST103636,P10018,2026-04-03,1,Debit Card,9581,5047.77,5,9581,479.05,9101.95,Delivered
O2002641,S1017257,CUST101029,P10287,2026-03-25,2,Wallet,409,292.05,10,818,81.8,736.2,Delivered
O2002642,S1017258,CUST104724,P10138,2026-03-22,2,UPI,56677,40618.95,0,113354,0.0,113354.0,Delivered
O2002643,S1017260,CUST104150,P10243,2026-04-12,1,COD,3426,2508.92,0,3426,0.0,3426.0,Delivered
O2002644,S1017280,CUST104794,P10083,2026-06-28,3,COD,8198,4446.32,5,24594,1229.7,23364.3,Delivered
O2002645,S1017281,CUST103348,P10028,2026-03-11,2,UPI,5932,3311.67,20,11864,2372.8,9491.2,Delivered
O2002646,S1017282,CUST101615,P10197,2026-05-27,2,Credit Card,9663,6464.22,5,19326,966.3,18359.7,Delivered
O2002647,S1017284,CUST103699,P10122,2026-02-18,2,UPI,15525,11853.49,30,31050,9315.0,21735.0,Delivered
O2002648,S1017292,CUST100377,P10003,2026-01-07,1,UPI,8439,5929.83,25,8439,2109.75,6329.25,Delivered
O2002649,S1017295,CUST104857,P10265,2026-04-28,1,Net Banking,9033,6070.38,15,9033,1354.95,7678.05,Delivered
O2002650,S1017296,CUST102058,P10203,2026-06-19,1,Net Banking,1532,987.74,10,1532,153.2,1378.8,Delivered
O2002651,S1017304,CUST104499,P10295,2026-06-25,3,COD,3907,2124.83,0,11721,0.0,11721.0,Cancelled
O2002652,S1017310,CUST101847,P10021,2026-05-23,2,UPI,1105,826.21,10,2210,221.0,1989.0,Delivered
O2002653,S1017313,CUST101126,P10049,2026-03-02,3,Debit Card,23453,16779.94,25,70359,17589.75,52769.25,Delivered
O2002654,S1017325,CUST100915,P10108,2026-06-14,3,Debit Card,4124,2828.95,0,12372,0.0,12372.0,Delivered
O2002655,S1017349,CUST103278,P10255,2026-05-29,3,UPI,9514,5100.94,15,28542,4281.3,24260.7,Delivered
O2002656,S1017356,CUST102068,P10236,2026-02-22,1,Debit Card,854,611.4,0,854,0.0,854.0,Delivered
O2002657,S1017364,CUST104380,P10247,2026-01-02,1,UPI,5626,3385.81,0,5626,0.0,5626.0,Delivered
O2002658,S1017380,CUST100872,P10234,2026-04-28,1,COD,36971,27562.66,25,36971,9242.75,27728.25,Delivered
O2002659,S1017388,CUST100056,P10138,2026-02-20,2,Debit Card,56677,40618.95,5,113354,5667.7,107686.3,Delivered
O2002660,S1017407,CUST100803,P10190,2026-06-01,2,Debit Card,36819,20149.38,15,73638,11045.7,62592.3,Delivered
O2002661,S1017419,CUST101145,P10300,2026-05-13,2,Net Banking,10568,7818.24,0,21136,0.0,21136.0,Delivered
O2002662,S1017424,CUST101581,P10231,2026-03-06,2,UPI,2132,1580.47,0,4264,0.0,4264.0,Delivered
O2002663,S1017437,CUST100102,P10010,2026-03-03,2,COD,5346,3925.5,0,10692,0.0,10692.0,Delivered
O2002664,S1017449,CUST104937,P10238,2026-01-16,1,Wallet,31827,19106.85,15,31827,4774.05,27052.95,Delivered
O2002665,S1017460,CUST104512,P10289,2026-05-27,2,Credit Card,13420,8244.67,10,26840,2684.0,24156.0,Delivered
O2002666,S1017474,CUST102565,P10066,2026-02-11,1,Debit Card,3823,2537.87,5,3823,191.15,3631.85,Delivered
O2002667,S1017476,CUST103535,P10295,2026-04-09,3,COD,3907,2124.83,10,11721,1172.1,10548.9,Delivered
O2002668,S1017480,CUST102238,P10242,2026-03-17,1,Debit Card,1757,1230.79,0,1757,0.0,1757.0,Delivered
O2002669,S1017514,CUST101598,P10028,2026-01-04,1,UPI,5932,3311.67,15,5932,889.8,5042.2,Delivered
O2002670,S1017518,CUST102704,P10263,2026-04-06,3,UPI,56908,38354.98,15,170724,25608.6,145115.4,Delivered
O2002671,S1017521,CUST103376,P10241,2026-01-09,2,Debit Card,1644,984.23,20,3288,657.6,2630.4,Delivered
O2002672,S1017529,CUST104919,P10243,2026-06-22,3,UPI,3426,2508.92,0,10278,0.0,10278.0,Delivered
O2002673,S1017532,CUST103609,P10044,2026-01-13,1,UPI,49345,36903.93,15,49345,7401.75,41943.25,Delivered
O2002674,S1017538,CUST103593,P10046,2026-03-01,1,UPI,6966,5023.33,5,6966,348.3,6617.7,Delivered
O2002675,S1017540,CUST103129,P10109,2026-01-22,1,Credit Card,9721,6690.28,10,9721,972.1,8748.9,Delivered
O2002676,S1017551,CUST101535,P10013,2026-05-15,2,Credit Card,21186,12092.0,0,42372,0.0,42372.0,Delivered
O2002677,S1017554,CUST104452,P10265,2026-01-29,1,Credit Card,9033,6070.38,15,9033,1354.95,7678.05,Delivered
O2002678,S1017574,CUST100134,P10168,2026-02-11,3,Net Banking,19244,10755.21,5,57732,2886.6,54845.4,Delivered
O2002679,S1017579,CUST101463,P10097,2026-01-15,1,Debit Card,9087,4849.76,15,9087,1363.05,7723.95,Delivered
O2002680,S1017581,CUST101365,P10282,2026-02-18,2,Credit Card,3313,2240.18,20,6626,1325.2,5300.8,Delivered
O2002681,S1017582,CUST101232,P10255,2026-05-05,2,Net Banking,9514,5100.94,20,19028,3805.6,15222.4,Delivered
O2002682,S1017584,CUST103706,P10214,2026-05-24,2,Credit Card,29722,18648.85,20,59444,11888.8,47555.2,Delivered
O2002683,S1017593,CUST104745,P10095,2026-06-27,2,Credit Card,5142,3088.55,20,10284,2056.8,8227.2,Delivered
O2002684,S1017603,CUST100588,P10097,2026-01-03,1,UPI,9087,4849.76,0,9087,0.0,9087.0,Delivered
O2002685,S1017605,CUST102808,P10118,2026-06-16,1,Net Banking,778,546.17,20,778,155.6,622.4,Delivered
O2002686,S1017616,CUST101537,P10167,2026-06-11,1,UPI,19753,15401.71,15,19753,2962.95,16790.05,Delivered
O2002687,S1017618,CUST104225,P10228,2026-06-26,2,Credit Card,5785,4065.12,10,11570,1157.0,10413.0,Delivered
O2002688,S1017620,CUST104493,P10235,2026-03-13,1,COD,68950,50389.39,15,68950,10342.5,58607.5,Delivered
O2002689,S1017629,CUST103290,P10075,2026-03-08,2,Wallet,2665,1597.46,15,5330,799.5,4530.5,Delivered
O2002690,S1017630,CUST100655,P10281,2026-01-10,1,UPI,3253,2264.87,15,3253,487.95,2765.05,Delivered
O2002691,S1017639,CUST101755,P10243,2026-02-05,1,Net Banking,3426,2508.92,5,3426,171.3,3254.7,Delivered
O2002692,S1017645,CUST102573,P10031,2026-02-22,2,Debit Card,7685,4018.41,15,15370,2305.5,13064.5,Delivered
O2002693,S1017652,CUST101771,P10184,2026-05-29,3,Net Banking,45438,26626.58,15,136314,20447.1,115866.9,Delivered
O2002694,S1017663,CUST100733,P10136,2026-06-22,1,UPI,5090,3231.92,10,5090,509.0,4581.0,Delivered
O2002695,S1017664,CUST101465,P10021,2026-06-09,2,UPI,1105,826.21,5,2210,110.5,2099.5,Delivered
O2002696,S1017665,CUST100823,P10018,2026-06-08,1,Debit Card,9581,5047.77,10,9581,958.1,8622.9,Delivered
O2002697,S1017669,CUST102140,P10062,2026-06-08,2,UPI,3742,2211.37,0,7484,0.0,7484.0,Delivered
O2002698,S1017670,CUST103850,P10097,2026-05-22,1,UPI,9087,4849.76,15,9087,1363.05,7723.95,Delivered
O2002699,S1017714,CUST100251,P10107,2026-05-21,1,UPI,6047,3588.8,10,6047,604.7,5442.3,Delivered
O2002700,S1017717,CUST100124,P10267,2026-01-17,1,UPI,60767,43188.99,5,60767,3038.35,57728.65,Delivered
O2002701,S1017719,CUST104295,P10046,2026-06-09,1,UPI,6966,5023.33,10,6966,696.6,6269.4,Delivered
O2002702,S1017721,CUST101435,P10136,2026-04-24,2,COD,5090,3231.92,15,10180,1527.0,8653.0,Cancelled
O2002703,S1017730,CUST100326,P10108,2026-04-29,1,Credit Card,4124,2828.95,5,4124,206.2,3917.8,Delivered
O2002704,S1017738,CUST104145,P10041,2026-01-22,1,UPI,6442,3659.95,0,6442,0.0,6442.0,Delivered
O2002705,S1017744,CUST101666,P10127,2026-01-08,2,Debit Card,8539,5168.04,10,17078,1707.8,15370.2,Delivered
O2002706,S1017751,CUST102392,P10006,2026-03-30,2,Debit Card,2708,1571.31,20,5416,1083.2,4332.8,Delivered
O2002707,S1017755,CUST102726,P10286,2026-05-20,1,Credit Card,4249,3140.86,25,4249,1062.25,3186.75,Delivered
O2002708,S1017763,CUST104995,P10151,2026-04-17,3,UPI,3881,2822.56,0,11643,0.0,11643.0,Delivered
O2002709,S1017768,CUST100066,P10092,2026-02-28,2,Net Banking,64365,33832.13,5,128730,6436.5,122293.5,Delivered
O2002710,S1017773,CUST103776,P10238,2026-05-19,2,UPI,31827,19106.85,15,63654,9548.1,54105.9,Delivered
O2002711,S1017783,CUST100020,P10054,2026-01-27,1,Credit Card,231,167.07,5,231,11.55,219.45,Delivered
O2002712,S1017806,CUST104302,P10105,2026-05-26,1,UPI,9875,6870.26,20,9875,1975.0,7900.0,Delivered
O2002713,S1017812,CUST102230,P10015,2026-06-18,1,UPI,11273,6404.53,15,11273,1690.95,9582.05,Delivered
O2002714,S1017816,CUST102390,P10280,2026-02-05,1,Net Banking,2303,1356.82,5,2303,115.15,2187.85,Delivered
O2002715,S1017818,CUST104474,P10260,2026-04-14,1,Credit Card,3589,2211.57,15,3589,538.35,3050.65,Delivered
O2002716,S1017819,CUST104507,P10112,2026-03-05,1,Credit Card,35103,24960.42,0,35103,0.0,35103.0,Delivered
O2002717,S1017823,CUST101175,P10258,2026-04-21,2,UPI,5885,4538.6,10,11770,1177.0,10593.0,Delivered
O2002718,S1017827,CUST102154,P10164,2026-05-26,1,UPI,1457,948.54,25,1457,364.25,1092.75,Delivered
O2002719,S1017844,CUST103368,P10288,2026-04-22,1,Debit Card,61529,36961.24,15,61529,9229.35,52299.65,Delivered
O2002720,S1017861,CUST102011,P10023,2026-01-17,1,UPI,7904,4640.7,10,7904,790.4,7113.6,Cancelled
O2002721,S1017871,CUST102203,P10212,2026-06-12,1,Debit Card,5453,4048.83,20,5453,1090.6,4362.4,Delivered
O2002722,S1017873,CUST100271,P10041,2026-01-19,3,UPI,6442,3659.95,10,19326,1932.6,17393.4,Delivered
O2002723,S1017880,CUST103854,P10292,2026-03-10,3,UPI,8378,5862.46,20,25134,5026.8,20107.2,Delivered
O2002724,S1017881,CUST104316,P10043,2026-06-21,2,UPI,1883,1280.93,20,3766,753.2,3012.8,Delivered
O2002725,S1017892,CUST104201,P10171,2026-05-28,2,COD,8740,5130.1,5,17480,874.0,16606.0,Delivered
O2002726,S1017893,CUST103866,P10102,2026-01-17,2,Debit Card,1713,1304.26,10,3426,342.6,3083.4,Delivered
O2002727,S1017895,CUST104666,P10117,2026-01-08,2,UPI,6826,4686.53,25,13652,3413.0,10239.0,Delivered
O2002728,S1017898,CUST100222,P10179,2026-05-28,1,COD,38788,21658.7,5,38788,1939.4,36848.6,Delivered
O2002729,S1017910,CUST103407,P10086,2026-04-30,1,Debit Card,16998,12423.12,10,16998,1699.8,15298.2,Delivered
O2002730,S1017927,CUST101389,P10037,2026-05-13,3,COD,3901,2527.67,0,11703,0.0,11703.0,Delivered
O2002731,S1017929,CUST101093,P10274,2026-06-17,3,Wallet,8692,5018.43,0,26076,0.0,26076.0,Delivered
O2002732,S1017935,CUST103062,P10063,2026-03-04,1,Credit Card,19918,12590.22,15,19918,2987.7,16930.3,Delivered
O2002733,S1017943,CUST100934,P10235,2026-03-02,2,Debit Card,68950,50389.39,30,137900,41370.0,96530.0,Delivered
O2002734,S1017947,CUST104069,P10103,2026-01-19,1,UPI,24644,14282.92,10,24644,2464.4,22179.6,Delivered
O2002735,S1017971,CUST103892,P10231,2026-06-27,2,UPI,2132,1580.47,15,4264,639.6,3624.4,Delivered
O2002736,S1017972,CUST102682,P10207,2026-03-15,1,Debit Card,176,95.69,0,176,0.0,176.0,Delivered
O2002737,S1017973,CUST102105,P10040,2026-04-05,2,Net Banking,22035,16539.3,25,44070,11017.5,33052.5,Delivered
O2002738,S1017974,CUST102241,P10106,2026-05-06,2,Debit Card,3396,2604.41,0,6792,0.0,6792.0,Delivered
O2002739,S1017981,CUST103463,P10229,2026-01-26,3,Debit Card,893,631.69,10,2679,267.9,2411.1,Delivered
O2002740,S1017984,CUST104162,P10096,2026-06-11,1,COD,22742,15269.86,10,22742,2274.2,20467.8,Delivered
O2002741,S1018006,CUST102382,P10099,2026-04-20,1,COD,12825,8888.83,0,12825,0.0,12825.0,Delivered
O2002742,S1018010,CUST102365,P10091,2026-02-24,1,Wallet,8871,6703.6,30,8871,2661.3,6209.7,Delivered
O2002743,S1018012,CUST101794,P10254,2026-01-19,1,COD,3521,2178.11,5,3521,176.05,3344.95,Delivered
O2002744,S1018022,CUST104584,P10121,2026-04-17,1,Net Banking,3072,2175.95,5,3072,153.6,2918.4,Delivered
O2002745,S1018024,CUST101826,P10003,2026-01-08,2,Debit Card,8439,5929.83,30,16878,5063.4,11814.6,Delivered
O2002746,S1018029,CUST101349,P10181,2026-03-24,2,Credit Card,3031,1585.49,5,6062,303.1,5758.9,Delivered
O2002747,S1018047,CUST103352,P10034,2026-04-30,2,Debit Card,4761,3270.38,10,9522,952.2,8569.8,Delivered
O2002748,S1018052,CUST102028,P10248,2026-02-22,1,UPI,7477,5791.69,5,7477,373.85,7103.15,Delivered
O2002749,S1018062,CUST100363,P10223,2026-03-29,2,Credit Card,38523,24402.87,20,77046,15409.2,61636.8,Delivered
O2002750,S1018076,CUST101287,P10289,2026-06-12,1,COD,13420,8244.67,10,13420,1342.0,12078.0,Delivered
O2002751,S1018081,CUST101406,P10277,2026-05-15,1,Credit Card,3998,2912.65,0,3998,0.0,3998.0,Delivered
O2002752,S1018082,CUST101573,P10081,2026-01-25,2,COD,4763,2816.9,25,9526,2381.5,7144.5,Cancelled
O2002753,S1018083,CUST102002,P10147,2026-05-27,3,UPI,2573,1365.43,0,7719,0.0,7719.0,Delivered
O2002754,S1018086,CUST103306,P10064,2026-06-13,1,UPI,7246,5088.4,15,7246,1086.9,6159.1,Delivered
O2002755,S1018091,CUST104375,P10113,2026-04-02,1,UPI,1248,771.21,20,1248,249.6,998.4,Delivered
O2002756,S1018098,CUST103857,P10242,2026-06-08,1,Net Banking,1757,1230.79,10,1757,175.7,1581.3,Delivered
O2002757,S1018106,CUST103233,P10008,2026-02-19,2,Wallet,1464,905.9,0,2928,0.0,2928.0,Delivered
O2002758,S1018110,CUST104554,P10224,2026-06-19,3,Debit Card,1817,1295.8,0,5451,0.0,5451.0,Delivered
O2002759,S1018117,CUST102633,P10118,2026-04-04,1,UPI,778,546.17,25,778,194.5,583.5,Delivered
O2002760,S1018120,CUST103705,P10032,2026-05-15,1,COD,1783,1149.52,10,1783,178.3,1604.7,Delivered
O2002761,S1018122,CUST101992,P10078,2026-04-03,1,COD,2463,1414.05,0,2463,0.0,2463.0,Cancelled
O2002762,S1018123,CUST104504,P10267,2026-05-28,1,UPI,60767,43188.99,10,60767,6076.7,54690.3,Delivered
O2002763,S1018128,CUST102295,P10220,2026-06-25,1,COD,4583,2718.39,0,4583,0.0,4583.0,Delivered
O2002764,S1018129,CUST100713,P10002,2026-06-10,1,Debit Card,2459,1911.52,10,2459,245.9,2213.1,Delivered
O2002765,S1018150,CUST104268,P10275,2026-06-28,1,UPI,23193,17875.58,0,23193,0.0,23193.0,Cancelled
O2002766,S1018157,CUST103170,P10271,2026-05-09,2,Wallet,7548,5673.16,0,15096,0.0,15096.0,Delivered
O2002767,S1018161,CUST104474,P10242,2026-03-14,1,Debit Card,1757,1230.79,10,1757,175.7,1581.3,Delivered
O2002768,S1018166,CUST101139,P10164,2026-04-12,1,Credit Card,1457,948.54,15,1457,218.55,1238.45,Delivered
O2002769,S1018167,CUST102929,P10268,2026-06-12,2,Credit Card,4912,2724.22,20,9824,1964.8,7859.2,Delivered
O2002770,S1018171,CUST104094,P10225,2026-04-24,1,COD,3616,2332.12,0,3616,0.0,3616.0,Delivered
O2002771,S1018178,CUST104891,P10035,2026-01-12,3,Credit Card,15880,9770.01,30,47640,14292.0,33348.0,Delivered
O2002772,S1018183,CUST103673,P10027,2026-06-17,1,Credit Card,7408,4535.44,0,7408,0.0,7408.0,Delivered
O2002773,S1018184,CUST103987,P10270,2026-06-04,1,UPI,996,636.03,15,996,149.4,846.6,Delivered
O2002774,S1018185,CUST104197,P10099,2026-04-02,2,Credit Card,12825,8888.83,15,25650,3847.5,21802.5,Delivered
O2002775,S1018193,CUST102930,P10203,2026-01-16,1,Credit Card,1532,987.74,10,1532,153.2,1378.8,Delivered
O2002776,S1018194,CUST102035,P10208,2026-06-27,1,Debit Card,9679,5536.57,0,9679,0.0,9679.0,Delivered
O2002777,S1018202,CUST101270,P10283,2026-05-05,1,COD,33348,23060.2,5,33348,1667.4,31680.6,Delivered
O2002778,S1018203,CUST104336,P10294,2026-01-28,3,COD,5617,4032.22,25,16851,4212.75,12638.25,Delivered
O2002779,S1018211,CUST100833,P10043,2026-01-13,2,COD,1883,1280.93,5,3766,188.3,3577.7,Delivered
O2002780,S1018213,CUST103903,P10211,2026-06-10,1,UPI,3579,2686.65,15,3579,536.85,3042.15,Cancelled
O2002781,S1018224,CUST103544,P10114,2026-05-02,1,UPI,3443,2348.43,0,3443,0.0,3443.0,Delivered
O2002782,S1018225,CUST101884,P10001,2026-04-04,1,COD,59620,39248.59,0,59620,0.0,59620.0,Delivered
O2002783,S1018227,CUST102163,P10037,2026-06-19,1,UPI,3901,2527.67,10,3901,390.1,3510.9,Delivered
O2002784,S1018228,CUST101659,P10020,2026-02-01,1,UPI,24782,15381.22,5,24782,1239.1,23542.9,Delivered
O2002785,S1018242,CUST104425,P10197,2026-03-05,1,COD,9663,6464.22,10,9663,966.3,8696.7,Delivered
O2002786,S1018245,CUST102396,P10008,2026-04-30,3,UPI,1464,905.9,20,4392,878.4,3513.6,Delivered
O2002787,S1018249,CUST100391,P10219,2026-01-02,2,Debit Card,10171,5453.76,0,20342,0.0,20342.0,Delivered
O2002788,S1018257,CUST102748,P10198,2026-05-09,1,Credit Card,32876,23438.24,0,32876,0.0,32876.0,Delivered
O2002789,S1018271,CUST104049,P10152,2026-05-22,1,UPI,5488,3309.39,15,5488,823.2,4664.8,Delivered
O2002790,S1018274,CUST100893,P10202,2026-01-14,1,Credit Card,36183,20924.16,0,36183,0.0,36183.0,Delivered
O2002791,S1018282,CUST103027,P10118,2026-06-21,3,UPI,778,546.17,15,2334,350.1,1983.9,Delivered
O2002792,S1018290,CUST104627,P10284,2026-04-22,1,COD,1898,1058.59,20,1898,379.6,1518.4,Delivered
O2002793,S1018291,CUST100480,P10251,2026-01-22,2,Debit Card,22462,11904.7,5,44924,2246.2,42677.8,Cancelled
O2002794,S1018292,CUST104893,P10266,2026-03-23,3,UPI,4990,3619.71,5,14970,748.5,14221.5,Delivered
O2002795,S1018296,CUST100476,P10071,2026-05-01,1,UPI,66043,44363.13,5,66043,3302.15,62740.85,Delivered
O2002796,S1018297,CUST103378,P10215,2026-03-10,2,Credit Card,2133,1449.01,0,4266,0.0,4266.0,Delivered
O2002797,S1018313,CUST104668,P10223,2026-06-15,1,COD,38523,24402.87,5,38523,1926.15,36596.85,Cancelled
O2002798,S1018323,CUST101047,P10150,2026-03-08,1,Credit Card,251,139.85,10,251,25.1,225.9,Delivered
O2002799,S1018334,CUST103961,P10080,2026-02-25,1,Net Banking,21455,12114.76,15,21455,3218.25,18236.75,Delivered
O2002800,S1018344,CUST100238,P10125,2026-06-22,1,UPI,810,501.25,15,810,121.5,688.5,Delivered
O2002801,S1018366,CUST101512,P10087,2026-04-02,3,Net Banking,3581,2362.63,0,10743,0.0,10743.0,Delivered
O2002802,S1018380,CUST101355,P10203,2026-01-05,2,UPI,1532,987.74,15,3064,459.6,2604.4,Delivered
O2002803,S1018385,CUST104253,P10108,2026-03-06,2,UPI,4124,2828.95,0,8248,0.0,8248.0,Delivered
O2002804,S1018390,CUST102900,P10094,2026-03-26,3,UPI,3800,2327.35,15,11400,1710.0,9690.0,Delivered
O2002805,S1018398,CUST101712,P10005,2026-02-14,1,Debit Card,8334,4443.06,0,8334,0.0,8334.0,Cancelled
O2002806,S1018403,CUST100734,P10224,2026-05-09,1,Credit Card,1817,1295.8,20,1817,363.4,1453.6,Delivered
O2002807,S1018408,CUST100138,P10011,2026-03-09,1,Credit Card,5109,2851.33,20,5109,1021.8,4087.2,Delivered
O2002808,S1018413,CUST100593,P10202,2026-03-24,3,UPI,36183,20924.16,20,108549,21709.8,86839.2,Delivered
O2002809,S1018414,CUST102348,P10250,2026-06-05,1,Net Banking,3881,2347.37,20,3881,776.2,3104.8,Delivered
O2002810,S1018418,CUST103326,P10218,2026-04-21,2,Credit Card,46613,31735.95,10,93226,9322.6,83903.4,Delivered
O2002811,S1018428,CUST100596,P10241,2026-04-27,2,COD,1644,984.23,15,3288,493.2,2794.8,Delivered
O2002812,S1018429,CUST102048,P10092,2026-05-25,1,Net Banking,64365,33832.13,0,64365,0.0,64365.0,Delivered
O2002813,S1018438,CUST101299,P10287,2026-04-23,2,Wallet,409,292.05,15,818,122.7,695.3,Delivered
O2002814,S1018444,CUST100936,P10249,2026-02-02,1,Net Banking,8991,5130.06,30,8991,2697.3,6293.7,Delivered
O2002815,S1018450,CUST100456,P10170,2026-06-03,3,COD,1224,694.2,10,3672,367.2,3304.8,Delivered
O2002816,S1018457,CUST101966,P10197,2026-05-03,1,Net Banking,9663,6464.22,10,9663,966.3,8696.7,Delivered
O2002817,S1018480,CUST104660,P10083,2026-05-14,1,UPI,8198,4446.32,0,8198,0.0,8198.0,Delivered
O2002818,S1018485,CUST102411,P10094,2026-04-29,1,Credit Card,3800,2327.35,0,3800,0.0,3800.0,Delivered
O2002819,S1018489,CUST103226,P10144,2026-03-29,2,COD,1810,1018.16,5,3620,181.0,3439.0,Delivered
O2002820,S1018492,CUST100565,P10152,2026-04-20,2,UPI,5488,3309.39,0,10976,0.0,10976.0,Delivered
O2002821,S1018514,CUST102442,P10089,2026-05-14,1,UPI,5663,3534.98,15,5663,849.45,4813.55,Delivered
O2002822,S1018517,CUST103173,P10100,2026-04-11,1,Wallet,22483,16903.72,15,22483,3372.45,19110.55,Delivered
O2002823,S1018519,CUST103954,P10117,2026-03-14,1,UPI,6826,4686.53,30,6826,2047.8,4778.2,Delivered
O2002824,S1018522,CUST100093,P10107,2026-06-29,2,COD,6047,3588.8,5,12094,604.7,11489.3,Delivered
O2002825,S1018531,CUST102963,P10230,2026-04-20,1,UPI,4503,3004.28,25,4503,1125.75,3377.25,Delivered
O2002826,S1018533,CUST100383,P10282,2026-04-26,3,Debit Card,3313,2240.18,0,9939,0.0,9939.0,Delivered
O2002827,S1018541,CUST103544,P10080,2026-03-20,2,Credit Card,21455,12114.76,10,42910,4291.0,38619.0,Delivered
O2002828,S1018544,CUST102083,P10034,2026-04-16,3,UPI,4761,3270.38,5,14283,714.15,13568.85,Delivered
O2002829,S1018563,CUST102067,P10114,2026-04-16,1,Credit Card,3443,2348.43,5,3443,172.15,3270.85,Delivered
O2002830,S1018565,CUST102862,P10146,2026-04-25,3,UPI,13773,10462.06,15,41319,6197.85,35121.15,Delivered
O2002831,S1018567,CUST100063,P10108,2026-02-20,2,Net Banking,4124,2828.95,20,8248,1649.6,6598.4,Delivered
O2002832,S1018568,CUST101014,P10019,2026-02-10,1,UPI,1375,924.9,0,1375,0.0,1375.0,Delivered
O2002833,S1018571,CUST101805,P10280,2026-04-16,1,UPI,2303,1356.82,0,2303,0.0,2303.0,Delivered
O2002834,S1018573,CUST103699,P10225,2026-03-20,1,Net Banking,3616,2332.12,30,3616,1084.8,2531.2,Delivered
O2002835,S1018582,CUST102597,P10203,2026-05-29,1,Debit Card,1532,987.74,30,1532,459.6,1072.4,Delivered
O2002836,S1018583,CUST103100,P10085,2026-03-05,1,Net Banking,1989,1381.25,10,1989,198.9,1790.1,Delivered
O2002837,S1018585,CUST100902,P10209,2026-01-28,3,Credit Card,5849,4391.18,15,17547,2632.05,14914.95,Delivered
O2002838,S1018598,CUST100376,P10154,2026-03-27,2,UPI,19267,15018.89,0,38534,0.0,38534.0,Delivered
O2002839,S1018610,CUST103384,P10046,2026-01-09,3,UPI,6966,5023.33,30,20898,6269.4,14628.6,Delivered
O2002840,S1018613,CUST102879,P10099,2026-03-23,2,UPI,12825,8888.83,25,25650,6412.5,19237.5,Delivered
O2002841,S1018627,CUST102494,P10106,2026-02-28,1,Credit Card,3396,2604.41,20,3396,679.2,2716.8,Delivered
O2002842,S1018641,CUST103946,P10144,2026-02-02,2,UPI,1810,1018.16,15,3620,543.0,3077.0,Delivered
O2002843,S1018646,CUST100807,P10209,2026-05-01,2,UPI,5849,4391.18,15,11698,1754.7,9943.3,Delivered
O2002844,S1018651,CUST101746,P10012,2026-01-10,3,UPI,6050,4362.18,15,18150,2722.5,15427.5,Delivered
O2002845,S1018657,CUST100095,P10087,2026-06-21,3,UPI,3581,2362.63,25,10743,2685.75,8057.25,Delivered
O2002846,S1018658,CUST100130,P10209,2026-06-05,2,UPI,5849,4391.18,20,11698,2339.6,9358.4,Delivered
O2002847,S1018659,CUST103269,P10008,2026-04-13,2,Net Banking,1464,905.9,0,2928,0.0,2928.0,Delivered
O2002848,S1018660,CUST101954,P10166,2026-04-03,1,UPI,2850,1684.41,5,2850,142.5,2707.5,Delivered
O2002849,S1018661,CUST102308,P10010,2026-03-15,1,Net Banking,5346,3925.5,30,5346,1603.8,3742.2,Cancelled
O2002850,S1018664,CUST103573,P10258,2026-04-27,1,Credit Card,5885,4538.6,25,5885,1471.25,4413.75,Delivered
O2002851,S1018667,CUST102170,P10197,2026-01-26,3,Net Banking,9663,6464.22,15,28989,4348.35,24640.65,Delivered
O2002852,S1018681,CUST100131,P10197,2026-02-06,1,UPI,9663,6464.22,10,9663,966.3,8696.7,Delivered
O2002853,S1018686,CUST102952,P10056,2026-04-18,2,COD,4152,2410.64,25,8304,2076.0,6228.0,Delivered
O2002854,S1018693,CUST102980,P10092,2026-02-18,2,Credit Card,64365,33832.13,10,128730,12873.0,115857.0,Cancelled
O2002855,S1018694,CUST101347,P10205,2026-01-12,1,Credit Card,2967,1938.06,5,2967,148.35,2818.65,Delivered
O2002856,S1018695,CUST103801,P10036,2026-01-18,1,UPI,55094,40455.54,0,55094,0.0,55094.0,Delivered
O2002857,S1018705,CUST100060,P10193,2026-05-20,3,UPI,49892,32028.99,0,149676,0.0,149676.0,Delivered
O2002858,S1018715,CUST102325,P10180,2026-06-26,1,Net Banking,5318,3704.39,5,5318,265.9,5052.1,Delivered
O2002859,S1018719,CUST101231,P10286,2026-06-19,1,Credit Card,4249,3140.86,0,4249,0.0,4249.0,Delivered
O2002860,S1018743,CUST103616,P10107,2026-06-29,3,Debit Card,6047,3588.8,5,18141,907.05,17233.95,Delivered
O2002861,S1018744,CUST104776,P10102,2026-05-04,1,UPI,1713,1304.26,10,1713,171.3,1541.7,Delivered
O2002862,S1018754,CUST100616,P10216,2026-04-10,2,Net Banking,26876,16855.26,20,53752,10750.4,43001.6,Delivered
O2002863,S1018781,CUST101720,P10252,2026-01-28,1,COD,12430,8332.71,25,12430,3107.5,9322.5,Delivered
O2002864,S1018782,CUST102861,P10208,2026-02-07,1,UPI,9679,5536.57,10,9679,967.9,8711.1,Delivered
O2002865,S1018791,CUST103750,P10222,2026-04-04,3,Wallet,5863,3845.53,0,17589,0.0,17589.0,Delivered
O2002866,S1018793,CUST103386,P10216,2026-03-10,3,UPI,26876,16855.26,5,80628,4031.4,76596.6,Delivered
O2002867,S1018794,CUST101134,P10162,2026-03-30,3,UPI,1909,1328.04,10,5727,572.7,5154.3,Delivered
O2002868,S1018797,CUST102727,P10035,2026-06-08,1,Debit Card,15880,9770.01,0,15880,0.0,15880.0,Delivered
O2002869,S1018802,CUST104232,P10065,2026-03-28,3,Net Banking,3554,2097.11,0,10662,0.0,10662.0,Delivered
O2002870,S1018813,CUST101243,P10028,2026-03-14,2,Debit Card,5932,3311.67,5,11864,593.2,11270.8,Delivered
O2002871,S1018816,CUST103767,P10216,2026-05-28,3,Net Banking,26876,16855.26,20,80628,16125.6,64502.4,Delivered
O2002872,S1018822,CUST102294,P10180,2026-01-21,1,UPI,5318,3704.39,25,5318,1329.5,3988.5,Cancelled
O2002873,S1018825,CUST103433,P10266,2026-05-30,3,Debit Card,4990,3619.71,30,14970,4491.0,10479.0,Delivered
O2002874,S1018830,CUST104807,P10195,2026-03-14,1,Credit Card,7539,5346.62,15,7539,1130.85,6408.15,Delivered
O2002875,S1018838,CUST102073,P10224,2026-06-24,1,UPI,1817,1295.8,10,1817,181.7,1635.3,Delivered
O2002876,S1018843,CUST100118,P10261,2026-05-28,2,Debit Card,10937,8376.17,30,21874,6562.2,15311.8,Delivered
O2002877,S1018846,CUST101219,P10028,2026-01-22,3,UPI,5932,3311.67,30,17796,5338.8,12457.2,Delivered
O2002878,S1018857,CUST100253,P10292,2026-04-02,1,UPI,8378,5862.46,15,8378,1256.7,7121.3,Delivered
O2002879,S1018865,CUST100979,P10040,2026-01-24,2,UPI,22035,16539.3,20,44070,8814.0,35256.0,Delivered
O2002880,S1018871,CUST104106,P10144,2026-04-19,2,UPI,1810,1018.16,15,3620,543.0,3077.0,Delivered
O2002881,S1018880,CUST101424,P10241,2026-01-17,1,Credit Card,1644,984.23,30,1644,493.2,1150.8,Delivered
O2002882,S1018882,CUST103339,P10230,2026-05-23,3,COD,4503,3004.28,15,13509,2026.35,11482.65,Delivered
O2002883,S1018884,CUST103833,P10160,2026-06-10,1,Credit Card,2602,1698.27,0,2602,0.0,2602.0,Delivered
O2002884,S1018885,CUST101537,P10088,2026-05-05,3,UPI,28130,21646.92,5,84390,4219.5,80170.5,Delivered
O2002885,S1018892,CUST102939,P10135,2026-01-18,1,UPI,49087,26034.8,25,49087,12271.75,36815.25,Delivered
O2002886,S1018903,CUST102148,P10041,2026-01-24,2,UPI,6442,3659.95,20,12884,2576.8,10307.2,Delivered
O2002887,S1018911,CUST100832,P10269,2026-03-08,1,Net Banking,940,703.74,10,940,94.0,846.0,Delivered
O2002888,S1018920,CUST102752,P10220,2026-06-16,1,UPI,4583,2718.39,0,4583,0.0,4583.0,Cancelled
O2002889,S1018922,CUST104523,P10121,2026-02-05,2,Debit Card,3072,2175.95,0,6144,0.0,6144.0,Cancelled
O2002890,S1018933,CUST102352,P10240,2026-05-17,1,UPI,12093,7882.85,15,12093,1813.95,10279.05,Delivered
O2002891,S1018945,CUST103635,P10260,2026-03-01,1,UPI,3589,2211.57,15,3589,538.35,3050.65,Delivered
O2002892,S1018959,CUST102875,P10024,2026-05-04,1,COD,2013,1231.69,10,2013,201.3,1811.7,Delivered
O2002893,S1018961,CUST101430,P10127,2026-04-05,1,UPI,8539,5168.04,15,8539,1280.85,7258.15,Delivered
O2002894,S1018964,CUST102824,P10164,2026-05-19,3,Credit Card,1457,948.54,10,4371,437.1,3933.9,Delivered
O2002895,S1018965,CUST103386,P10262,2026-06-11,3,COD,2779,1969.59,15,8337,1250.55,7086.45,Delivered
O2002896,S1018967,CUST103935,P10231,2026-01-06,1,UPI,2132,1580.47,10,2132,213.2,1918.8,Delivered
O2002897,S1018981,CUST102285,P10260,2026-01-05,1,UPI,3589,2211.57,15,3589,538.35,3050.65,Delivered
O2002898,S1018987,CUST101446,P10128,2026-02-10,1,Wallet,41039,31852.39,5,41039,2051.95,38987.05,Delivered
O2002899,S1018989,CUST100021,P10207,2026-04-05,2,Credit Card,176,95.69,0,352,0.0,352.0,Delivered
O2002900,S1018991,CUST103425,P10214,2026-04-13,1,Debit Card,29722,18648.85,15,29722,4458.3,25263.7,Delivered
O2002901,S1018999,CUST102464,P10023,2026-04-17,1,COD,7904,4640.7,20,7904,1580.8,6323.2,Delivered
O2002902,S1019003,CUST103968,P10040,2026-01-02,1,UPI,22035,16539.3,15,22035,3305.25,18729.75,Delivered
O2002903,S1019007,CUST100385,P10051,2026-01-14,3,UPI,201,105.03,5,603,30.15,572.85,Delivered
O2002904,S1019013,CUST101927,P10278,2026-04-05,2,Debit Card,771,402.83,10,1542,154.2,1387.8,Delivered
O2002905,S1019024,CUST101154,P10096,2026-02-06,2,UPI,22742,15269.86,10,45484,4548.4,40935.6,Delivered
O2002906,S1019029,CUST104165,P10181,2026-06-27,2,Credit Card,3031,1585.49,5,6062,303.1,5758.9,Cancelled
O2002907,S1019032,CUST104596,P10106,2026-01-01,1,Debit Card,3396,2604.41,25,3396,849.0,2547.0,Delivered
O2002908,S1019036,CUST100974,P10140,2026-02-27,1,COD,24307,15572.5,5,24307,1215.35,23091.65,Delivered
O2002909,S1019044,CUST103492,P10183,2026-01-10,3,COD,1477,1130.4,15,4431,664.65,3766.35,Delivered
O2002910,S1019054,CUST102439,P10001,2026-03-27,1,UPI,59620,39248.59,10,59620,5962.0,53658.0,Delivered
O2002911,S1019065,CUST104875,P10184,2026-02-06,1,Debit Card,45438,26626.58,30,45438,13631.4,31806.6,Delivered
O2002912,S1019082,CUST103601,P10256,2026-01-27,2,Debit Card,3768,2771.04,15,7536,1130.4,6405.6,Delivered
O2002913,S1019093,CUST102979,P10130,2026-02-23,3,UPI,776,487.13,0,2328,0.0,2328.0,Delivered
O2002914,S1019103,CUST103089,P10181,2026-01-01,1,UPI,3031,1585.49,5,3031,151.55,2879.45,Cancelled
O2002915,S1019110,CUST100203,P10050,2026-04-15,2,Debit Card,8438,5513.43,0,16876,0.0,16876.0,Delivered
O2002916,S1019113,CUST104102,P10197,2026-04-23,1,UPI,9663,6464.22,10,9663,966.3,8696.7,Delivered
O2002917,S1019116,CUST103218,P10194,2026-05-07,2,UPI,9552,5893.76,0,19104,0.0,19104.0,Cancelled
O2002918,S1019122,CUST100695,P10279,2026-01-29,1,UPI,2276,1649.23,10,2276,227.6,2048.4,Delivered
O2002919,S1019130,CUST103772,P10271,2026-04-03,2,Debit Card,7548,5673.16,10,15096,1509.6,13586.4,Delivered
O2002920,S1019140,CUST100123,P10104,2026-04-07,1,COD,5812,4517.78,5,5812,290.6,5521.4,Delivered
O2002921,S1019143,CUST101662,P10269,2026-04-05,2,UPI,940,703.74,0,1880,0.0,1880.0,Delivered
O2002922,S1019147,CUST104432,P10261,2026-01-02,1,Credit Card,10937,8376.17,0,10937,0.0,10937.0,Delivered
O2002923,S1019152,CUST103461,P10255,2026-03-31,3,UPI,9514,5100.94,15,28542,4281.3,24260.7,Delivered
O2002924,S1019154,CUST102098,P10116,2026-02-13,2,COD,7704,5390.51,0,15408,0.0,15408.0,Delivered
O2002925,S1019157,CUST103208,P10047,2026-02-09,1,UPI,61871,39284.85,25,61871,15467.75,46403.25,Delivered
O2002926,S1019161,CUST101817,P10158,2026-04-04,1,COD,2992,1787.19,10,2992,299.2,2692.8,Delivered
O2002927,S1019193,CUST101819,P10113,2026-01-03,1,Debit Card,1248,771.21,0,1248,0.0,1248.0,Delivered
O2002928,S1019198,CUST103385,P10050,2026-06-29,2,UPI,8438,5513.43,25,16876,4219.0,12657.0,Delivered
O2002929,S1019208,CUST102337,P10279,2026-01-03,3,UPI,2276,1649.23,15,6828,1024.2,5803.8,Delivered
O2002930,S1019209,CUST101858,P10100,2026-06-07,1,Debit Card,22483,16903.72,15,22483,3372.45,19110.55,Delivered
O2002931,S1019220,CUST101238,P10286,2026-03-16,1,Debit Card,4249,3140.86,0,4249,0.0,4249.0,Delivered
O2002932,S1019223,CUST100053,P10121,2026-06-23,2,Debit Card,3072,2175.95,15,6144,921.6,5222.4,Delivered
O2002933,S1019225,CUST103160,P10144,2026-02-24,1,COD,1810,1018.16,20,1810,362.0,1448.0,Delivered
O2002934,S1019226,CUST100672,P10295,2026-01-28,1,UPI,3907,2124.83,0,3907,0.0,3907.0,Delivered
O2002935,S1019227,CUST104105,P10046,2026-02-05,1,UPI,6966,5023.33,5,6966,348.3,6617.7,Delivered
O2002936,S1019229,CUST100083,P10026,2026-05-15,3,COD,16626,9676.0,20,49878,9975.6,39902.4,Delivered
O2002937,S1019230,CUST104321,P10081,2026-06-27,2,Credit Card,4763,2816.9,0,9526,0.0,9526.0,Delivered
O2002938,S1019238,CUST102405,P10027,2026-06-21,1,Net Banking,7408,4535.44,15,7408,1111.2,6296.8,Delivered
O2002939,S1019242,CUST104667,P10169,2026-02-11,3,Debit Card,3804,2836.87,10,11412,1141.2,10270.8,Delivered
O2002940,S1019261,CUST101422,P10188,2026-04-29,1,UPI,1125,605.0,5,1125,56.25,1068.75,Cancelled
O2002941,S1019270,CUST100738,P10180,2026-02-01,1,Debit Card,5318,3704.39,0,5318,0.0,5318.0,Delivered
O2002942,S1019272,CUST102793,P10092,2026-03-06,1,UPI,64365,33832.13,0,64365,0.0,64365.0,Delivered
O2002943,S1019291,CUST102203,P10135,2026-06-17,1,COD,49087,26034.8,0,49087,0.0,49087.0,Delivered
O2002944,S1019302,CUST101893,P10110,2026-01-21,1,Credit Card,23464,16729.04,0,23464,0.0,23464.0,Delivered
O2002945,S1019306,CUST103003,P10052,2026-05-28,3,UPI,3236,2324.09,5,9708,485.4,9222.6,Delivered
O2002946,S1019316,CUST102639,P10035,2026-05-13,2,UPI,15880,9770.01,15,31760,4764.0,26996.0,Delivered
O2002947,S1019317,CUST102562,P10236,2026-03-23,1,UPI,854,611.4,0,854,0.0,854.0,Delivered
O2002948,S1019318,CUST104495,P10108,2026-01-02,1,Wallet,4124,2828.95,25,4124,1031.0,3093.0,Delivered
O2002949,S1019320,CUST100387,P10056,2026-02-16,3,Debit Card,4152,2410.64,10,12456,1245.6,11210.4,Delivered
O2002950,S1019322,CUST100138,P10187,2026-04-20,1,Credit Card,21453,15652.9,10,21453,2145.3,19307.7,Delivered
O2002951,S1019324,CUST102701,P10272,2026-06-24,1,Credit Card,2807,1874.84,15,2807,421.05,2385.95,Delivered
O2002952,S1019344,CUST101721,P10153,2026-03-12,1,UPI,1705,1045.99,20,1705,341.0,1364.0,Delivered
O2002953,S1019345,CUST100171,P10049,2026-02-04,1,Debit Card,23453,16779.94,0,23453,0.0,23453.0,Delivered
O2002954,S1019347,CUST103593,P10056,2026-01-06,3,Net Banking,4152,2410.64,5,12456,622.8,11833.2,Delivered
O2002955,S1019352,CUST103622,P10162,2026-04-14,1,COD,1909,1328.04,10,1909,190.9,1718.1,Delivered
O2002956,S1019359,CUST100556,P10126,2026-01-07,1,Net Banking,2344,1625.06,10,2344,234.4,2109.6,Delivered
O2002957,S1019368,CUST100846,P10235,2026-06-21,3,UPI,68950,50389.39,30,206850,62055.0,144795.0,Delivered
O2002958,S1019387,CUST102771,P10138,2026-03-19,1,UPI,56677,40618.95,0,56677,0.0,56677.0,Delivered
O2002959,S1019392,CUST102798,P10111,2026-03-29,2,Credit Card,840,508.05,5,1680,84.0,1596.0,Delivered
O2002960,S1019399,CUST101460,P10201,2026-05-25,1,COD,1168,898.71,15,1168,175.2,992.8,Delivered
O2002961,S1019405,CUST102330,P10292,2026-03-26,1,UPI,8378,5862.46,0,8378,0.0,8378.0,Delivered
O2002962,S1019408,CUST104939,P10261,2026-05-15,2,Debit Card,10937,8376.17,5,21874,1093.7,20780.3,Delivered
O2002963,S1019410,CUST104351,P10143,2026-03-12,1,Credit Card,11876,8893.28,0,11876,0.0,11876.0,Delivered
O2002964,S1019411,CUST101094,P10064,2026-03-16,2,COD,7246,5088.4,0,14492,0.0,14492.0,Delivered
O2002965,S1019414,CUST102043,P10153,2026-03-24,1,COD,1705,1045.99,20,1705,341.0,1364.0,Delivered
O2002966,S1019416,CUST100470,P10208,2026-03-26,3,UPI,9679,5536.57,15,29037,4355.55,24681.45,Delivered
O2002967,S1019437,CUST101896,P10268,2026-02-21,1,COD,4912,2724.22,5,4912,245.6,4666.4,Delivered
O2002968,S1019465,CUST103393,P10234,2026-01-08,1,Credit Card,36971,27562.66,10,36971,3697.1,33273.9,Delivered
O2002969,S1019470,CUST103369,P10041,2026-05-08,3,Credit Card,6442,3659.95,10,19326,1932.6,17393.4,Delivered
O2002970,S1019479,CUST100160,P10041,2026-02-03,2,UPI,6442,3659.95,10,12884,1288.4,11595.6,Delivered
O2002971,S1019487,CUST100201,P10093,2026-06-26,1,Wallet,3481,1818.59,25,3481,870.25,2610.75,Delivered
O2002972,S1019515,CUST102250,P10133,2026-05-01,1,COD,8047,4254.17,15,8047,1207.05,6839.95,Delivered
O2002973,S1019516,CUST103671,P10043,2026-01-18,2,Debit Card,1883,1280.93,15,3766,564.9,3201.1,Delivered
O2002974,S1019523,CUST101025,P10220,2026-06-26,2,Debit Card,4583,2718.39,10,9166,916.6,8249.4,Delivered
O2002975,S1019541,CUST101990,P10045,2026-03-21,1,Credit Card,10136,7547.37,10,10136,1013.6,9122.4,Cancelled
O2002976,S1019544,CUST100975,P10275,2026-03-26,1,Net Banking,23193,17875.58,0,23193,0.0,23193.0,Delivered
O2002977,S1019549,CUST104155,P10251,2026-02-02,1,Debit Card,22462,11904.7,10,22462,2246.2,20215.8,Delivered
O2002978,S1019550,CUST101508,P10247,2026-04-26,2,Debit Card,5626,3385.81,5,11252,562.6,10689.4,Delivered
O2002979,S1019551,CUST104921,P10030,2026-03-27,3,Net Banking,9973,7238.98,25,29919,7479.75,22439.25,Delivered
O2002980,S1019552,CUST104502,P10079,2026-03-03,3,UPI,61135,43823.72,5,183405,9170.25,174234.75,Delivered
O2002981,S1019555,CUST100384,P10130,2026-04-22,1,Wallet,776,487.13,5,776,38.8,737.2,Delivered
O2002982,S1019556,CUST100412,P10158,2026-01-14,2,Net Banking,2992,1787.19,30,5984,1795.2,4188.8,Delivered
O2002983,S1019560,CUST100663,P10147,2026-01-05,1,UPI,2573,1365.43,15,2573,385.95,2187.05,Delivered
O2002984,S1019571,CUST102374,P10103,2026-05-16,1,Credit Card,24644,14282.92,30,24644,7393.2,17250.8,Delivered
O2002985,S1019589,CUST100228,P10299,2026-04-27,1,UPI,4035,2703.81,15,4035,605.25,3429.75,Delivered
O2002986,S1019599,CUST100825,P10087,2026-01-17,1,UPI,3581,2362.63,5,3581,179.05,3401.95,Delivered
O2002987,S1019605,CUST100522,P10052,2026-02-09,1,Debit Card,3236,2324.09,5,3236,161.8,3074.2,Delivered
O2002988,S1019607,CUST101877,P10134,2026-06-28,1,Wallet,1548,1032.95,15,1548,232.2,1315.8,Delivered
O2002989,S1019609,CUST102206,P10211,2026-02-25,2,Credit Card,3579,2686.65,10,7158,715.8,6442.2,Delivered
O2002990,S1019625,CUST100346,P10180,2026-04-22,1,UPI,5318,3704.39,15,5318,797.7,4520.3,Delivered
O2002991,S1019627,CUST104272,P10039,2026-02-24,1,UPI,5709,3603.27,10,5709,570.9,5138.1,Delivered
O2002992,S1019628,CUST100544,P10195,2026-01-22,3,UPI,7539,5346.62,5,22617,1130.85,21486.15,Delivered
O2002993,S1019640,CUST100035,P10072,2026-03-14,2,Debit Card,30444,20638.98,5,60888,3044.4,57843.6,Delivered
O2002994,S1019653,CUST104675,P10272,2026-01-30,2,COD,2807,1874.84,20,5614,1122.8,4491.2,Delivered
O2002995,S1019654,CUST103361,P10098,2026-03-05,3,UPI,2458,1640.7,10,7374,737.4,6636.6,Delivered
O2002996,S1019655,CUST102664,P10213,2026-05-02,1,Debit Card,9621,5332.56,20,9621,1924.2,7696.8,Delivered
O2002997,S1019663,CUST104714,P10041,2026-02-02,1,Debit Card,6442,3659.95,0,6442,0.0,6442.0,Cancelled
O2002998,S1019664,CUST102673,P10143,2026-02-09,1,Credit Card,11876,8893.28,15,11876,1781.4,10094.6,Delivered
O2002999,S1019666,CUST104234,P10255,2026-03-25,2,COD,9514,5100.94,0,19028,0.0,19028.0,Delivered
O2003000,S1019670,CUST100248,P10193,2026-01-02,3,Credit Card,49892,32028.99,5,149676,7483.8,142192.2,Delivered
O2003001,S1019671,CUST100526,P10117,2026-04-17,1,Debit Card,6826,4686.53,15,6826,1023.9,5802.1,Delivered
O2003002,S1019689,CUST103857,P10018,2026-01-13,1,Credit Card,9581,5047.77,20,9581,1916.2,7664.8,Delivered
O2003003,S1019695,CUST101062,P10011,2026-02-18,1,Debit Card,5109,2851.33,0,5109,0.0,5109.0,Delivered
O2003004,S1019700,CUST100658,P10263,2026-04-24,3,UPI,56908,38354.98,0,170724,0.0,170724.0,Delivered
O2003005,S1019716,CUST103407,P10185,2026-04-22,1,UPI,1404,1040.82,15,1404,210.6,1193.4,Delivered
O2003006,S1019721,CUST104912,P10002,2026-04-23,1,Wallet,2459,1911.52,10,2459,245.9,2213.1,Delivered
O2003007,S1019733,CUST100717,P10193,2026-06-24,2,UPI,49892,32028.99,15,99784,14967.6,84816.4,Delivered
O2003008,S1019738,CUST104465,P10003,2026-06-03,1,COD,8439,5929.83,30,8439,2531.7,5907.3,Cancelled
O2003009,S1019745,CUST102879,P10161,2026-06-06,2,Credit Card,642,377.78,0,1284,0.0,1284.0,Delivered
O2003010,S1019746,CUST103405,P10006,2026-06-08,2,Credit Card,2708,1571.31,0,5416,0.0,5416.0,Delivered
O2003011,S1019755,CUST103495,P10242,2026-02-20,3,Net Banking,1757,1230.79,0,5271,0.0,5271.0,Delivered
O2003012,S1019771,CUST102169,P10242,2026-01-24,1,Credit Card,1757,1230.79,15,1757,263.55,1493.45,Delivered
O2003013,S1019774,CUST103052,P10066,2026-04-22,2,Net Banking,3823,2537.87,10,7646,764.6,6881.4,Delivered
O2003014,S1019776,CUST104670,P10200,2026-06-25,3,Credit Card,2965,2065.76,10,8895,889.5,8005.5,Delivered
O2003015,S1019783,CUST102957,P10262,2026-01-09,2,Wallet,2779,1969.59,10,5558,555.8,5002.2,Delivered
O2003016,S1019785,CUST102262,P10228,2026-03-09,2,UPI,5785,4065.12,10,11570,1157.0,10413.0,Delivered
O2003017,S1019788,CUST103973,P10161,2026-03-09,3,Credit Card,642,377.78,20,1926,385.2,1540.8,Delivered
O2003018,S1019804,CUST100413,P10242,2026-06-01,1,UPI,1757,1230.79,15,1757,263.55,1493.45,Cancelled
O2003019,S1019839,CUST100186,P10108,2026-06-25,2,Wallet,4124,2828.95,15,8248,1237.2,7010.8,Delivered
O2003020,S1019841,CUST103271,P10204,2026-03-17,2,UPI,29027,15561.91,5,58054,2902.7,55151.3,Delivered
O2003021,S1019855,CUST100533,P10035,2026-01-03,1,Credit Card,15880,9770.01,10,15880,1588.0,14292.0,Delivered
O2003022,S1019863,CUST102823,P10101,2026-03-09,1,Debit Card,12746,6696.14,0,12746,0.0,12746.0,Delivered
O2003023,S1019864,CUST103216,P10266,2026-01-11,2,Credit Card,4990,3619.71,5,9980,499.0,9481.0,Delivered
O2003024,S1019870,CUST103556,P10237,2026-03-24,3,UPI,28041,16331.32,15,84123,12618.45,71504.55,Delivered
O2003025,S1019876,CUST102536,P10013,2026-05-06,2,Net Banking,21186,12092.0,25,42372,10593.0,31779.0,Delivered
O2003026,S1019877,CUST103568,P10185,2026-06-19,1,Credit Card,1404,1040.82,20,1404,280.8,1123.2,Delivered
O2003027,S1019902,CUST100250,P10242,2026-02-20,3,Wallet,1757,1230.79,0,5271,0.0,5271.0,Delivered
O2003028,S1019907,CUST103721,P10120,2026-03-27,1,Credit Card,6871,5090.3,25,6871,1717.75,5153.25,Delivered
O2003029,S1019912,CUST101766,P10192,2026-06-17,3,Credit Card,897,502.88,10,2691,269.1,2421.9,Delivered
O2003030,S1019933,CUST104856,P10036,2026-03-06,2,Credit Card,55094,40455.54,0,110188,0.0,110188.0,Delivered
O2003031,S1019938,CUST103704,P10109,2026-03-07,2,UPI,9721,6690.28,0,19442,0.0,19442.0,Cancelled
O2003032,S1019942,CUST101903,P10120,2026-05-24,3,Debit Card,6871,5090.3,0,20613,0.0,20613.0,Delivered
O2003033,S1019956,CUST103625,P10268,2026-06-13,1,Net Banking,4912,2724.22,15,4912,736.8,4175.2,Delivered
O2003034,S1019957,CUST101678,P10104,2026-02-18,2,COD,5812,4517.78,0,11624,0.0,11624.0,Delivered
O2003035,S1019958,CUST104106,P10278,2026-04-26,1,UPI,771,402.83,15,771,115.65,655.35,Delivered
O2003036,S1019960,CUST104455,P10047,2026-06-05,1,Debit Card,61871,39284.85,10,61871,6187.1,55683.9,Delivered
O2003037,S1019975,CUST104098,P10047,2026-03-18,2,Debit Card,61871,39284.85,0,123742,0.0,123742.0,Delivered
O2003038,S1019989,CUST103861,P10169,2026-04-16,1,Debit Card,3804,2836.87,25,3804,951.0,2853.0,Delivered
O2003039,S1019998,CUST102462,P10003,2026-04-16,2,COD,8439,5929.83,25,16878,4219.5,12658.5,Delivered
O2003040,S1019999,CUST101505,P10267,2026-05-16,1,UPI,60767,43188.99,0,60767,0.0,60767.0,Delivered
O2003041,S1020008,CUST100498,P10189,2026-06-29,1,Credit Card,9580,7439.6,30,9580,2874.0,6706.0,Delivered
O2003042,S1020022,CUST103720,P10219,2026-02-20,1,Debit Card,10171,5453.76,15,10171,1525.65,8645.35,Delivered
O2003043,S1020027,CUST101033,P10112,2026-04-07,2,UPI,35103,24960.42,30,70206,21061.8,49144.2,Delivered
O2003044,S1020028,CUST103845,P10201,2026-01-07,1,UPI,1168,898.71,20,1168,233.6,934.4,Delivered
O2003045,S1020030,CUST100340,P10141,2026-05-02,1,UPI,8126,5924.94,5,8126,406.3,7719.7,Delivered
O2003046,S1020039,CUST101835,P10191,2026-05-28,3,Credit Card,3889,2670.53,15,11667,1750.05,9916.95,Cancelled
O2003047,S1020042,CUST103456,P10033,2026-06-05,2,UPI,22331,13681.85,0,44662,0.0,44662.0,Cancelled
O2003048,S1020045,CUST101707,P10182,2026-02-14,1,COD,7588,5180.35,25,7588,1897.0,5691.0,Delivered
O2003049,S1020051,CUST104213,P10248,2026-06-22,1,Credit Card,7477,5791.69,10,7477,747.7,6729.3,Delivered
O2003050,S1020072,CUST100360,P10055,2026-01-09,1,Net Banking,1514,1082.05,0,1514,0.0,1514.0,Delivered
O2003051,S1020082,CUST102840,P10230,2026-02-25,3,Debit Card,4503,3004.28,20,13509,2701.8,10807.2,Delivered
O2003052,S1020088,CUST101974,P10225,2026-01-06,1,Net Banking,3616,2332.12,0,3616,0.0,3616.0,Delivered
O2003053,S1020094,CUST100087,P10183,2026-06-14,1,COD,1477,1130.4,25,1477,369.25,1107.75,Delivered
O2003054,S1020103,CUST104708,P10198,2026-02-19,1,UPI,32876,23438.24,10,32876,3287.6,29588.4,Delivered
O2003055,S1020105,CUST100135,P10200,2026-05-28,1,Debit Card,2965,2065.76,10,2965,296.5,2668.5,Delivered
O2003056,S1020107,CUST102246,P10060,2026-04-21,1,Credit Card,5247,2849.56,20,5247,1049.4,4197.6,Delivered
O2003057,S1020108,CUST103790,P10125,2026-06-12,1,UPI,810,501.25,0,810,0.0,810.0,Delivered
O2003058,S1020112,CUST100735,P10039,2026-05-23,2,Net Banking,5709,3603.27,30,11418,3425.4,7992.6,Delivered
O2003059,S1020113,CUST101134,P10202,2026-03-29,1,UPI,36183,20924.16,5,36183,1809.15,34373.85,Delivered
O2003060,S1020123,CUST102109,P10233,2026-03-31,1,UPI,1746,1303.96,10,1746,174.6,1571.4,Delivered
O2003061,S1020126,CUST103523,P10181,2026-02-08,2,UPI,3031,1585.49,0,6062,0.0,6062.0,Delivered
O2003062,S1020130,CUST104187,P10065,2026-04-24,1,Credit Card,3554,2097.11,15,3554,533.1,3020.9,Delivered
O2003063,S1020135,CUST103211,P10236,2026-06-22,3,Debit Card,854,611.4,15,2562,384.3,2177.7,Delivered
O2003064,S1020138,CUST103679,P10025,2026-01-13,1,Wallet,20042,11076.55,0,20042,0.0,20042.0,Delivered
O2003065,S1020142,CUST102566,P10274,2026-02-07,1,UPI,8692,5018.43,0,8692,0.0,8692.0,Delivered
O2003066,S1020145,CUST102620,P10154,2026-03-25,3,UPI,19267,15018.89,10,57801,5780.1,52020.9,Delivered
O2003067,S1020149,CUST103888,P10130,2026-02-17,3,UPI,776,487.13,30,2328,698.4,1629.6,Delivered
O2003068,S1020160,CUST104984,P10197,2026-05-12,1,Credit Card,9663,6464.22,5,9663,483.15,9179.85,Delivered
O2003069,S1020165,CUST104314,P10118,2026-01-03,1,Wallet,778,546.17,10,778,77.8,700.2,Delivered
O2003070,S1020174,CUST100225,P10106,2026-02-13,2,UPI,3396,2604.41,10,6792,679.2,6112.8,Delivered
O2003071,S1020189,CUST103932,P10077,2026-01-27,1,UPI,13761,7418.98,0,13761,0.0,13761.0,Cancelled
O2003072,S1020194,CUST100390,P10151,2026-04-16,1,UPI,3881,2822.56,0,3881,0.0,3881.0,Delivered
O2003073,S1020204,CUST102007,P10277,2026-02-06,2,COD,3998,2912.65,0,7996,0.0,7996.0,Delivered
O2003074,S1020208,CUST104757,P10035,2026-02-07,2,Debit Card,15880,9770.01,20,31760,6352.0,25408.0,Delivered
O2003075,S1020229,CUST102099,P10270,2026-03-21,3,Credit Card,996,636.03,5,2988,149.4,2838.6,Delivered
O2003076,S1020239,CUST102279,P10114,2026-02-07,1,UPI,3443,2348.43,10,3443,344.3,3098.7,Delivered
O2003077,S1020260,CUST101013,P10058,2026-05-12,1,COD,2769,1771.56,30,2769,830.7,1938.3,Delivered
O2003078,S1020270,CUST102348,P10221,2026-01-10,1,Credit Card,31726,18312.58,0,31726,0.0,31726.0,Delivered
O2003079,S1020272,CUST102654,P10098,2026-05-08,2,UPI,2458,1640.7,10,4916,491.6,4424.4,Delivered
O2003080,S1020273,CUST102975,P10276,2026-01-04,1,UPI,13124,7781.19,5,13124,656.2,12467.8,Delivered
O2003081,S1020282,CUST101045,P10044,2026-03-26,1,COD,49345,36903.93,20,49345,9869.0,39476.0,Delivered
O2003082,S1020297,CUST104932,P10151,2026-05-05,1,UPI,3881,2822.56,30,3881,1164.3,2716.7,Delivered
O2003083,S1020298,CUST102908,P10038,2026-03-21,1,UPI,3461,2654.94,30,3461,1038.3,2422.7,Cancelled
O2003084,S1020303,CUST101115,P10269,2026-04-16,1,UPI,940,703.74,10,940,94.0,846.0,Delivered
O2003085,S1020307,CUST103965,P10071,2026-01-22,2,COD,66043,44363.13,15,132086,19812.9,112273.1,Cancelled
O2003086,S1020308,CUST103115,P10003,2026-03-25,2,UPI,8439,5929.83,15,16878,2531.7,14346.3,Delivered
O2003087,S1020310,CUST104854,P10145,2026-06-18,2,UPI,872,606.55,10,1744,174.4,1569.6,Delivered
O2003088,S1020320,CUST103582,P10214,2026-04-21,1,COD,29722,18648.85,5,29722,1486.1,28235.9,Delivered
O2003089,S1020326,CUST102536,P10024,2026-04-15,3,Net Banking,2013,1231.69,10,6039,603.9,5435.1,Delivered
O2003090,S1020329,CUST103320,P10099,2026-05-11,1,Net Banking,12825,8888.83,0,12825,0.0,12825.0,Delivered
O2003091,S1020330,CUST103041,P10296,2026-04-10,1,UPI,3213,1902.94,20,3213,642.6,2570.4,Delivered
O2003092,S1020331,CUST104904,P10157,2026-02-08,1,UPI,25547,19576.56,25,25547,6386.75,19160.25,Delivered
O2003093,S1020332,CUST104644,P10008,2026-03-11,2,UPI,1464,905.9,5,2928,146.4,2781.6,Delivered
O2003094,S1020334,CUST102995,P10255,2026-03-10,1,Net Banking,9514,5100.94,5,9514,475.7,9038.3,Delivered
O2003095,S1020348,CUST102627,P10054,2026-05-13,1,UPI,231,167.07,10,231,23.1,207.9,Delivered
O2003096,S1020349,CUST104933,P10201,2026-05-11,1,COD,1168,898.71,10,1168,116.8,1051.2,Delivered
O2003097,S1020361,CUST103805,P10002,2026-03-11,1,Credit Card,2459,1911.52,15,2459,368.85,2090.15,Delivered
O2003098,S1020374,CUST100887,P10259,2026-04-20,1,UPI,23155,17448.81,15,23155,3473.25,19681.75,Delivered
O2003099,S1020400,CUST100436,P10123,2026-04-17,2,COD,13321,7090.49,30,26642,7992.6,18649.4,Delivered
O2003100,S1020409,CUST104832,P10026,2026-03-07,2,COD,16626,9676.0,15,33252,4987.8,28264.2,Delivered
O2003101,S1020410,CUST104969,P10125,2026-01-11,2,UPI,810,501.25,10,1620,162.0,1458.0,Delivered
O2003102,S1020422,CUST101521,P10033,2026-03-17,3,Debit Card,22331,13681.85,10,66993,6699.3,60293.7,Delivered
O2003103,S1020424,CUST103864,P10289,2026-03-27,2,COD,13420,8244.67,0,26840,0.0,26840.0,Delivered
O2003104,S1020448,CUST101543,P10240,2026-04-11,2,UPI,12093,7882.85,0,24186,0.0,24186.0,Delivered
O2003105,S1020451,CUST103140,P10222,2026-01-12,1,UPI,5863,3845.53,15,5863,879.45,4983.55,Delivered
O2003106,S1020454,CUST101132,P10078,2026-01-06,2,UPI,2463,1414.05,20,4926,985.2,3940.8,Delivered
O2003107,S1020463,CUST104184,P10258,2026-06-18,3,UPI,5885,4538.6,15,17655,2648.25,15006.75,Delivered
O2003108,S1020466,CUST103202,P10202,2026-06-23,1,UPI,36183,20924.16,30,36183,10854.9,25328.1,Delivered
O2003109,S1020477,CUST100914,P10219,2026-05-07,3,UPI,10171,5453.76,15,30513,4576.95,25936.05,Delivered
O2003110,S1020482,CUST102093,P10183,2026-06-10,3,Wallet,1477,1130.4,15,4431,664.65,3766.35,Delivered
O2003111,S1020483,CUST101201,P10118,2026-02-14,2,UPI,778,546.17,0,1556,0.0,1556.0,Delivered
O2003112,S1020485,CUST100122,P10216,2026-03-05,1,COD,26876,16855.26,15,26876,4031.4,22844.6,Delivered
O2003113,S1020487,CUST100960,P10101,2026-05-27,1,Credit Card,12746,6696.14,15,12746,1911.9,10834.1,Delivered
O2003114,S1020493,CUST100856,P10018,2026-05-05,3,Credit Card,9581,5047.77,10,28743,2874.3,25868.7,Delivered
O2003115,S1020496,CUST102005,P10287,2026-04-13,1,Wallet,409,292.05,10,409,40.9,368.1,Delivered
O2003116,S1020497,CUST103953,P10298,2026-01-11,2,Debit Card,28854,21164.5,0,57708,0.0,57708.0,Delivered
O2003117,S1020503,CUST103332,P10206,2026-02-14,2,UPI,5268,3248.49,10,10536,1053.6,9482.4,Delivered
O2003118,S1020509,CUST102061,P10042,2026-06-24,1,Credit Card,8220,6349.45,30,8220,2466.0,5754.0,Cancelled
O2003119,S1020513,CUST101238,P10127,2026-01-14,1,UPI,8539,5168.04,5,8539,426.95,8112.05,Delivered
O2003120,S1020514,CUST100113,P10002,2026-01-06,1,Credit Card,2459,1911.52,20,2459,491.8,1967.2,Delivered
O2003121,S1020529,CUST101142,P10129,2026-03-25,2,COD,479,371.85,0,958,0.0,958.0,Delivered
O2003122,S1020539,CUST103912,P10079,2026-04-16,1,Credit Card,61135,43823.72,5,61135,3056.75,58078.25,Delivered
O2003123,S1020546,CUST101237,P10110,2026-04-06,2,Credit Card,23464,16729.04,10,46928,4692.8,42235.2,Delivered
O2003124,S1020560,CUST102667,P10051,2026-03-19,1,Net Banking,201,105.03,30,201,60.3,140.7,Cancelled
O2003125,S1020564,CUST102261,P10179,2026-05-01,2,Credit Card,38788,21658.7,15,77576,11636.4,65939.6,Delivered
O2003126,S1020584,CUST104120,P10124,2026-05-25,1,Credit Card,3200,2461.55,0,3200,0.0,3200.0,Cancelled
O2003127,S1020592,CUST101055,P10145,2026-04-27,3,Credit Card,872,606.55,30,2616,784.8,1831.2,Delivered
O2003128,S1020594,CUST100610,P10029,2026-02-14,2,UPI,33318,25283.28,25,66636,16659.0,49977.0,Delivered
O2003129,S1020598,CUST102484,P10189,2026-03-09,1,Debit Card,9580,7439.6,0,9580,0.0,9580.0,Delivered
O2003130,S1020601,CUST100109,P10152,2026-04-30,3,UPI,5488,3309.39,10,16464,1646.4,14817.6,Delivered
O2003131,S1020605,CUST101668,P10105,2026-01-18,2,UPI,9875,6870.26,10,19750,1975.0,17775.0,Delivered
O2003132,S1020619,CUST103626,P10209,2026-04-14,2,UPI,5849,4391.18,15,11698,1754.7,9943.3,Delivered
O2003133,S1020622,CUST100283,P10077,2026-03-07,1,Debit Card,13761,7418.98,15,13761,2064.15,11696.85,Delivered
O2003134,S1020629,CUST102854,P10258,2026-02-20,2,Credit Card,5885,4538.6,25,11770,2942.5,8827.5,Delivered
O2003135,S1020648,CUST103162,P10211,2026-03-08,3,UPI,3579,2686.65,10,10737,1073.7,9663.3,Delivered
O2003136,S1020649,CUST102577,P10116,2026-06-10,2,UPI,7704,5390.51,15,15408,2311.2,13096.8,Delivered
O2003137,S1020651,CUST102072,P10072,2026-02-11,1,Debit Card,30444,20638.98,10,30444,3044.4,27399.6,Delivered
O2003138,S1020671,CUST104918,P10069,2026-03-08,1,Net Banking,15591,10193.15,25,15591,3897.75,11693.25,Delivered
O2003139,S1020674,CUST102934,P10180,2026-03-21,1,UPI,5318,3704.39,10,5318,531.8,4786.2,Delivered
O2003140,S1020682,CUST103583,P10134,2026-05-19,2,Net Banking,1548,1032.95,10,3096,309.6,2786.4,Delivered
O2003141,S1020684,CUST100730,P10153,2026-05-11,1,COD,1705,1045.99,30,1705,511.5,1193.5,Delivered
O2003142,S1020716,CUST104313,P10110,2026-06-06,1,UPI,23464,16729.04,10,23464,2346.4,21117.6,Delivered
O2003143,S1020731,CUST103874,P10150,2026-04-02,2,UPI,251,139.85,10,502,50.2,451.8,Delivered
O2003144,S1020732,CUST104615,P10092,2026-04-29,1,Wallet,64365,33832.13,20,64365,12873.0,51492.0,Delivered
O2003145,S1020733,CUST101029,P10201,2026-04-11,3,COD,1168,898.71,30,3504,1051.2,2452.8,Delivered
O2003146,S1020734,CUST101045,P10297,2026-06-20,2,Credit Card,26848,19890.05,15,53696,8054.4,45641.6,Delivered
O2003147,S1020748,CUST104995,P10019,2026-05-03,2,COD,1375,924.9,10,2750,275.0,2475.0,Delivered
O2003148,S1020750,CUST101415,P10098,2026-04-13,1,UPI,2458,1640.7,0,2458,0.0,2458.0,Delivered
O2003149,S1020754,CUST103583,P10174,2026-04-08,2,COD,3339,2259.98,10,6678,667.8,6010.2,Delivered
O2003150,S1020756,CUST101766,P10015,2026-03-21,1,Credit Card,11273,6404.53,10,11273,1127.3,10145.7,Delivered
O2003151,S1020766,CUST102858,P10094,2026-02-06,2,Debit Card,3800,2327.35,10,7600,760.0,6840.0,Delivered
O2003152,S1020774,CUST102508,P10232,2026-03-25,2,Wallet,769,438.83,10,1538,153.8,1384.2,Cancelled
O2003153,S1020775,CUST102201,P10025,2026-05-04,1,UPI,20042,11076.55,15,20042,3006.3,17035.7,Delivered
O2003154,S1020786,CUST102643,P10064,2026-06-23,1,Credit Card,7246,5088.4,10,7246,724.6,6521.4,Delivered
O2003155,S1020800,CUST104888,P10035,2026-02-12,2,UPI,15880,9770.01,15,31760,4764.0,26996.0,Delivered
O2003156,S1020810,CUST103658,P10234,2026-06-18,2,Credit Card,36971,27562.66,20,73942,14788.4,59153.6,Delivered
O2003157,S1020839,CUST104015,P10014,2026-01-06,1,UPI,1140,671.82,20,1140,228.0,912.0,Delivered
O2003158,S1020843,CUST102551,P10229,2026-05-22,3,Debit Card,893,631.69,0,2679,0.0,2679.0,Delivered
O2003159,S1020848,CUST103535,P10003,2026-05-22,1,Credit Card,8439,5929.83,0,8439,0.0,8439.0,Delivered
O2003160,S1020851,CUST101897,P10245,2026-05-14,2,Credit Card,5485,3753.06,10,10970,1097.0,9873.0,Delivered
O2003161,S1020878,CUST102414,P10228,2026-03-01,2,Credit Card,5785,4065.12,10,11570,1157.0,10413.0,Delivered
O2003162,S1020883,CUST101643,P10177,2026-04-18,1,Credit Card,7179,4294.95,0,7179,0.0,7179.0,Delivered
O2003163,S1020886,CUST101543,P10123,2026-02-06,2,UPI,13321,7090.49,10,26642,2664.2,23977.8,Delivered
O2003164,S1020887,CUST102900,P10116,2026-06-27,1,Debit Card,7704,5390.51,20,7704,1540.8,6163.2,Delivered
O2003165,S1020907,CUST103437,P10080,2026-01-16,1,UPI,21455,12114.76,5,21455,1072.75,20382.25,Delivered
O2003166,S1020923,CUST102935,P10245,2026-03-02,1,Net Banking,5485,3753.06,10,5485,548.5,4936.5,Delivered
O2003167,S1020924,CUST104372,P10248,2026-06-10,2,COD,7477,5791.69,15,14954,2243.1,12710.9,Cancelled
O2003168,S1020935,CUST100330,P10249,2026-03-02,1,Credit Card,8991,5130.06,0,8991,0.0,8991.0,Delivered
O2003169,S1020939,CUST102524,P10081,2026-02-17,1,UPI,4763,2816.9,0,4763,0.0,4763.0,Delivered
O2003170,S1020941,CUST104223,P10093,2026-04-14,2,COD,3481,1818.59,15,6962,1044.3,5917.7,Delivered
O2003171,S1020947,CUST102397,P10149,2026-03-17,2,UPI,9529,5928.93,20,19058,3811.6,15246.4,Delivered
O2003172,S1020951,CUST100257,P10143,2026-02-26,1,Debit Card,11876,8893.28,15,11876,1781.4,10094.6,Delivered
O2003173,S1020952,CUST104918,P10268,2026-01-15,2,Net Banking,4912,2724.22,0,9824,0.0,9824.0,Delivered
O2003174,S1020956,CUST100694,P10042,2026-03-03,1,COD,8220,6349.45,0,8220,0.0,8220.0,Delivered
O2003175,S1020967,CUST100398,P10262,2026-04-23,3,COD,2779,1969.59,5,8337,416.85,7920.15,Delivered
O2003176,S1020968,CUST100222,P10141,2026-05-24,2,UPI,8126,5924.94,15,16252,2437.8,13814.2,Delivered
O2003177,S1020971,CUST104061,P10263,2026-04-17,1,Wallet,56908,38354.98,25,56908,14227.0,42681.0,Cancelled
O2003178,S1020975,CUST100775,P10263,2026-06-07,1,Credit Card,56908,38354.98,5,56908,2845.4,54062.6,Delivered
O2003179,S1020976,CUST100340,P10039,2026-05-11,1,Net Banking,5709,3603.27,0,5709,0.0,5709.0,Delivered
O2003180,S1020979,CUST100288,P10123,2026-04-09,2,Net Banking,13321,7090.49,10,26642,2664.2,23977.8,Delivered
O2003181,S1020980,CUST100893,P10283,2026-05-12,1,UPI,33348,23060.2,0,33348,0.0,33348.0,Delivered
O2003182,S1020988,CUST104081,P10152,2026-05-04,1,Credit Card,5488,3309.39,20,5488,1097.6,4390.4,Delivered
O2003183,S1020989,CUST103329,P10224,2026-03-11,1,UPI,1817,1295.8,0,1817,0.0,1817.0,Delivered
O2003184,S1020990,CUST102552,P10173,2026-03-13,2,UPI,5988,3980.65,10,11976,1197.6,10778.4,Delivered
O2003185,S1020994,CUST100732,P10053,2026-02-20,2,UPI,6492,4790.14,5,12984,649.2,12334.8,Delivered
O2003186,S1021000,CUST101358,P10045,2026-03-13,1,Debit Card,10136,7547.37,0,10136,0.0,10136.0,Delivered
O2003187,S1021011,CUST103084,P10175,2026-03-28,1,COD,2611,1496.48,15,2611,391.65,2219.35,Delivered
O2003188,S1021015,CUST103980,P10189,2026-02-14,3,Debit Card,9580,7439.6,20,28740,5748.0,22992.0,Delivered
O2003189,S1021025,CUST102315,P10262,2026-05-27,1,UPI,2779,1969.59,30,2779,833.7,1945.3,Delivered
O2003190,S1021040,CUST104712,P10029,2026-04-02,3,UPI,33318,25283.28,30,99954,29986.2,69967.8,Delivered
O2003191,S1021047,CUST101940,P10027,2026-02-16,2,Credit Card,7408,4535.44,25,14816,3704.0,11112.0,Delivered
O2003192,S1021048,CUST101246,P10083,2026-04-28,1,UPI,8198,4446.32,15,8198,1229.7,6968.3,Cancelled
O2003193,S1021052,CUST100116,P10096,2026-05-28,1,UPI,22742,15269.86,25,22742,5685.5,17056.5,Delivered
O2003194,S1021055,CUST100297,P10121,2026-04-10,1,UPI,3072,2175.95,0,3072,0.0,3072.0,Delivered
O2003195,S1021057,CUST102606,P10231,2026-04-10,1,Debit Card,2132,1580.47,30,2132,639.6,1492.4,Delivered
O2003196,S1021062,CUST101528,P10245,2026-02-16,1,Credit Card,5485,3753.06,0,5485,0.0,5485.0,Delivered
O2003197,S1021085,CUST104593,P10283,2026-01-23,3,UPI,33348,23060.2,10,100044,10004.4,90039.6,Delivered
O2003198,S1021087,CUST103604,P10061,2026-02-11,2,COD,6549,4234.25,15,13098,1964.7,11133.3,Delivered
O2003199,S1021094,CUST101761,P10010,2026-06-15,1,UPI,5346,3925.5,10,5346,534.6,4811.4,Delivered
O2003200,S1021114,CUST104216,P10131,2026-05-14,1,COD,17602,13555.92,15,17602,2640.3,14961.7,Delivered
O2003201,S1021119,CUST101157,P10249,2026-01-29,1,Credit Card,8991,5130.06,0,8991,0.0,8991.0,Delivered
O2003202,S1021127,CUST104456,P10135,2026-01-03,3,Net Banking,49087,26034.8,20,147261,29452.2,117808.8,Cancelled
O2003203,S1021128,CUST100068,P10101,2026-05-17,2,UPI,12746,6696.14,15,25492,3823.8,21668.2,Delivered
O2003204,S1021133,CUST100261,P10028,2026-04-21,3,COD,5932,3311.67,0,17796,0.0,17796.0,Delivered
O2003205,S1021159,CUST101923,P10091,2026-05-26,3,UPI,8871,6703.6,0,26613,0.0,26613.0,Delivered
O2003206,S1021163,CUST100190,P10080,2026-06-03,2,Debit Card,21455,12114.76,5,42910,2145.5,40764.5,Cancelled
O2003207,S1021166,CUST102103,P10273,2026-02-27,1,COD,48027,33244.33,5,48027,2401.35,45625.65,Delivered
O2003208,S1021173,CUST104394,P10258,2026-01-24,2,UPI,5885,4538.6,5,11770,588.5,11181.5,Delivered
O2003209,S1021174,CUST101221,P10279,2026-02-14,2,Net Banking,2276,1649.23,0,4552,0.0,4552.0,Delivered
O2003210,S1021177,CUST101400,P10194,2026-01-12,1,UPI,9552,5893.76,0,9552,0.0,9552.0,Delivered
O2003211,S1021179,CUST102164,P10202,2026-03-23,1,Net Banking,36183,20924.16,15,36183,5427.45,30755.55,Delivered
O2003212,S1021180,CUST102710,P10107,2026-05-07,1,COD,6047,3588.8,10,6047,604.7,5442.3,Delivered
O2003213,S1021182,CUST100553,P10221,2026-01-23,3,UPI,31726,18312.58,0,95178,0.0,95178.0,Delivered
O2003214,S1021184,CUST102087,P10120,2026-04-14,1,COD,6871,5090.3,15,6871,1030.65,5840.35,Delivered
O2003215,S1021190,CUST100955,P10161,2026-02-08,2,UPI,642,377.78,20,1284,256.8,1027.2,Delivered
O2003216,S1021192,CUST103789,P10088,2026-01-16,2,UPI,28130,21646.92,20,56260,11252.0,45008.0,Delivered
O2003217,S1021199,CUST103474,P10250,2026-04-24,2,Debit Card,3881,2347.37,5,7762,388.1,7373.9,Delivered
O2003218,S1021201,CUST103132,P10117,2026-06-27,1,COD,6826,4686.53,0,6826,0.0,6826.0,Delivered
O2003219,S1021207,CUST102922,P10186,2026-01-19,2,UPI,47740,30071.34,0,95480,0.0,95480.0,Delivered
O2003220,S1021209,CUST103828,P10213,2026-01-07,1,UPI,9621,5332.56,10,9621,962.1,8658.9,Delivered
O2003221,S1021214,CUST102050,P10108,2026-04-07,2,COD,4124,2828.95,10,8248,824.8,7423.2,Delivered
O2003222,S1021219,CUST103825,P10084,2026-03-05,2,COD,5330,2842.99,10,10660,1066.0,9594.0,Cancelled
O2003223,S1021221,CUST103180,P10019,2026-06-02,1,UPI,1375,924.9,10,1375,137.5,1237.5,Delivered
O2003224,S1021230,CUST104657,P10276,2026-01-21,1,Net Banking,13124,7781.19,30,13124,3937.2,9186.8,Cancelled
O2003225,S1021242,CUST103684,P10150,2026-05-26,1,COD,251,139.85,20,251,50.2,200.8,Delivered
O2003226,S1021247,CUST102877,P10244,2026-01-17,2,Debit Card,22780,13006.79,10,45560,4556.0,41004.0,Delivered
O2003227,S1021250,CUST104830,P10161,2026-05-18,3,UPI,642,377.78,10,1926,192.6,1733.4,Delivered
O2003228,S1021263,CUST103117,P10275,2026-01-10,2,UPI,23193,17875.58,5,46386,2319.3,44066.7,Delivered
O2003229,S1021281,CUST103625,P10207,2026-02-12,2,Debit Card,176,95.69,25,352,88.0,264.0,Cancelled
O2003230,S1021304,CUST100006,P10256,2026-03-26,3,Wallet,3768,2771.04,10,11304,1130.4,10173.6,Delivered
O2003231,S1021306,CUST101642,P10182,2026-04-02,3,Credit Card,7588,5180.35,0,22764,0.0,22764.0,Delivered
O2003232,S1021308,CUST104881,P10247,2026-03-14,3,Debit Card,5626,3385.81,30,16878,5063.4,11814.6,Delivered
O2003233,S1021312,CUST100161,P10202,2026-01-29,1,Credit Card,36183,20924.16,20,36183,7236.6,28946.4,Delivered
O2003234,S1021343,CUST101621,P10279,2026-03-08,1,Credit Card,2276,1649.23,10,2276,227.6,2048.4,Cancelled
O2003235,S1021352,CUST102842,P10188,2026-02-10,1,COD,1125,605.0,25,1125,281.25,843.75,Delivered
O2003236,S1021357,CUST102533,P10018,2026-02-17,1,UPI,9581,5047.77,0,9581,0.0,9581.0,Delivered
O2003237,S1021370,CUST101558,P10104,2026-05-21,1,Credit Card,5812,4517.78,0,5812,0.0,5812.0,Delivered
O2003238,S1021374,CUST102923,P10275,2026-06-14,1,Debit Card,23193,17875.58,15,23193,3478.95,19714.05,Delivered
O2003239,S1021377,CUST104428,P10260,2026-03-21,1,COD,3589,2211.57,15,3589,538.35,3050.65,Delivered
O2003240,S1021381,CUST102717,P10218,2026-06-12,1,Net Banking,46613,31735.95,0,46613,0.0,46613.0,Delivered
O2003241,S1021384,CUST103043,P10161,2026-06-01,1,COD,642,377.78,10,642,64.2,577.8,Delivered
O2003242,S1021386,CUST101361,P10020,2026-02-28,2,COD,24782,15381.22,10,49564,4956.4,44607.6,Delivered
O2003243,S1021391,CUST102611,P10281,2026-02-14,2,UPI,3253,2264.87,0,6506,0.0,6506.0,Delivered
O2003244,S1021397,CUST100462,P10101,2026-03-25,1,Net Banking,12746,6696.14,5,12746,637.3,12108.7,Delivered
O2003245,S1021402,CUST104206,P10112,2026-03-20,1,Debit Card,35103,24960.42,0,35103,0.0,35103.0,Cancelled
O2003246,S1021407,CUST100185,P10212,2026-06-01,1,Debit Card,5453,4048.83,5,5453,272.65,5180.35,Delivered
O2003247,S1021410,CUST104495,P10120,2026-01-08,2,UPI,6871,5090.3,5,13742,687.1,13054.9,Delivered
O2003248,S1021414,CUST103094,P10274,2026-02-03,2,COD,8692,5018.43,15,17384,2607.6,14776.4,Delivered
O2003249,S1021420,CUST103122,P10239,2026-06-02,2,COD,1018,609.01,20,2036,407.2,1628.8,Delivered
O2003250,S1021426,CUST103400,P10200,2026-06-21,1,Credit Card,2965,2065.76,20,2965,593.0,2372.0,Delivered
O2003251,S1021432,CUST104881,P10022,2026-06-13,2,Net Banking,63437,46017.35,20,126874,25374.8,101499.2,Delivered
O2003252,S1021441,CUST101447,P10157,2026-01-05,1,UPI,25547,19576.56,5,25547,1277.35,24269.65,Delivered
O2003253,S1021445,CUST102278,P10024,2026-03-20,3,UPI,2013,1231.69,0,6039,0.0,6039.0,Delivered
O2003254,S1021448,CUST100779,P10211,2026-03-23,1,UPI,3579,2686.65,5,3579,178.95,3400.05,Delivered
O2003255,S1021467,CUST104226,P10082,2026-03-12,1,Debit Card,47700,33642.14,20,47700,9540.0,38160.0,Delivered
O2003256,S1021483,CUST104401,P10010,2026-01-20,1,Debit Card,5346,3925.5,25,5346,1336.5,4009.5,Delivered
O2003257,S1021487,CUST101464,P10083,2026-01-19,1,UPI,8198,4446.32,25,8198,2049.5,6148.5,Delivered
O2003258,S1021494,CUST104467,P10133,2026-04-03,1,Wallet,8047,4254.17,25,8047,2011.75,6035.25,Delivered
O2003259,S1021497,CUST103633,P10142,2026-06-18,3,Credit Card,68955,39692.83,0,206865,0.0,206865.0,Cancelled
O2003260,S1021498,CUST104778,P10104,2026-03-23,3,Credit Card,5812,4517.78,10,17436,1743.6,15692.4,Delivered
O2003261,S1021507,CUST103240,P10084,2026-02-04,1,UPI,5330,2842.99,20,5330,1066.0,4264.0,Delivered
O2003262,S1021513,CUST104869,P10212,2026-06-06,1,UPI,5453,4048.83,5,5453,272.65,5180.35,Delivered
O2003263,S1021521,CUST102521,P10138,2026-06-06,1,COD,56677,40618.95,0,56677,0.0,56677.0,Delivered
O2003264,S1021523,CUST103675,P10254,2026-02-02,2,Credit Card,3521,2178.11,10,7042,704.2,6337.8,Delivered
O2003265,S1021525,CUST102845,P10207,2026-01-01,1,Wallet,176,95.69,15,176,26.4,149.6,Delivered
O2003266,S1021529,CUST102723,P10296,2026-03-21,1,Debit Card,3213,1902.94,15,3213,481.95,2731.05,Delivered
O2003267,S1021546,CUST101665,P10046,2026-02-06,3,Net Banking,6966,5023.33,5,20898,1044.9,19853.1,Cancelled
O2003268,S1021559,CUST100476,P10021,2026-05-22,1,COD,1105,826.21,20,1105,221.0,884.0,Delivered
O2003269,S1021566,CUST100657,P10271,2026-01-31,1,Credit Card,7548,5673.16,5,7548,377.4,7170.6,Delivered
O2003270,S1021570,CUST104427,P10014,2026-05-19,3,UPI,1140,671.82,5,3420,171.0,3249.0,Delivered
O2003271,S1021574,CUST102488,P10063,2026-01-14,2,Debit Card,19918,12590.22,5,39836,1991.8,37844.2,Delivered
O2003272,S1021599,CUST104178,P10274,2026-04-07,1,COD,8692,5018.43,10,8692,869.2,7822.8,Delivered
O2003273,S1021614,CUST101656,P10290,2026-03-02,2,Net Banking,2169,1222.51,0,4338,0.0,4338.0,Delivered
O2003274,S1021615,CUST103547,P10073,2026-04-02,2,COD,6709,5226.32,20,13418,2683.6,10734.4,Delivered
O2003275,S1021617,CUST101351,P10185,2026-04-29,1,UPI,1404,1040.82,5,1404,70.2,1333.8,Delivered
O2003276,S1021622,CUST104134,P10155,2026-03-26,1,Debit Card,16320,8969.89,10,16320,1632.0,14688.0,Delivered
O2003277,S1021624,CUST101107,P10097,2026-03-07,1,UPI,9087,4849.76,0,9087,0.0,9087.0,Delivered
O2003278,S1021626,CUST100630,P10047,2026-05-06,2,COD,61871,39284.85,15,123742,18561.3,105180.7,Delivered
O2003279,S1021632,CUST104680,P10252,2026-02-27,1,Credit Card,12430,8332.71,10,12430,1243.0,11187.0,Delivered
O2003280,S1021638,CUST103518,P10144,2026-01-24,1,UPI,1810,1018.16,0,1810,0.0,1810.0,Delivered
O2003281,S1021639,CUST102135,P10073,2026-03-22,1,UPI,6709,5226.32,25,6709,1677.25,5031.75,Delivered
O2003282,S1021644,CUST102331,P10143,2026-02-12,2,UPI,11876,8893.28,0,23752,0.0,23752.0,Delivered
O2003283,S1021671,CUST102674,P10190,2026-04-27,1,Net Banking,36819,20149.38,20,36819,7363.8,29455.2,Delivered
O2003284,S1021676,CUST103103,P10297,2026-01-17,1,Net Banking,26848,19890.05,20,26848,5369.6,21478.4,Delivered
O2003285,S1021692,CUST101281,P10231,2026-01-14,2,Net Banking,2132,1580.47,10,4264,426.4,3837.6,Delivered
O2003286,S1021700,CUST102033,P10144,2026-04-08,1,UPI,1810,1018.16,5,1810,90.5,1719.5,Delivered
O2003287,S1021710,CUST104459,P10261,2026-05-07,2,Net Banking,10937,8376.17,0,21874,0.0,21874.0,Delivered
O2003288,S1021723,CUST102316,P10030,2026-05-30,3,Debit Card,9973,7238.98,25,29919,7479.75,22439.25,Delivered
O2003289,S1021725,CUST102616,P10061,2026-01-05,2,Credit Card,6549,4234.25,20,13098,2619.6,10478.4,Delivered
O2003290,S1021730,CUST103240,P10296,2026-06-09,1,Wallet,3213,1902.94,15,3213,481.95,2731.05,Cancelled
O2003291,S1021731,CUST100875,P10138,2026-03-27,3,Debit Card,56677,40618.95,15,170031,25504.65,144526.35,Delivered
O2003292,S1021733,CUST101179,P10015,2026-06-23,1,UPI,11273,6404.53,0,11273,0.0,11273.0,Delivered
O2003293,S1021740,CUST104079,P10026,2026-05-30,2,COD,16626,9676.0,0,33252,0.0,33252.0,Delivered
O2003294,S1021746,CUST103012,P10272,2026-03-26,1,UPI,2807,1874.84,25,2807,701.75,2105.25,Delivered
O2003295,S1021757,CUST102191,P10101,2026-02-01,1,Wallet,12746,6696.14,10,12746,1274.6,11471.4,Delivered
O2003296,S1021758,CUST102242,P10015,2026-04-06,3,UPI,11273,6404.53,0,33819,0.0,33819.0,Delivered
O2003297,S1021761,CUST101303,P10060,2026-01-16,3,Credit Card,5247,2849.56,10,15741,1574.1,14166.9,Delivered
O2003298,S1021767,CUST101345,P10058,2026-02-09,1,UPI,2769,1771.56,15,2769,415.35,2353.65,Delivered
O2003299,S1021769,CUST102416,P10009,2026-01-11,2,UPI,3303,1915.96,0,6606,0.0,6606.0,Delivered
O2003300,S1021786,CUST103351,P10101,2026-03-05,1,UPI,12746,6696.14,20,12746,2549.2,10196.8,Delivered
O2003301,S1021798,CUST100103,P10078,2026-02-19,2,UPI,2463,1414.05,15,4926,738.9,4187.1,Delivered
O2003302,S1021799,CUST100729,P10184,2026-06-23,1,COD,45438,26626.58,25,45438,11359.5,34078.5,Delivered
O2003303,S1021808,CUST100594,P10005,2026-03-10,2,UPI,8334,4443.06,5,16668,833.4,15834.6,Delivered
O2003304,S1021810,CUST100563,P10046,2026-03-02,1,UPI,6966,5023.33,25,6966,1741.5,5224.5,Delivered
O2003305,S1021811,CUST101700,P10291,2026-04-12,2,COD,5219,3450.45,10,10438,1043.8,9394.2,Delivered
O2003306,S1021817,CUST104101,P10101,2026-05-15,1,Credit Card,12746,6696.14,15,12746,1911.9,10834.1,Delivered
O2003307,S1021818,CUST102283,P10163,2026-03-20,2,UPI,993,694.32,5,1986,99.3,1886.7,Delivered
O2003308,S1021820,CUST102323,P10004,2026-06-04,2,Credit Card,4027,3077.25,5,8054,402.7,7651.3,Delivered
O2003309,S1021826,CUST101731,P10017,2026-02-17,3,Credit Card,5562,2936.56,0,16686,0.0,16686.0,Delivered
O2003310,S1021832,CUST103979,P10196,2026-03-25,2,Net Banking,659,488.2,10,1318,131.8,1186.2,Delivered
O2003311,S1021842,CUST103814,P10278,2026-03-25,1,UPI,771,402.83,25,771,192.75,578.25,Delivered
O2003312,S1021844,CUST102259,P10243,2026-01-26,3,UPI,3426,2508.92,10,10278,1027.8,9250.2,Delivered
O2003313,S1021853,CUST102089,P10004,2026-06-21,2,UPI,4027,3077.25,30,8054,2416.2,5637.8,Delivered
O2003314,S1021857,CUST102565,P10054,2026-06-13,2,Debit Card,231,167.07,25,462,115.5,346.5,Delivered
O2003315,S1021862,CUST103094,P10210,2026-06-18,1,COD,12116,8357.65,15,12116,1817.4,10298.6,Delivered
O2003316,S1021871,CUST101060,P10148,2026-06-06,1,Debit Card,11870,6486.2,15,11870,1780.5,10089.5,Delivered
O2003317,S1021876,CUST101442,P10094,2026-03-21,1,COD,3800,2327.35,25,3800,950.0,2850.0,Delivered
O2003318,S1021885,CUST100767,P10210,2026-05-04,1,Net Banking,12116,8357.65,15,12116,1817.4,10298.6,Delivered
O2003319,S1021886,CUST100433,P10105,2026-05-10,1,Debit Card,9875,6870.26,10,9875,987.5,8887.5,Delivered
O2003320,S1021891,CUST101613,P10130,2026-05-22,1,UPI,776,487.13,15,776,116.4,659.6,Delivered
O2003321,S1021901,CUST101717,P10231,2026-02-03,1,UPI,2132,1580.47,0,2132,0.0,2132.0,Delivered
O2003322,S1021906,CUST102130,P10158,2026-01-21,2,Credit Card,2992,1787.19,10,5984,598.4,5385.6,Delivered
O2003323,S1021907,CUST104729,P10101,2026-05-03,1,COD,12746,6696.14,20,12746,2549.2,10196.8,Delivered
O2003324,S1021908,CUST102461,P10163,2026-04-09,2,Debit Card,993,694.32,20,1986,397.2,1588.8,Delivered
O2003325,S1021912,CUST104713,P10251,2026-06-23,1,Debit Card,22462,11904.7,10,22462,2246.2,20215.8,Delivered
O2003326,S1021920,CUST100172,P10286,2026-01-08,2,Wallet,4249,3140.86,10,8498,849.8,7648.2,Delivered
O2003327,S1021921,CUST101470,P10020,2026-05-17,1,UPI,24782,15381.22,15,24782,3717.3,21064.7,Delivered
O2003328,S1021923,CUST104667,P10205,2026-02-06,2,UPI,2967,1938.06,15,5934,890.1,5043.9,Delivered
O2003329,S1021924,CUST104901,P10206,2026-04-25,1,Credit Card,5268,3248.49,10,5268,526.8,4741.2,Delivered
O2003330,S1021926,CUST103745,P10236,2026-04-26,1,UPI,854,611.4,10,854,85.4,768.6,Delivered
O2003331,S1021940,CUST103054,P10235,2026-04-23,1,UPI,68950,50389.39,5,68950,3447.5,65502.5,Delivered
O2003332,S1021942,CUST102681,P10017,2026-04-06,1,COD,5562,2936.56,20,5562,1112.4,4449.6,Delivered
O2003333,S1021943,CUST103604,P10109,2026-06-15,1,UPI,9721,6690.28,15,9721,1458.15,8262.85,Delivered
O2003334,S1021947,CUST100027,P10176,2026-02-11,3,Credit Card,6980,4532.13,30,20940,6282.0,14658.0,Cancelled
O2003335,S1021950,CUST104688,P10126,2026-02-21,1,COD,2344,1625.06,15,2344,351.6,1992.4,Delivered
O2003336,S1021954,CUST101524,P10001,2026-03-24,1,Debit Card,59620,39248.59,10,59620,5962.0,53658.0,Delivered
O2003337,S1021959,CUST102938,P10061,2026-05-13,2,Debit Card,6549,4234.25,10,13098,1309.8,11788.2,Delivered
O2003338,S1021961,CUST101092,P10236,2026-02-09,1,Net Banking,854,611.4,20,854,170.8,683.2,Delivered
O2003339,S1021963,CUST101575,P10119,2026-03-16,1,Credit Card,3523,2590.41,10,3523,352.3,3170.7,Delivered
O2003340,S1021968,CUST103806,P10200,2026-04-20,1,Credit Card,2965,2065.76,0,2965,0.0,2965.0,Delivered
O2003341,S1021969,CUST102853,P10277,2026-01-24,1,UPI,3998,2912.65,10,3998,399.8,3598.2,Delivered
O2003342,S1021970,CUST100592,P10040,2026-04-08,1,UPI,22035,16539.3,10,22035,2203.5,19831.5,Delivered
O2003343,S1021971,CUST100693,P10078,2026-02-09,3,Debit Card,2463,1414.05,15,7389,1108.35,6280.65,Delivered
O2003344,S1021979,CUST102123,P10077,2026-04-27,1,Net Banking,13761,7418.98,5,13761,688.05,13072.95,Cancelled
O2003345,S1021989,CUST103983,P10170,2026-03-02,1,Debit Card,1224,694.2,20,1224,244.8,979.2,Delivered
O2003346,S1022000,CUST103339,P10180,2026-06-09,2,UPI,5318,3704.39,30,10636,3190.8,7445.2,Delivered
O2003347,S1022019,CUST100744,P10098,2026-05-29,1,UPI,2458,1640.7,0,2458,0.0,2458.0,Delivered
O2003348,S1022027,CUST104366,P10221,2026-05-09,1,Wallet,31726,18312.58,10,31726,3172.6,28553.4,Delivered
O2003349,S1022041,CUST104219,P10058,2026-05-12,1,Credit Card,2769,1771.56,10,2769,276.9,2492.1,Delivered
O2003350,S1022058,CUST102882,P10290,2026-03-14,1,Credit Card,2169,1222.51,5,2169,108.45,2060.55,Delivered
O2003351,S1022070,CUST101437,P10040,2026-04-10,2,UPI,22035,16539.3,5,44070,2203.5,41866.5,Delivered
O2003352,S1022071,CUST100357,P10032,2026-01-07,2,UPI,1783,1149.52,0,3566,0.0,3566.0,Delivered
O2003353,S1022082,CUST100888,P10101,2026-02-22,2,Net Banking,12746,6696.14,0,25492,0.0,25492.0,Delivered
O2003354,S1022094,CUST102726,P10170,2026-01-18,3,COD,1224,694.2,10,3672,367.2,3304.8,Delivered
O2003355,S1022096,CUST102280,P10156,2026-03-15,2,UPI,1637,916.11,15,3274,491.1,2782.9,Delivered
O2003356,S1022103,CUST102421,P10143,2026-01-25,1,UPI,11876,8893.28,15,11876,1781.4,10094.6,Delivered
O2003357,S1022105,CUST100529,P10074,2026-04-10,1,Net Banking,7946,5564.84,10,7946,794.6,7151.4,Delivered
O2003358,S1022108,CUST104174,P10106,2026-04-18,1,UPI,3396,2604.41,15,3396,509.4,2886.6,Delivered
O2003359,S1022116,CUST100961,P10057,2026-02-22,2,UPI,3407,1991.41,15,6814,1022.1,5791.9,Delivered
O2003360,S1022122,CUST102792,P10123,2026-03-01,2,UPI,13321,7090.49,25,26642,6660.5,19981.5,Delivered
O2003361,S1022126,CUST103373,P10293,2026-05-20,1,UPI,3905,2327.97,0,3905,0.0,3905.0,Delivered
O2003362,S1022134,CUST103067,P10024,2026-06-21,3,COD,2013,1231.69,15,6039,905.85,5133.15,Delivered
O2003363,S1022139,CUST100762,P10115,2026-06-02,1,Net Banking,10668,7010.79,20,10668,2133.6,8534.4,Delivered
O2003364,S1022147,CUST103963,P10177,2026-04-29,1,COD,7179,4294.95,0,7179,0.0,7179.0,Delivered
O2003365,S1022157,CUST101053,P10205,2026-02-17,1,COD,2967,1938.06,5,2967,148.35,2818.65,Delivered
O2003366,S1022159,CUST102555,P10258,2026-04-06,2,Debit Card,5885,4538.6,0,11770,0.0,11770.0,Delivered
O2003367,S1022164,CUST103327,P10033,2026-02-28,1,Net Banking,22331,13681.85,10,22331,2233.1,20097.9,Delivered
O2003368,S1022183,CUST103330,P10154,2026-02-10,1,Credit Card,19267,15018.89,15,19267,2890.05,16376.95,Delivered
O2003369,S1022186,CUST103972,P10262,2026-01-26,3,COD,2779,1969.59,25,8337,2084.25,6252.75,Delivered
O2003370,S1022211,CUST102122,P10055,2026-04-08,2,COD,1514,1082.05,20,3028,605.6,2422.4,Delivered
O2003371,S1022233,CUST100045,P10082,2026-01-28,1,Credit Card,47700,33642.14,10,47700,4770.0,42930.0,Delivered
O2003372,S1022240,CUST103102,P10005,2026-01-24,1,Wallet,8334,4443.06,5,8334,416.7,7917.3,Delivered
O2003373,S1022249,CUST101480,P10110,2026-01-03,1,Credit Card,23464,16729.04,0,23464,0.0,23464.0,Delivered
O2003374,S1022252,CUST104317,P10287,2026-05-19,1,Debit Card,409,292.05,0,409,0.0,409.0,Delivered
O2003375,S1022257,CUST103231,P10154,2026-04-17,1,Wallet,19267,15018.89,0,19267,0.0,19267.0,Delivered
O2003376,S1022258,CUST100143,P10015,2026-04-29,3,Debit Card,11273,6404.53,10,33819,3381.9,30437.1,Delivered
O2003377,S1022265,CUST104778,P10056,2026-01-19,1,Net Banking,4152,2410.64,0,4152,0.0,4152.0,Delivered
O2003378,S1022284,CUST101569,P10135,2026-04-25,1,Net Banking,49087,26034.8,30,49087,14726.1,34360.9,Delivered
O2003379,S1022302,CUST103326,P10261,2026-06-15,1,UPI,10937,8376.17,15,10937,1640.55,9296.45,Delivered
O2003380,S1022315,CUST103146,P10060,2026-03-10,1,Credit Card,5247,2849.56,25,5247,1311.75,3935.25,Delivered
O2003381,S1022328,CUST103933,P10124,2026-03-30,3,Credit Card,3200,2461.55,0,9600,0.0,9600.0,Delivered
O2003382,S1022342,CUST100835,P10237,2026-01-17,1,COD,28041,16331.32,0,28041,0.0,28041.0,Delivered
O2003383,S1022347,CUST100927,P10154,2026-06-24,1,COD,19267,15018.89,5,19267,963.35,18303.65,Delivered
O2003384,S1022353,CUST101702,P10258,2026-04-16,1,COD,5885,4538.6,10,5885,588.5,5296.5,Delivered
O2003385,S1022362,CUST101568,P10001,2026-01-03,2,UPI,59620,39248.59,25,119240,29810.0,89430.0,Delivered
O2003386,S1022364,CUST104133,P10244,2026-01-12,1,UPI,22780,13006.79,0,22780,0.0,22780.0,Delivered
O2003387,S1022365,CUST104279,P10180,2026-05-15,2,Credit Card,5318,3704.39,15,10636,1595.4,9040.6,Delivered
O2003388,S1022369,CUST104287,P10007,2026-01-13,1,Credit Card,12557,8910.74,0,12557,0.0,12557.0,Delivered
O2003389,S1022373,CUST104413,P10079,2026-04-14,1,Debit Card,61135,43823.72,30,61135,18340.5,42794.5,Delivered
O2003390,S1022385,CUST103259,P10149,2026-03-01,2,UPI,9529,5928.93,20,19058,3811.6,15246.4,Delivered
O2003391,S1022403,CUST100864,P10184,2026-05-22,1,Net Banking,45438,26626.58,25,45438,11359.5,34078.5,Delivered
O2003392,S1022406,CUST104905,P10143,2026-04-06,1,Net Banking,11876,8893.28,30,11876,3562.8,8313.2,Delivered
O2003393,S1022420,CUST100329,P10272,2026-01-04,1,Net Banking,2807,1874.84,5,2807,140.35,2666.65,Delivered
O2003394,S1022425,CUST100738,P10242,2026-03-02,2,COD,1757,1230.79,25,3514,878.5,2635.5,Delivered
O2003395,S1022437,CUST100041,P10284,2026-02-28,1,Debit Card,1898,1058.59,5,1898,94.9,1803.1,Delivered
O2003396,S1022440,CUST100771,P10243,2026-03-30,2,Credit Card,3426,2508.92,20,6852,1370.4,5481.6,Delivered
O2003397,S1022453,CUST104115,P10102,2026-01-01,2,Credit Card,1713,1304.26,15,3426,513.9,2912.1,Delivered
O2003398,S1022459,CUST101271,P10026,2026-03-01,2,Credit Card,16626,9676.0,15,33252,4987.8,28264.2,Delivered
O2003399,S1022460,CUST101735,P10147,2026-05-02,1,Credit Card,2573,1365.43,5,2573,128.65,2444.35,Delivered
O2003400,S1022479,CUST101969,P10225,2026-05-04,1,Net Banking,3616,2332.12,15,3616,542.4,3073.6,Delivered
O2003401,S1022486,CUST103809,P10237,2026-04-18,3,UPI,28041,16331.32,10,84123,8412.3,75710.7,Delivered
O2003402,S1022489,CUST101695,P10086,2026-06-11,2,UPI,16998,12423.12,10,33996,3399.6,30596.4,Delivered
O2003403,S1022495,CUST100156,P10096,2026-06-20,2,Credit Card,22742,15269.86,25,45484,11371.0,34113.0,Cancelled
O2003404,S1022498,CUST100945,P10197,2026-03-06,1,Debit Card,9663,6464.22,10,9663,966.3,8696.7,Delivered
O2003405,S1022500,CUST101386,P10187,2026-04-21,1,UPI,21453,15652.9,10,21453,2145.3,19307.7,Delivered
O2003406,S1022503,CUST101737,P10201,2026-03-15,2,UPI,1168,898.71,15,2336,350.4,1985.6,Cancelled
O2003407,S1022504,CUST102867,P10085,2026-05-22,2,UPI,1989,1381.25,15,3978,596.7,3381.3,Delivered
O2003408,S1022506,CUST104249,P10010,2026-05-30,2,Net Banking,5346,3925.5,20,10692,2138.4,8553.6,Delivered
O2003409,S1022520,CUST100527,P10264,2026-04-23,3,UPI,9463,6731.14,10,28389,2838.9,25550.1,Delivered
O2003410,S1022522,CUST101211,P10007,2026-06-12,3,UPI,12557,8910.74,10,37671,3767.1,33903.9,Delivered
O2003411,S1022523,CUST103948,P10028,2026-01-27,2,Debit Card,5932,3311.67,25,11864,2966.0,8898.0,Delivered
O2003412,S1022525,CUST104395,P10209,2026-02-12,1,Credit Card,5849,4391.18,10,5849,584.9,5264.1,Delivered
O2003413,S1022534,CUST103179,P10288,2026-04-27,3,UPI,61529,36961.24,0,184587,0.0,184587.0,Delivered
O2003414,S1022537,CUST102132,P10161,2026-05-08,1,Credit Card,642,377.78,0,642,0.0,642.0,Cancelled
O2003415,S1022545,CUST102145,P10211,2026-01-09,2,Credit Card,3579,2686.65,25,7158,1789.5,5368.5,Delivered
O2003416,S1022554,CUST101802,P10049,2026-05-25,1,UPI,23453,16779.94,0,23453,0.0,23453.0,Delivered
O2003417,S1022578,CUST100169,P10052,2026-04-29,1,Credit Card,3236,2324.09,0,3236,0.0,3236.0,Delivered
O2003418,S1022595,CUST100576,P10209,2026-02-19,1,Net Banking,5849,4391.18,20,5849,1169.8,4679.2,Delivered
O2003419,S1022599,CUST100224,P10089,2026-06-06,2,COD,5663,3534.98,30,11326,3397.8,7928.2,Delivered
O2003420,S1022601,CUST102742,P10039,2026-02-02,2,Credit Card,5709,3603.27,10,11418,1141.8,10276.2,Delivered
O2003421,S1022603,CUST103695,P10064,2026-05-14,1,Credit Card,7246,5088.4,5,7246,362.3,6883.7,Delivered
O2003422,S1022605,CUST104337,P10086,2026-06-08,2,COD,16998,12423.12,20,33996,6799.2,27196.8,Delivered
O2003423,S1022612,CUST100496,P10134,2026-03-23,2,UPI,1548,1032.95,25,3096,774.0,2322.0,Delivered
O2003424,S1022617,CUST100436,P10120,2026-04-23,2,Debit Card,6871,5090.3,30,13742,4122.6,9619.4,Delivered
O2003425,S1022619,CUST104397,P10071,2026-03-14,1,COD,66043,44363.13,30,66043,19812.9,46230.1,Delivered
O2003426,S1022632,CUST100641,P10113,2026-06-27,3,Debit Card,1248,771.21,10,3744,374.4,3369.6,Delivered
O2003427,S1022644,CUST100171,P10288,2026-02-04,2,UPI,61529,36961.24,15,123058,18458.7,104599.3,Delivered
O2003428,S1022650,CUST103747,P10081,2026-04-24,3,UPI,4763,2816.9,10,14289,1428.9,12860.1,Delivered
O2003429,S1022651,CUST102498,P10098,2026-06-13,1,Credit Card,2458,1640.7,5,2458,122.9,2335.1,Delivered
O2003430,S1022652,CUST104741,P10297,2026-04-14,1,UPI,26848,19890.05,25,26848,6712.0,20136.0,Delivered
O2003431,S1022676,CUST104756,P10140,2026-05-10,2,UPI,24307,15572.5,15,48614,7292.1,41321.9,Delivered
O2003432,S1022699,CUST100081,P10132,2026-05-30,3,COD,6369,3407.98,25,19107,4776.75,14330.25,Delivered
O2003433,S1022704,CUST100795,P10008,2026-02-24,2,Credit Card,1464,905.9,0,2928,0.0,2928.0,Delivered
O2003434,S1022718,CUST104670,P10029,2026-01-16,2,Net Banking,33318,25283.28,5,66636,3331.8,63304.2,Delivered
O2003435,S1022724,CUST102845,P10215,2026-01-22,2,UPI,2133,1449.01,25,4266,1066.5,3199.5,Delivered
O2003436,S1022731,CUST102949,P10151,2026-03-28,3,Credit Card,3881,2822.56,15,11643,1746.45,9896.55,Cancelled
O2003437,S1022737,CUST100756,P10014,2026-04-02,3,UPI,1140,671.82,30,3420,1026.0,2394.0,Cancelled
O2003438,S1022741,CUST103973,P10142,2026-01-17,1,UPI,68955,39692.83,0,68955,0.0,68955.0,Delivered
O2003439,S1022752,CUST104005,P10149,2026-05-19,1,Credit Card,9529,5928.93,20,9529,1905.8,7623.2,Delivered
O2003440,S1022757,CUST103360,P10113,2026-05-15,2,Debit Card,1248,771.21,15,2496,374.4,2121.6,Delivered
O2003441,S1022759,CUST102921,P10282,2026-01-17,1,UPI,3313,2240.18,10,3313,331.3,2981.7,Cancelled
O2003442,S1022763,CUST102015,P10072,2026-02-26,1,UPI,30444,20638.98,10,30444,3044.4,27399.6,Delivered
O2003443,S1022770,CUST103648,P10273,2026-06-18,1,Net Banking,48027,33244.33,10,48027,4802.7,43224.3,Delivered
O2003444,S1022771,CUST100429,P10121,2026-01-19,2,UPI,3072,2175.95,20,6144,1228.8,4915.2,Delivered
O2003445,S1022774,CUST100454,P10101,2026-04-04,3,Debit Card,12746,6696.14,0,38238,0.0,38238.0,Delivered
O2003446,S1022775,CUST100349,P10159,2026-05-19,3,Credit Card,2037,1111.1,0,6111,0.0,6111.0,Delivered
O2003447,S1022783,CUST102367,P10166,2026-04-15,1,Debit Card,2850,1684.41,0,2850,0.0,2850.0,Delivered
O2003448,S1022784,CUST101030,P10117,2026-02-25,3,UPI,6826,4686.53,20,20478,4095.6,16382.4,Delivered
O2003449,S1022803,CUST102465,P10169,2026-02-22,2,Debit Card,3804,2836.87,20,7608,1521.6,6086.4,Delivered
O2003450,S1022804,CUST104807,P10035,2026-03-23,2,UPI,15880,9770.01,0,31760,0.0,31760.0,Delivered
O2003451,S1022811,CUST104704,P10291,2026-03-01,1,Net Banking,5219,3450.45,15,5219,782.85,4436.15,Cancelled
O2003452,S1022820,CUST101980,P10140,2026-01-09,1,COD,24307,15572.5,15,24307,3646.05,20660.95,Delivered
O2003453,S1022869,CUST100700,P10113,2026-06-04,1,UPI,1248,771.21,25,1248,312.0,936.0,Delivered
O2003454,S1022873,CUST100874,P10223,2026-04-29,1,UPI,38523,24402.87,10,38523,3852.3,34670.7,Delivered
O2003455,S1022884,CUST104348,P10207,2026-03-30,2,Debit Card,176,95.69,0,352,0.0,352.0,Delivered
O2003456,S1022905,CUST103512,P10166,2026-04-07,2,UPI,2850,1684.41,25,5700,1425.0,4275.0,Delivered
O2003457,S1022906,CUST102741,P10160,2026-04-21,3,COD,2602,1698.27,0,7806,0.0,7806.0,Delivered
O2003458,S1022913,CUST102098,P10148,2026-04-02,2,UPI,11870,6486.2,10,23740,2374.0,21366.0,Delivered
O2003459,S1022926,CUST100021,P10011,2026-06-24,2,Debit Card,5109,2851.33,20,10218,2043.6,8174.4,Delivered
O2003460,S1022938,CUST100282,P10266,2026-03-28,1,UPI,4990,3619.71,25,4990,1247.5,3742.5,Delivered
O2003461,S1022950,CUST101571,P10181,2026-02-26,1,UPI,3031,1585.49,10,3031,303.1,2727.9,Delivered
O2003462,S1022959,CUST103383,P10236,2026-01-27,2,UPI,854,611.4,0,1708,0.0,1708.0,Delivered
O2003463,S1022966,CUST100198,P10097,2026-01-24,1,COD,9087,4849.76,20,9087,1817.4,7269.6,Delivered
O2003464,S1022967,CUST102092,P10042,2026-04-10,3,Net Banking,8220,6349.45,0,24660,0.0,24660.0,Delivered
O2003465,S1022973,CUST104034,P10050,2026-01-29,2,UPI,8438,5513.43,0,16876,0.0,16876.0,Delivered
O2003466,S1022974,CUST102457,P10191,2026-05-13,2,Debit Card,3889,2670.53,15,7778,1166.7,6611.3,Delivered
O2003467,S1023000,CUST100208,P10064,2026-04-06,2,Net Banking,7246,5088.4,20,14492,2898.4,11593.6,Delivered
O2003468,S1023001,CUST101366,P10195,2026-02-04,1,Wallet,7539,5346.62,5,7539,376.95,7162.05,Delivered
O2003469,S1023003,CUST102926,P10254,2026-03-10,3,Debit Card,3521,2178.11,5,10563,528.15,10034.85,Delivered
O2003470,S1023004,CUST104258,P10185,2026-01-13,1,COD,1404,1040.82,20,1404,280.8,1123.2,Delivered
O2003471,S1023008,CUST102603,P10129,2026-02-25,1,UPI,479,371.85,0,479,0.0,479.0,Delivered
O2003472,S1023011,CUST102498,P10051,2026-04-05,3,UPI,201,105.03,10,603,60.3,542.7,Cancelled
O2003473,S1023016,CUST102924,P10104,2026-03-05,2,UPI,5812,4517.78,15,11624,1743.6,9880.4,Delivered
O2003474,S1023025,CUST104390,P10067,2026-02-06,1,UPI,2119,1108.48,20,2119,423.8,1695.2,Delivered
O2003475,S1023036,CUST103029,P10274,2026-04-08,2,UPI,8692,5018.43,15,17384,2607.6,14776.4,Delivered
O2003476,S1023043,CUST100723,P10262,2026-04-16,3,COD,2779,1969.59,30,8337,2501.1,5835.9,Cancelled
O2003477,S1023046,CUST100315,P10180,2026-01-16,2,Debit Card,5318,3704.39,20,10636,2127.2,8508.8,Delivered
O2003478,S1023048,CUST104997,P10283,2026-03-09,2,UPI,33348,23060.2,25,66696,16674.0,50022.0,Delivered
O2003479,S1023049,CUST100592,P10172,2026-01-19,1,Debit Card,4493,2743.95,15,4493,673.95,3819.05,Delivered
O2003480,S1023053,CUST101910,P10254,2026-01-15,2,UPI,3521,2178.11,15,7042,1056.3,5985.7,Delivered
O2003481,S1023055,CUST104464,P10126,2026-02-10,1,Credit Card,2344,1625.06,30,2344,703.2,1640.8,Delivered
O2003482,S1023072,CUST104931,P10201,2026-04-09,2,UPI,1168,898.71,15,2336,350.4,1985.6,Delivered
O2003483,S1023079,CUST100090,P10141,2026-02-06,3,Debit Card,8126,5924.94,0,24378,0.0,24378.0,Delivered
O2003484,S1023082,CUST101618,P10155,2026-03-07,2,UPI,16320,8969.89,25,32640,8160.0,24480.0,Delivered
O2003485,S1023083,CUST103595,P10229,2026-06-18,3,UPI,893,631.69,5,2679,133.95,2545.05,Delivered
O2003486,S1023087,CUST104042,P10179,2026-02-25,1,COD,38788,21658.7,10,38788,3878.8,34909.2,Delivered
O2003487,S1023095,CUST101652,P10257,2026-05-28,1,Debit Card,988,536.3,5,988,49.4,938.6,Delivered
O2003488,S1023113,CUST101401,P10111,2026-01-16,1,COD,840,508.05,0,840,0.0,840.0,Delivered
O2003489,S1023126,CUST102940,P10213,2026-05-23,3,UPI,9621,5332.56,15,28863,4329.45,24533.55,Delivered
O2003490,S1023131,CUST100361,P10232,2026-03-28,1,UPI,769,438.83,5,769,38.45,730.55,Delivered
O2003491,S1023134,CUST101849,P10235,2026-01-01,3,Net Banking,68950,50389.39,10,206850,20685.0,186165.0,Delivered
O2003492,S1023140,CUST100899,P10170,2026-06-18,2,UPI,1224,694.2,30,2448,734.4,1713.6,Delivered
O2003493,S1023147,CUST102441,P10119,2026-05-17,1,COD,3523,2590.41,20,3523,704.6,2818.4,Delivered
O2003494,S1023156,CUST101091,P10213,2026-05-31,1,Wallet,9621,5332.56,10,9621,962.1,8658.9,Delivered
O2003495,S1023157,CUST103630,P10029,2026-05-05,2,COD,33318,25283.28,30,66636,19990.8,46645.2,Delivered
O2003496,S1023159,CUST100151,P10066,2026-06-08,1,Wallet,3823,2537.87,30,3823,1146.9,2676.1,Delivered
O2003497,S1023164,CUST102779,P10061,2026-03-06,2,UPI,6549,4234.25,10,13098,1309.8,11788.2,Delivered
O2003498,S1023171,CUST104811,P10289,2026-03-09,2,Net Banking,13420,8244.67,15,26840,4026.0,22814.0,Delivered
O2003499,S1023180,CUST104950,P10228,2026-02-22,1,Debit Card,5785,4065.12,5,5785,289.25,5495.75,Delivered
O2003500,S1023183,CUST104595,P10105,2026-03-11,2,UPI,9875,6870.26,15,19750,2962.5,16787.5,Cancelled
O2003501,S1023187,CUST104947,P10172,2026-03-21,1,Wallet,4493,2743.95,10,4493,449.3,4043.7,Delivered
O2003502,S1023190,CUST102191,P10122,2026-02-08,3,Net Banking,15525,11853.49,10,46575,4657.5,41917.5,Delivered
O2003503,S1023204,CUST104011,P10079,2026-01-24,1,UPI,61135,43823.72,5,61135,3056.75,58078.25,Delivered
O2003504,S1023210,CUST103188,P10261,2026-04-02,2,COD,10937,8376.17,30,21874,6562.2,15311.8,Delivered
O2003505,S1023226,CUST104355,P10179,2026-06-09,1,UPI,38788,21658.7,5,38788,1939.4,36848.6,Delivered
O2003506,S1023230,CUST103060,P10277,2026-03-26,2,Credit Card,3998,2912.65,20,7996,1599.2,6396.8,Delivered
O2003507,S1023231,CUST100867,P10168,2026-06-27,1,Debit Card,19244,10755.21,10,19244,1924.4,17319.6,Delivered
O2003508,S1023234,CUST104984,P10061,2026-06-04,3,COD,6549,4234.25,10,19647,1964.7,17682.3,Delivered
O2003509,S1023242,CUST103890,P10251,2026-01-12,1,Credit Card,22462,11904.7,20,22462,4492.4,17969.6,Delivered
O2003510,S1023243,CUST103734,P10044,2026-04-30,1,UPI,49345,36903.93,15,49345,7401.75,41943.25,Delivered
O2003511,S1023256,CUST101097,P10148,2026-06-13,3,Net Banking,11870,6486.2,5,35610,1780.5,33829.5,Delivered
O2003512,S1023257,CUST100627,P10271,2026-05-23,2,COD,7548,5673.16,20,15096,3019.2,12076.8,Delivered
O2003513,S1023258,CUST101291,P10156,2026-05-02,2,Credit Card,1637,916.11,20,3274,654.8,2619.2,Delivered
O2003514,S1023262,CUST102145,P10192,2026-02-15,2,Debit Card,897,502.88,5,1794,89.7,1704.3,Delivered
O2003515,S1023264,CUST100698,P10036,2026-04-29,2,COD,55094,40455.54,10,110188,11018.8,99169.2,Delivered
O2003516,S1023268,CUST103618,P10139,2026-05-23,1,Wallet,848,614.49,20,848,169.6,678.4,Delivered
O2003517,S1023270,CUST103417,P10265,2026-05-18,3,UPI,9033,6070.38,10,27099,2709.9,24389.1,Delivered
O2003518,S1023273,CUST100793,P10029,2026-03-05,2,UPI,33318,25283.28,0,66636,0.0,66636.0,Delivered
O2003519,S1023281,CUST101446,P10159,2026-02-10,1,Credit Card,2037,1111.1,0,2037,0.0,2037.0,Delivered
O2003520,S1023283,CUST102910,P10255,2026-05-20,3,UPI,9514,5100.94,25,28542,7135.5,21406.5,Delivered
O2003521,S1023285,CUST101049,P10255,2026-05-09,2,COD,9514,5100.94,10,19028,1902.8,17125.2,Delivered
O2003522,S1023328,CUST101660,P10110,2026-02-18,1,COD,23464,16729.04,20,23464,4692.8,18771.2,Delivered
O2003523,S1023351,CUST103656,P10240,2026-06-19,2,Credit Card,12093,7882.85,0,24186,0.0,24186.0,Delivered
O2003524,S1023357,CUST102347,P10096,2026-02-10,1,Debit Card,22742,15269.86,0,22742,0.0,22742.0,Delivered
O2003525,S1023361,CUST102280,P10022,2026-03-20,1,UPI,63437,46017.35,10,63437,6343.7,57093.3,Delivered
O2003526,S1023373,CUST101527,P10041,2026-06-02,1,UPI,6442,3659.95,20,6442,1288.4,5153.6,Delivered
O2003527,S1023374,CUST102418,P10250,2026-01-30,1,Credit Card,3881,2347.37,0,3881,0.0,3881.0,Delivered
O2003528,S1023382,CUST101122,P10097,2026-06-23,1,COD,9087,4849.76,20,9087,1817.4,7269.6,Delivered
O2003529,S1023385,CUST101129,P10064,2026-04-04,2,UPI,7246,5088.4,25,14492,3623.0,10869.0,Delivered
O2003530,S1023395,CUST102464,P10287,2026-03-02,1,Net Banking,409,292.05,20,409,81.8,327.2,Delivered
O2003531,S1023398,CUST102749,P10011,2026-06-28,3,Net Banking,5109,2851.33,20,15327,3065.4,12261.6,Delivered
O2003532,S1023401,CUST103382,P10233,2026-02-21,1,UPI,1746,1303.96,10,1746,174.6,1571.4,Delivered
O2003533,S1023405,CUST100172,P10133,2026-01-21,2,UPI,8047,4254.17,0,16094,0.0,16094.0,Delivered
O2003534,S1023409,CUST101228,P10285,2026-05-29,1,Debit Card,56690,39870.19,5,56690,2834.5,53855.5,Delivered
O2003535,S1023410,CUST102417,P10144,2026-06-29,1,Credit Card,1810,1018.16,0,1810,0.0,1810.0,Delivered
O2003536,S1023417,CUST102966,P10282,2026-05-19,2,UPI,3313,2240.18,15,6626,993.9,5632.1,Delivered
O2003537,S1023427,CUST102836,P10198,2026-05-21,2,COD,32876,23438.24,5,65752,3287.6,62464.4,Delivered
O2003538,S1023428,CUST100060,P10248,2026-02-21,1,UPI,7477,5791.69,10,7477,747.7,6729.3,Delivered
O2003539,S1023430,CUST102578,P10056,2026-02-19,2,UPI,4152,2410.64,10,8304,830.4,7473.6,Delivered
O2003540,S1023438,CUST101502,P10098,2026-06-14,2,COD,2458,1640.7,0,4916,0.0,4916.0,Delivered
O2003541,S1023441,CUST104041,P10071,2026-05-02,2,UPI,66043,44363.13,0,132086,0.0,132086.0,Delivered
O2003542,S1023445,CUST104283,P10030,2026-04-22,1,UPI,9973,7238.98,0,9973,0.0,9973.0,Delivered
O2003543,S1023451,CUST104571,P10059,2026-01-20,3,Credit Card,281,149.03,30,843,252.9,590.1,Delivered
O2003544,S1023452,CUST104855,P10274,2026-04-18,1,UPI,8692,5018.43,10,8692,869.2,7822.8,Delivered
O2003545,S1023456,CUST101129,P10121,2026-02-15,1,UPI,3072,2175.95,15,3072,460.8,2611.2,Delivered
O2003546,S1023461,CUST101230,P10230,2026-04-26,1,Credit Card,4503,3004.28,15,4503,675.45,3827.55,Delivered
O2003547,S1023462,CUST102112,P10013,2026-03-08,2,Debit Card,21186,12092.0,0,42372,0.0,42372.0,Delivered
O2003548,S1023463,CUST103017,P10101,2026-04-12,1,COD,12746,6696.14,25,12746,3186.5,9559.5,Delivered
O2003549,S1023468,CUST104318,P10192,2026-05-11,1,UPI,897,502.88,10,897,89.7,807.3,Delivered
O2003550,S1023490,CUST102848,P10152,2026-04-30,1,UPI,5488,3309.39,0,5488,0.0,5488.0,Delivered
O2003551,S1023497,CUST104111,P10012,2026-01-06,1,Credit Card,6050,4362.18,5,6050,302.5,5747.5,Delivered
O2003552,S1023507,CUST102405,P10163,2026-02-15,1,UPI,993,694.32,0,993,0.0,993.0,Delivered
O2003553,S1023527,CUST104240,P10286,2026-04-16,1,UPI,4249,3140.86,25,4249,1062.25,3186.75,Delivered
O2003554,S1023530,CUST104988,P10244,2026-04-23,3,UPI,22780,13006.79,30,68340,20502.0,47838.0,Delivered
O2003555,S1023531,CUST100630,P10074,2026-02-13,1,Credit Card,7946,5564.84,10,7946,794.6,7151.4,Delivered
O2003556,S1023534,CUST103078,P10154,2026-06-13,2,UPI,19267,15018.89,15,38534,5780.1,32753.9,Cancelled
O2003557,S1023553,CUST104847,P10108,2026-05-09,2,COD,4124,2828.95,5,8248,412.4,7835.6,Delivered
O2003558,S1023556,CUST101007,P10190,2026-04-23,2,UPI,36819,20149.38,25,73638,18409.5,55228.5,Delivered
O2003559,S1023560,CUST103748,P10297,2026-02-22,1,UPI,26848,19890.05,15,26848,4027.2,22820.8,Delivered
O2003560,S1023562,CUST100730,P10102,2026-05-24,2,UPI,1713,1304.26,0,3426,0.0,3426.0,Delivered
O2003561,S1023572,CUST101879,P10151,2026-03-05,1,Net Banking,3881,2822.56,20,3881,776.2,3104.8,Delivered
O2003562,S1023583,CUST100210,P10072,2026-01-21,3,Debit Card,30444,20638.98,5,91332,4566.6,86765.4,Delivered
O2003563,S1023600,CUST103013,P10140,2026-02-09,2,Credit Card,24307,15572.5,20,48614,9722.8,38891.2,Delivered
O2003564,S1023619,CUST101368,P10038,2026-06-02,3,Credit Card,3461,2654.94,10,10383,1038.3,9344.7,Delivered
O2003565,S1023621,CUST100379,P10270,2026-06-05,2,Wallet,996,636.03,20,1992,398.4,1593.6,Delivered
O2003566,S1023650,CUST103911,P10043,2026-04-02,2,UPI,1883,1280.93,5,3766,188.3,3577.7,Delivered
O2003567,S1023655,CUST102332,P10296,2026-05-16,3,Net Banking,3213,1902.94,15,9639,1445.85,8193.15,Delivered
O2003568,S1023658,CUST103624,P10150,2026-06-27,2,UPI,251,139.85,10,502,50.2,451.8,Delivered
O2003569,S1023674,CUST100231,P10104,2026-01-11,1,Debit Card,5812,4517.78,30,5812,1743.6,4068.4,Delivered
O2003570,S1023679,CUST102626,P10105,2026-01-08,2,Credit Card,9875,6870.26,20,19750,3950.0,15800.0,Delivered
O2003571,S1023694,CUST100515,P10006,2026-03-18,1,COD,2708,1571.31,15,2708,406.2,2301.8,Cancelled
O2003572,S1023701,CUST104975,P10210,2026-01-03,2,UPI,12116,8357.65,20,24232,4846.4,19385.6,Delivered
O2003573,S1023733,CUST102525,P10087,2026-03-29,1,Net Banking,3581,2362.63,5,3581,179.05,3401.95,Delivered
O2003574,S1023752,CUST103324,P10184,2026-05-28,2,UPI,45438,26626.58,0,90876,0.0,90876.0,Delivered
O2003575,S1023753,CUST100507,P10246,2026-04-08,1,UPI,12255,8674.13,30,12255,3676.5,8578.5,Delivered
O2003576,S1023762,CUST100212,P10216,2026-06-28,1,Credit Card,26876,16855.26,20,26876,5375.2,21500.8,Delivered
O2003577,S1023763,CUST102332,P10006,2026-05-04,2,UPI,2708,1571.31,30,5416,1624.8,3791.2,Delivered
O2003578,S1023773,CUST104742,P10275,2026-03-07,1,Debit Card,23193,17875.58,15,23193,3478.95,19714.05,Delivered
O2003579,S1023775,CUST102254,P10071,2026-03-08,1,Wallet,66043,44363.13,0,66043,0.0,66043.0,Delivered
O2003580,S1023780,CUST101510,P10104,2026-04-18,2,Credit Card,5812,4517.78,5,11624,581.2,11042.8,Delivered
O2003581,S1023781,CUST100711,P10098,2026-06-14,3,Debit Card,2458,1640.7,15,7374,1106.1,6267.9,Cancelled
O2003582,S1023806,CUST102574,P10245,2026-01-25,2,Credit Card,5485,3753.06,0,10970,0.0,10970.0,Delivered
O2003583,S1023807,CUST101154,P10151,2026-06-22,1,UPI,3881,2822.56,0,3881,0.0,3881.0,Delivered
O2003584,S1023812,CUST103733,P10128,2026-04-09,1,Credit Card,41039,31852.39,20,41039,8207.8,32831.2,Delivered
O2003585,S1023814,CUST104505,P10007,2026-01-05,1,Wallet,12557,8910.74,30,12557,3767.1,8789.9,Delivered
O2003586,S1023834,CUST100909,P10179,2026-05-31,1,Debit Card,38788,21658.7,0,38788,0.0,38788.0,Delivered
O2003587,S1023838,CUST101838,P10091,2026-05-26,3,UPI,8871,6703.6,20,26613,5322.6,21290.4,Delivered
O2003588,S1023842,CUST101332,P10199,2026-02-09,1,COD,22784,17284.35,25,22784,5696.0,17088.0,Delivered
O2003589,S1023846,CUST101228,P10119,2026-03-13,1,Credit Card,3523,2590.41,15,3523,528.45,2994.55,Delivered
O2003590,S1023857,CUST103590,P10242,2026-05-08,2,UPI,1757,1230.79,0,3514,0.0,3514.0,Delivered
O2003591,S1023858,CUST101892,P10232,2026-06-01,3,UPI,769,438.83,10,2307,230.7,2076.3,Delivered
O2003592,S1023859,CUST101274,P10137,2026-03-11,2,UPI,19557,10748.7,10,39114,3911.4,35202.6,Delivered
O2003593,S1023864,CUST100421,P10065,2026-06-08,3,Credit Card,3554,2097.11,10,10662,1066.2,9595.8,Delivered
O2003594,S1023874,CUST104548,P10216,2026-02-04,1,UPI,26876,16855.26,20,26876,5375.2,21500.8,Delivered
O2003595,S1023880,CUST102597,P10125,2026-05-28,2,Debit Card,810,501.25,0,1620,0.0,1620.0,Delivered
O2003596,S1023883,CUST104501,P10033,2026-05-15,2,UPI,22331,13681.85,5,44662,2233.1,42428.9,Delivered
O2003597,S1023889,CUST104437,P10267,2026-03-15,1,Credit Card,60767,43188.99,25,60767,15191.75,45575.25,Delivered
O2003598,S1023891,CUST102962,P10174,2026-05-25,1,Net Banking,3339,2259.98,20,3339,667.8,2671.2,Delivered
O2003599,S1023892,CUST101647,P10219,2026-06-24,1,COD,10171,5453.76,20,10171,2034.2,8136.8,Cancelled
O2003600,S1023897,CUST101010,P10268,2026-05-14,2,Credit Card,4912,2724.22,10,9824,982.4,8841.6,Delivered
O2003601,S1023899,CUST104151,P10099,2026-06-03,2,Net Banking,12825,8888.83,0,25650,0.0,25650.0,Delivered
O2003602,S1023923,CUST102848,P10228,2026-03-07,3,Wallet,5785,4065.12,15,17355,2603.25,14751.75,Delivered
O2003603,S1023927,CUST102416,P10050,2026-04-16,1,UPI,8438,5513.43,20,8438,1687.6,6750.4,Delivered
O2003604,S1023938,CUST101320,P10184,2026-04-01,1,Credit Card,45438,26626.58,0,45438,0.0,45438.0,Delivered
O2003605,S1023941,CUST102767,P10231,2026-05-12,1,COD,2132,1580.47,10,2132,213.2,1918.8,Delivered
O2003606,S1023946,CUST104139,P10250,2026-04-04,1,UPI,3881,2347.37,5,3881,194.05,3686.95,Cancelled
O2003607,S1023960,CUST100750,P10244,2026-05-17,2,UPI,22780,13006.79,5,45560,2278.0,43282.0,Delivered
O2003608,S1023965,CUST102387,P10001,2026-02-24,1,Net Banking,59620,39248.59,15,59620,8943.0,50677.0,Cancelled
O2003609,S1023972,CUST103705,P10261,2026-04-06,1,UPI,10937,8376.17,30,10937,3281.1,7655.9,Delivered
O2003610,S1023984,CUST101380,P10247,2026-06-07,3,Credit Card,5626,3385.81,0,16878,0.0,16878.0,Cancelled
O2003611,S1023986,CUST101416,P10107,2026-01-15,3,UPI,6047,3588.8,10,18141,1814.1,16326.9,Cancelled
O2003612,S1023997,CUST102885,P10191,2026-04-12,1,Debit Card,3889,2670.53,15,3889,583.35,3305.65,Delivered
O2003613,S1024005,CUST100427,P10286,2026-02-02,3,UPI,4249,3140.86,0,12747,0.0,12747.0,Delivered
O2003614,S1024015,CUST101718,P10061,2026-06-15,1,UPI,6549,4234.25,30,6549,1964.7,4584.3,Delivered
O2003615,S1024039,CUST100421,P10257,2026-04-18,1,COD,988,536.3,0,988,0.0,988.0,Delivered
O2003616,S1024040,CUST104520,P10223,2026-03-07,2,UPI,38523,24402.87,10,77046,7704.6,69341.4,Delivered
O2003617,S1024043,CUST104066,P10224,2026-02-16,2,UPI,1817,1295.8,20,3634,726.8,2907.2,Cancelled
O2003618,S1024044,CUST102210,P10065,2026-03-07,1,Credit Card,3554,2097.11,10,3554,355.4,3198.6,Delivered
O2003619,S1024047,CUST104931,P10152,2026-06-23,2,Credit Card,5488,3309.39,15,10976,1646.4,9329.6,Delivered
O2003620,S1024052,CUST103387,P10023,2026-03-12,1,UPI,7904,4640.7,0,7904,0.0,7904.0,Delivered
O2003621,S1024054,CUST100657,P10277,2026-04-06,1,COD,3998,2912.65,10,3998,399.8,3598.2,Delivered
O2003622,S1024055,CUST101206,P10198,2026-03-25,2,COD,32876,23438.24,10,65752,6575.2,59176.8,Delivered
O2003623,S1024062,CUST103108,P10293,2026-06-13,3,Credit Card,3905,2327.97,5,11715,585.75,11129.25,Delivered
O2003624,S1024066,CUST103193,P10076,2026-05-22,2,Net Banking,5696,3112.1,15,11392,1708.8,9683.2,Delivered
O2003625,S1024067,CUST103739,P10250,2026-06-12,1,Credit Card,3881,2347.37,5,3881,194.05,3686.95,Cancelled
O2003626,S1024070,CUST101096,P10064,2026-01-01,1,Debit Card,7246,5088.4,15,7246,1086.9,6159.1,Delivered
O2003627,S1024084,CUST103960,P10123,2026-04-19,2,UPI,13321,7090.49,30,26642,7992.6,18649.4,Delivered
O2003628,S1024088,CUST103867,P10084,2026-01-10,1,Credit Card,5330,2842.99,5,5330,266.5,5063.5,Delivered
O2003629,S1024133,CUST104725,P10086,2026-02-01,1,Wallet,16998,12423.12,30,16998,5099.4,11898.6,Delivered
O2003630,S1024134,CUST101280,P10037,2026-01-01,1,COD,3901,2527.67,15,3901,585.15,3315.85,Delivered
O2003631,S1024137,CUST102831,P10210,2026-04-19,1,Debit Card,12116,8357.65,10,12116,1211.6,10904.4,Delivered
O2003632,S1024141,CUST101031,P10252,2026-05-01,2,UPI,12430,8332.71,20,24860,4972.0,19888.0,Delivered
O2003633,S1024147,CUST100462,P10261,2026-03-10,3,Credit Card,10937,8376.17,20,32811,6562.2,26248.8,Delivered
O2003634,S1024177,CUST100577,P10078,2026-05-05,1,Wallet,2463,1414.05,20,2463,492.6,1970.4,Delivered
O2003635,S1024193,CUST103019,P10206,2026-05-18,1,UPI,5268,3248.49,10,5268,526.8,4741.2,Delivered
O2003636,S1024198,CUST100974,P10221,2026-03-14,1,Debit Card,31726,18312.58,0,31726,0.0,31726.0,Delivered
O2003637,S1024199,CUST104423,P10166,2026-03-18,1,COD,2850,1684.41,5,2850,142.5,2707.5,Delivered
O2003638,S1024204,CUST100001,P10166,2026-06-15,2,UPI,2850,1684.41,25,5700,1425.0,4275.0,Delivered
O2003639,S1024205,CUST102516,P10064,2026-05-29,3,COD,7246,5088.4,20,21738,4347.6,17390.4,Delivered
O2003640,S1024206,CUST102651,P10230,2026-02-26,1,UPI,4503,3004.28,10,4503,450.3,4052.7,Delivered
O2003641,S1024212,CUST102147,P10116,2026-01-06,1,COD,7704,5390.51,15,7704,1155.6,6548.4,Delivered
O2003642,S1024217,CUST103664,P10151,2026-01-25,3,Credit Card,3881,2822.56,10,11643,1164.3,10478.7,Delivered
O2003643,S1024219,CUST103415,P10118,2026-04-25,1,Debit Card,778,546.17,0,778,0.0,778.0,Delivered
O2003644,S1024222,CUST102849,P10131,2026-05-16,2,UPI,17602,13555.92,5,35204,1760.2,33443.8,Delivered
O2003645,S1024229,CUST102490,P10015,2026-05-24,1,UPI,11273,6404.53,5,11273,563.65,10709.35,Delivered
O2003646,S1024233,CUST102493,P10261,2026-04-01,1,UPI,10937,8376.17,25,10937,2734.25,8202.75,Delivered
O2003647,S1024238,CUST103403,P10029,2026-04-12,1,Debit Card,33318,25283.28,5,33318,1665.9,31652.1,Delivered
O2003648,S1024239,CUST104078,P10145,2026-02-01,1,Net Banking,872,606.55,15,872,130.8,741.2,Delivered
O2003649,S1024240,CUST100433,P10163,2026-05-26,3,Net Banking,993,694.32,5,2979,148.95,2830.05,Delivered
O2003650,S1024249,CUST101850,P10084,2026-04-02,1,COD,5330,2842.99,0,5330,0.0,5330.0,Delivered
O2003651,S1024256,CUST102695,P10166,2026-04-17,3,UPI,2850,1684.41,5,8550,427.5,8122.5,Delivered
O2003652,S1024257,CUST103811,P10158,2026-04-01,2,Credit Card,2992,1787.19,15,5984,897.6,5086.4,Delivered
O2003653,S1024260,CUST100190,P10272,2026-06-04,2,COD,2807,1874.84,0,5614,0.0,5614.0,Delivered
O2003654,S1024273,CUST103598,P10091,2026-02-23,1,Wallet,8871,6703.6,10,8871,887.1,7983.9,Delivered
O2003655,S1024281,CUST102912,P10005,2026-05-24,1,Credit Card,8334,4443.06,15,8334,1250.1,7083.9,Delivered
O2003656,S1024284,CUST104894,P10101,2026-04-01,2,Debit Card,12746,6696.14,10,25492,2549.2,22942.8,Delivered
O2003657,S1024290,CUST103200,P10068,2026-04-19,1,Credit Card,841,623.97,15,841,126.15,714.85,Delivered
O2003658,S1024293,CUST102852,P10069,2026-03-26,1,Debit Card,15591,10193.15,30,15591,4677.3,10913.7,Delivered
O2003659,S1024299,CUST102812,P10068,2026-01-21,1,Wallet,841,623.97,10,841,84.1,756.9,Delivered
O2003660,S1024303,CUST101020,P10258,2026-05-21,3,Credit Card,5885,4538.6,0,17655,0.0,17655.0,Delivered
O2003661,S1024305,CUST104045,P10178,2026-02-04,1,Credit Card,1278,832.47,30,1278,383.4,894.6,Delivered
O2003662,S1024311,CUST103089,P10092,2026-04-29,1,Debit Card,64365,33832.13,10,64365,6436.5,57928.5,Delivered
O2003663,S1024336,CUST102289,P10292,2026-04-01,1,COD,8378,5862.46,25,8378,2094.5,6283.5,Delivered
O2003664,S1024341,CUST102189,P10202,2026-03-29,2,UPI,36183,20924.16,10,72366,7236.6,65129.4,Delivered
O2003665,S1024366,CUST102601,P10215,2026-04-18,1,Net Banking,2133,1449.01,5,2133,106.65,2026.35,Delivered
O2003666,S1024368,CUST102972,P10189,2026-06-04,3,Credit Card,9580,7439.6,15,28740,4311.0,24429.0,Delivered
O2003667,S1024379,CUST101967,P10194,2026-01-15,2,Credit Card,9552,5893.76,10,19104,1910.4,17193.6,Delivered
O2003668,S1024381,CUST100360,P10132,2026-04-27,1,COD,6369,3407.98,5,6369,318.45,6050.55,Delivered
O2003669,S1024383,CUST101810,P10111,2026-01-04,1,Debit Card,840,508.05,20,840,168.0,672.0,Delivered
O2003670,S1024384,CUST104494,P10060,2026-01-29,3,Debit Card,5247,2849.56,15,15741,2361.15,13379.85,Delivered
O2003671,S1024386,CUST100394,P10163,2026-01-31,3,COD,993,694.32,5,2979,148.95,2830.05,Delivered
O2003672,S1024389,CUST101456,P10188,2026-03-23,3,Debit Card,1125,605.0,25,3375,843.75,2531.25,Delivered
O2003673,S1024404,CUST101538,P10109,2026-06-09,1,Wallet,9721,6690.28,20,9721,1944.2,7776.8,Delivered
O2003674,S1024407,CUST100183,P10184,2026-03-08,1,Net Banking,45438,26626.58,0,45438,0.0,45438.0,Delivered
O2003675,S1024416,CUST104278,P10254,2026-06-23,1,Net Banking,3521,2178.11,5,3521,176.05,3344.95,Delivered
O2003676,S1024418,CUST104859,P10002,2026-06-14,3,UPI,2459,1911.52,15,7377,1106.55,6270.45,Delivered
O2003677,S1024427,CUST102264,P10202,2026-05-29,1,UPI,36183,20924.16,20,36183,7236.6,28946.4,Delivered
O2003678,S1024430,CUST101452,P10220,2026-05-18,1,COD,4583,2718.39,10,4583,458.3,4124.7,Delivered
O2003679,S1024434,CUST101029,P10187,2026-01-14,1,Wallet,21453,15652.9,15,21453,3217.95,18235.05,Delivered
O2003680,S1024438,CUST102828,P10042,2026-06-04,1,Net Banking,8220,6349.45,25,8220,2055.0,6165.0,Delivered
O2003681,S1024439,CUST103525,P10145,2026-05-04,3,UPI,872,606.55,0,2616,0.0,2616.0,Delivered
O2003682,S1024443,CUST104567,P10222,2026-05-12,1,COD,5863,3845.53,25,5863,1465.75,4397.25,Delivered
O2003683,S1024445,CUST101779,P10217,2026-01-27,3,Debit Card,2763,1694.32,15,8289,1243.35,7045.65,Delivered
O2003684,S1024449,CUST102092,P10290,2026-06-19,1,UPI,2169,1222.51,0,2169,0.0,2169.0,Delivered
O2003685,S1024453,CUST100459,P10087,2026-05-15,1,COD,3581,2362.63,0,3581,0.0,3581.0,Delivered
O2003686,S1024459,CUST101451,P10028,2026-02-28,1,Net Banking,5932,3311.67,0,5932,0.0,5932.0,Delivered
O2003687,S1024468,CUST101020,P10174,2026-04-27,2,Credit Card,3339,2259.98,15,6678,1001.7,5676.3,Cancelled
O2003688,S1024476,CUST102113,P10015,2026-04-08,3,UPI,11273,6404.53,15,33819,5072.85,28746.15,Delivered
O2003689,S1024477,CUST104671,P10156,2026-05-09,1,UPI,1637,916.11,10,1637,163.7,1473.3,Delivered
O2003690,S1024484,CUST102299,P10276,2026-05-14,2,Debit Card,13124,7781.19,10,26248,2624.8,23623.2,Delivered
O2003691,S1024486,CUST100955,P10099,2026-05-19,3,COD,12825,8888.83,30,38475,11542.5,26932.5,Delivered
O2003692,S1024511,CUST103642,P10020,2026-01-13,1,UPI,24782,15381.22,0,24782,0.0,24782.0,Delivered
O2003693,S1024517,CUST101451,P10222,2026-05-23,1,COD,5863,3845.53,15,5863,879.45,4983.55,Delivered
O2003694,S1024526,CUST100433,P10001,2026-05-17,2,Credit Card,59620,39248.59,30,119240,35772.0,83468.0,Delivered
O2003695,S1024527,CUST102786,P10064,2026-03-07,2,Credit Card,7246,5088.4,5,14492,724.6,13767.4,Delivered
O2003696,S1024528,CUST104946,P10220,2026-03-12,3,UPI,4583,2718.39,10,13749,1374.9,12374.1,Delivered
O2003697,S1024538,CUST103761,P10216,2026-05-11,3,Wallet,26876,16855.26,10,80628,8062.8,72565.2,Delivered
O2003698,S1024546,CUST103402,P10141,2026-04-13,2,UPI,8126,5924.94,5,16252,812.6,15439.4,Delivered
O2003699,S1024552,CUST103539,P10049,2026-04-13,1,UPI,23453,16779.94,15,23453,3517.95,19935.05,Delivered
O2003700,S1024557,CUST101761,P10202,2026-05-25,1,Credit Card,36183,20924.16,5,36183,1809.15,34373.85,Delivered
O2003701,S1024565,CUST101776,P10120,2026-05-15,2,Debit Card,6871,5090.3,0,13742,0.0,13742.0,Delivered
O2003702,S1024568,CUST103537,P10263,2026-02-21,2,Credit Card,56908,38354.98,20,113816,22763.2,91052.8,Delivered
O2003703,S1024570,CUST104211,P10005,2026-04-26,1,COD,8334,4443.06,5,8334,416.7,7917.3,Delivered
O2003704,S1024572,CUST100858,P10289,2026-03-27,3,COD,13420,8244.67,15,40260,6039.0,34221.0,Delivered
O2003705,S1024576,CUST102357,P10189,2026-03-04,1,Net Banking,9580,7439.6,10,9580,958.0,8622.0,Delivered
O2003706,S1024577,CUST104066,P10146,2026-03-21,2,UPI,13773,10462.06,5,27546,1377.3,26168.7,Delivered
O2003707,S1024579,CUST104802,P10159,2026-06-03,1,UPI,2037,1111.1,15,2037,305.55,1731.45,Delivered
O2003708,S1024582,CUST104388,P10071,2026-06-23,3,UPI,66043,44363.13,0,198129,0.0,198129.0,Delivered
O2003709,S1024612,CUST104333,P10218,2026-04-23,1,Wallet,46613,31735.95,15,46613,6991.95,39621.05,Delivered
O2003710,S1024619,CUST104098,P10048,2026-03-03,1,UPI,10082,5617.48,0,10082,0.0,10082.0,Delivered
O2003711,S1024623,CUST101577,P10163,2026-01-15,1,UPI,993,694.32,0,993,0.0,993.0,Delivered
O2003712,S1024626,CUST101380,P10116,2026-04-06,2,Credit Card,7704,5390.51,15,15408,2311.2,13096.8,Delivered
O2003713,S1024630,CUST101659,P10280,2026-01-21,2,Credit Card,2303,1356.82,10,4606,460.6,4145.4,Delivered
O2003714,S1024631,CUST104533,P10206,2026-05-20,2,Debit Card,5268,3248.49,0,10536,0.0,10536.0,Cancelled
O2003715,S1024639,CUST103119,P10194,2026-02-02,1,Debit Card,9552,5893.76,5,9552,477.6,9074.4,Cancelled
O2003716,S1024641,CUST100286,P10118,2026-01-10,1,UPI,778,546.17,20,778,155.6,622.4,Delivered
O2003717,S1024666,CUST101432,P10123,2026-02-12,1,UPI,13321,7090.49,15,13321,1998.15,11322.85,Delivered
O2003718,S1024671,CUST101941,P10078,2026-06-20,1,COD,2463,1414.05,10,2463,246.3,2216.7,Delivered
O2003719,S1024673,CUST100592,P10083,2026-06-18,2,UPI,8198,4446.32,5,16396,819.8,15576.2,Cancelled
O2003720,S1024682,CUST100612,P10184,2026-05-08,3,COD,45438,26626.58,10,136314,13631.4,122682.6,Delivered
O2003721,S1024684,CUST101707,P10193,2026-03-08,3,Debit Card,49892,32028.99,10,149676,14967.6,134708.4,Delivered
O2003722,S1024690,CUST101965,P10082,2026-05-09,1,UPI,47700,33642.14,5,47700,2385.0,45315.0,Delivered
O2003723,S1024692,CUST104460,P10128,2026-05-06,2,Credit Card,41039,31852.39,25,82078,20519.5,61558.5,Delivered
O2003724,S1024700,CUST104029,P10118,2026-02-21,1,Debit Card,778,546.17,5,778,38.9,739.1,Delivered
O2003725,S1024705,CUST101257,P10037,2026-01-03,1,UPI,3901,2527.67,0,3901,0.0,3901.0,Delivered
O2003726,S1024717,CUST102038,P10177,2026-02-19,1,UPI,7179,4294.95,20,7179,1435.8,5743.2,Delivered
O2003727,S1024718,CUST102420,P10165,2026-06-17,2,UPI,3733,2768.55,15,7466,1119.9,6346.1,Delivered
O2003728,S1024719,CUST101675,P10038,2026-06-12,2,UPI,3461,2654.94,15,6922,1038.3,5883.7,Delivered
O2003729,S1024725,CUST102471,P10008,2026-01-15,1,Net Banking,1464,905.9,10,1464,146.4,1317.6,Delivered
O2003730,S1024730,CUST103986,P10045,2026-06-16,1,UPI,10136,7547.37,10,10136,1013.6,9122.4,Delivered
O2003731,S1024771,CUST101496,P10004,2026-05-29,2,UPI,4027,3077.25,20,8054,1610.8,6443.2,Delivered
O2003732,S1024772,CUST101793,P10118,2026-01-25,2,UPI,778,546.17,20,1556,311.2,1244.8,Delivered
O2003733,S1024777,CUST100409,P10024,2026-04-07,1,Credit Card,2013,1231.69,0,2013,0.0,2013.0,Cancelled
O2003734,S1024785,CUST100448,P10159,2026-02-24,2,Debit Card,2037,1111.1,10,4074,407.4,3666.6,Delivered
O2003735,S1024793,CUST100301,P10012,2026-03-11,1,UPI,6050,4362.18,25,6050,1512.5,4537.5,Delivered
O2003736,S1024795,CUST103977,P10006,2026-04-10,3,Debit Card,2708,1571.31,0,8124,0.0,8124.0,Delivered
O2003737,S1024799,CUST100515,P10199,2026-05-14,2,Net Banking,22784,17284.35,15,45568,6835.2,38732.8,Delivered
O2003738,S1024819,CUST101374,P10034,2026-04-11,1,Credit Card,4761,3270.38,10,4761,476.1,4284.9,Delivered
O2003739,S1024825,CUST103718,P10244,2026-01-17,1,UPI,22780,13006.79,20,22780,4556.0,18224.0,Delivered
O2003740,S1024830,CUST100803,P10029,2026-06-15,3,UPI,33318,25283.28,10,99954,9995.4,89958.6,Delivered
O2003741,S1024841,CUST104276,P10091,2026-04-11,2,COD,8871,6703.6,0,17742,0.0,17742.0,Cancelled
O2003742,S1024844,CUST104249,P10167,2026-01-11,1,Debit Card,19753,15401.71,0,19753,0.0,19753.0,Delivered
O2003743,S1024845,CUST103941,P10068,2026-06-03,2,Net Banking,841,623.97,30,1682,504.6,1177.4,Delivered
O2003744,S1024848,CUST101644,P10068,2026-06-05,2,Credit Card,841,623.97,25,1682,420.5,1261.5,Delivered
O2003745,S1024858,CUST103626,P10293,2026-01-05,2,UPI,3905,2327.97,15,7810,1171.5,6638.5,Delivered
O2003746,S1024860,CUST100463,P10288,2026-01-30,1,UPI,61529,36961.24,0,61529,0.0,61529.0,Delivered
O2003747,S1024862,CUST101050,P10254,2026-06-13,1,UPI,3521,2178.11,20,3521,704.2,2816.8,Delivered
O2003748,S1024869,CUST100267,P10087,2026-02-07,1,Net Banking,3581,2362.63,10,3581,358.1,3222.9,Delivered
O2003749,S1024873,CUST104739,P10250,2026-02-12,3,Credit Card,3881,2347.37,15,11643,1746.45,9896.55,Delivered
O2003750,S1024876,CUST104279,P10028,2026-06-12,3,UPI,5932,3311.67,5,17796,889.8,16906.2,Delivered
O2003751,S1024881,CUST101800,P10207,2026-06-12,1,Wallet,176,95.69,0,176,0.0,176.0,Delivered
O2003752,S1024882,CUST100123,P10150,2026-06-29,1,COD,251,139.85,15,251,37.65,213.35,Delivered
O2003753,S1024892,CUST104142,P10231,2026-01-10,1,Net Banking,2132,1580.47,20,2132,426.4,1705.6,Delivered
O2003754,S1024913,CUST102853,P10292,2026-06-05,1,UPI,8378,5862.46,5,8378,418.9,7959.1,Delivered
O2003755,S1024914,CUST100468,P10055,2026-01-01,2,Wallet,1514,1082.05,5,3028,151.4,2876.6,Delivered
O2003756,S1024915,CUST102809,P10260,2026-03-07,1,Credit Card,3589,2211.57,0,3589,0.0,3589.0,Delivered
O2003757,S1024916,CUST100510,P10271,2026-04-01,2,COD,7548,5673.16,25,15096,3774.0,11322.0,Delivered
O2003758,S1024919,CUST103230,P10096,2026-06-27,2,UPI,22742,15269.86,15,45484,6822.6,38661.4,Delivered
O2003759,S1024927,CUST101402,P10271,2026-04-13,1,Debit Card,7548,5673.16,10,7548,754.8,6793.2,Delivered
O2003760,S1024936,CUST104651,P10018,2026-01-14,1,Debit Card,9581,5047.77,10,9581,958.1,8622.9,Delivered
O2003761,S1024938,CUST102196,P10198,2026-03-13,2,Credit Card,32876,23438.24,10,65752,6575.2,59176.8,Delivered
O2003762,S1024978,CUST100483,P10093,2026-01-15,2,Net Banking,3481,1818.59,5,6962,348.1,6613.9,Delivered
O2003763,S1024983,CUST100412,P10045,2026-02-24,1,COD,10136,7547.37,25,10136,2534.0,7602.0,Delivered
O2003764,S1024984,CUST100354,P10262,2026-01-23,2,UPI,2779,1969.59,0,5558,0.0,5558.0,Delivered
O2003765,S1024995,CUST103856,P10198,2026-05-20,1,COD,32876,23438.24,30,32876,9862.8,23013.2,Delivered
O2003766,S1025019,CUST102129,P10116,2026-05-29,3,Net Banking,7704,5390.51,15,23112,3466.8,19645.2,Delivered
O2003767,S1025021,CUST102482,P10065,2026-05-20,2,COD,3554,2097.11,5,7108,355.4,6752.6,Delivered
O2003768,S1025029,CUST101463,P10223,2026-02-03,1,UPI,38523,24402.87,0,38523,0.0,38523.0,Delivered
O2003769,S1025032,CUST103003,P10030,2026-06-28,2,Credit Card,9973,7238.98,0,19946,0.0,19946.0,Delivered
O2003770,S1025041,CUST104977,P10299,2026-03-11,1,UPI,4035,2703.81,10,4035,403.5,3631.5,Delivered
O2003771,S1025046,CUST101661,P10115,2026-01-30,2,UPI,10668,7010.79,15,21336,3200.4,18135.6,Delivered
O2003772,S1025051,CUST103925,P10121,2026-04-08,1,UPI,3072,2175.95,15,3072,460.8,2611.2,Delivered
O2003773,S1025057,CUST104584,P10051,2026-04-22,2,COD,201,105.03,25,402,100.5,301.5,Delivered
O2003774,S1025064,CUST100418,P10237,2026-05-11,3,UPI,28041,16331.32,10,84123,8412.3,75710.7,Delivered
O2003775,S1025073,CUST102183,P10040,2026-05-14,1,COD,22035,16539.3,15,22035,3305.25,18729.75,Cancelled
O2003776,S1025074,CUST102911,P10178,2026-05-22,1,UPI,1278,832.47,20,1278,255.6,1022.4,Delivered
O2003777,S1025078,CUST100787,P10247,2026-05-15,1,UPI,5626,3385.81,20,5626,1125.2,4500.8,Delivered
O2003778,S1025079,CUST102550,P10117,2026-01-27,1,Credit Card,6826,4686.53,10,6826,682.6,6143.4,Delivered
O2003779,S1025099,CUST100221,P10006,2026-05-30,3,Debit Card,2708,1571.31,20,8124,1624.8,6499.2,Delivered
O2003780,S1025101,CUST102897,P10059,2026-01-05,2,Wallet,281,149.03,5,562,28.1,533.9,Delivered
O2003781,S1025105,CUST103951,P10156,2026-04-04,1,COD,1637,916.11,0,1637,0.0,1637.0,Delivered
O2003782,S1025115,CUST100868,P10146,2026-03-12,2,COD,13773,10462.06,0,27546,0.0,27546.0,Delivered
O2003783,S1025129,CUST100257,P10038,2026-05-28,1,COD,3461,2654.94,20,3461,692.2,2768.8,Delivered
O2003784,S1025135,CUST102038,P10155,2026-01-05,2,Credit Card,16320,8969.89,0,32640,0.0,32640.0,Delivered
O2003785,S1025139,CUST101049,P10239,2026-06-09,3,UPI,1018,609.01,25,3054,763.5,2290.5,Delivered
O2003786,S1025140,CUST104114,P10251,2026-04-11,1,Debit Card,22462,11904.7,0,22462,0.0,22462.0,Delivered
O2003787,S1025141,CUST103569,P10095,2026-01-27,1,UPI,5142,3088.55,10,5142,514.2,4627.8,Cancelled
O2003788,S1025147,CUST100736,P10057,2026-02-15,1,Credit Card,3407,1991.41,25,3407,851.75,2555.25,Delivered
O2003789,S1025148,CUST100633,P10287,2026-03-08,2,Credit Card,409,292.05,15,818,122.7,695.3,Delivered
O2003790,S1025150,CUST100287,P10010,2026-02-28,1,Credit Card,5346,3925.5,5,5346,267.3,5078.7,Delivered
O2003791,S1025165,CUST102171,P10099,2026-04-28,1,COD,12825,8888.83,10,12825,1282.5,11542.5,Delivered
O2003792,S1025175,CUST104543,P10251,2026-05-05,1,Net Banking,22462,11904.7,5,22462,1123.1,21338.9,Delivered
O2003793,S1025191,CUST104714,P10096,2026-01-26,1,COD,22742,15269.86,0,22742,0.0,22742.0,Delivered
O2003794,S1025195,CUST102619,P10267,2026-06-04,3,COD,60767,43188.99,5,182301,9115.05,173185.95,Delivered
O2003795,S1025203,CUST104720,P10082,2026-04-15,1,Credit Card,47700,33642.14,10,47700,4770.0,42930.0,Delivered
O2003796,S1025204,CUST100741,P10245,2026-04-06,3,Debit Card,5485,3753.06,10,16455,1645.5,14809.5,Delivered
O2003797,S1025206,CUST103900,P10244,2026-03-14,3,COD,22780,13006.79,10,68340,6834.0,61506.0,Delivered
O2003798,S1025208,CUST104862,P10132,2026-06-17,1,UPI,6369,3407.98,10,6369,636.9,5732.1,Delivered
O2003799,S1025214,CUST102326,P10127,2026-03-05,1,COD,8539,5168.04,25,8539,2134.75,6404.25,Delivered
O2003800,S1025226,CUST104114,P10298,2026-03-26,1,Credit Card,28854,21164.5,15,28854,4328.1,24525.9,Delivered
O2003801,S1025240,CUST102664,P10256,2026-04-20,1,Credit Card,3768,2771.04,10,3768,376.8,3391.2,Delivered
O2003802,S1025241,CUST103342,P10066,2026-05-04,2,UPI,3823,2537.87,20,7646,1529.2,6116.8,Delivered
O2003803,S1025242,CUST102316,P10099,2026-06-19,1,Net Banking,12825,8888.83,0,12825,0.0,12825.0,Delivered
O2003804,S1025249,CUST101005,P10016,2026-02-12,1,UPI,29684,19540.47,0,29684,0.0,29684.0,Delivered
O2003805,S1025258,CUST103069,P10046,2026-06-22,2,Debit Card,6966,5023.33,0,13932,0.0,13932.0,Delivered
O2003806,S1025263,CUST104743,P10087,2026-05-07,1,Credit Card,3581,2362.63,20,3581,716.2,2864.8,Cancelled
O2003807,S1025266,CUST101134,P10012,2026-04-29,1,UPI,6050,4362.18,0,6050,0.0,6050.0,Delivered
O2003808,S1025268,CUST104720,P10092,2026-05-04,2,Net Banking,64365,33832.13,10,128730,12873.0,115857.0,Delivered
O2003809,S1025270,CUST101810,P10189,2026-05-13,3,Debit Card,9580,7439.6,0,28740,0.0,28740.0,Delivered
O2003810,S1025271,CUST100267,P10174,2026-02-03,2,UPI,3339,2259.98,0,6678,0.0,6678.0,Delivered
O2003811,S1025273,CUST100668,P10160,2026-06-09,2,Debit Card,2602,1698.27,20,5204,1040.8,4163.2,Delivered
O2003812,S1025278,CUST104608,P10156,2026-01-22,2,Wallet,1637,916.11,0,3274,0.0,3274.0,Delivered
O2003813,S1025305,CUST104321,P10072,2026-05-17,3,UPI,30444,20638.98,10,91332,9133.2,82198.8,Delivered
O2003814,S1025307,CUST103894,P10076,2026-06-20,2,UPI,5696,3112.1,20,11392,2278.4,9113.6,Delivered
O2003815,S1025309,CUST103249,P10243,2026-01-20,1,Credit Card,3426,2508.92,25,3426,856.5,2569.5,Delivered
O2003816,S1025322,CUST102015,P10193,2026-03-12,2,UPI,49892,32028.99,20,99784,19956.8,79827.2,Delivered
O2003817,S1025323,CUST102577,P10015,2026-05-22,1,UPI,11273,6404.53,20,11273,2254.6,9018.4,Delivered
O2003818,S1025326,CUST101411,P10184,2026-04-08,3,UPI,45438,26626.58,0,136314,0.0,136314.0,Delivered
O2003819,S1025327,CUST101243,P10192,2026-04-04,1,UPI,897,502.88,20,897,179.4,717.6,Delivered
O2003820,S1025330,CUST101882,P10266,2026-05-15,1,UPI,4990,3619.71,5,4990,249.5,4740.5,Delivered
O2003821,S1025332,CUST100427,P10167,2026-04-04,1,Credit Card,19753,15401.71,10,19753,1975.3,17777.7,Delivered
O2003822,S1025345,CUST103147,P10118,2026-03-01,1,Debit Card,778,546.17,0,778,0.0,778.0,Cancelled
O2003823,S1025350,CUST100792,P10078,2026-04-20,1,Debit Card,2463,1414.05,15,2463,369.45,2093.55,Delivered
O2003824,S1025361,CUST103503,P10178,2026-04-02,1,COD,1278,832.47,30,1278,383.4,894.6,Cancelled
O2003825,S1025364,CUST102171,P10068,2026-03-27,2,COD,841,623.97,10,1682,168.2,1513.8,Delivered
O2003826,S1025365,CUST104648,P10280,2026-02-23,1,UPI,2303,1356.82,20,2303,460.6,1842.4,Delivered
O2003827,S1025371,CUST103277,P10056,2026-04-19,2,UPI,4152,2410.64,25,8304,2076.0,6228.0,Delivered
O2003828,S1025386,CUST103584,P10230,2026-04-09,1,Credit Card,4503,3004.28,10,4503,450.3,4052.7,Delivered
O2003829,S1025403,CUST100944,P10173,2026-01-03,1,UPI,5988,3980.65,10,5988,598.8,5389.2,Delivered
O2003830,S1025406,CUST101482,P10014,2026-02-20,2,Debit Card,1140,671.82,10,2280,228.0,2052.0,Delivered
O2003831,S1025409,CUST102206,P10162,2026-01-16,2,Debit Card,1909,1328.04,5,3818,190.9,3627.1,Delivered
O2003832,S1025420,CUST103703,P10127,2026-01-29,3,Credit Card,8539,5168.04,20,25617,5123.4,20493.6,Cancelled
O2003833,S1025422,CUST101808,P10078,2026-01-29,1,UPI,2463,1414.05,10,2463,246.3,2216.7,Delivered
O2003834,S1025428,CUST103663,P10008,2026-03-18,2,UPI,1464,905.9,0,2928,0.0,2928.0,Delivered
O2003835,S1025429,CUST102739,P10257,2026-05-28,1,COD,988,536.3,25,988,247.0,741.0,Delivered
O2003836,S1025432,CUST102741,P10193,2026-06-21,2,Credit Card,49892,32028.99,5,99784,4989.2,94794.8,Delivered
O2003837,S1025439,CUST101136,P10062,2026-01-15,2,Wallet,3742,2211.37,0,7484,0.0,7484.0,Delivered
O2003838,S1025450,CUST104626,P10245,2026-02-27,2,Net Banking,5485,3753.06,0,10970,0.0,10970.0,Delivered
O2003839,S1025459,CUST101681,P10131,2026-05-11,1,COD,17602,13555.92,30,17602,5280.6,12321.4,Delivered
O2003840,S1025464,CUST104917,P10094,2026-06-29,2,COD,3800,2327.35,20,7600,1520.0,6080.0,Delivered
O2003841,S1025479,CUST102362,P10032,2026-03-27,1,UPI,1783,1149.52,20,1783,356.6,1426.4,Delivered
O2003842,S1025483,CUST102169,P10192,2026-01-13,2,UPI,897,502.88,20,1794,358.8,1435.2,Delivered
O2003843,S1025509,CUST104639,P10062,2026-04-10,1,Debit Card,3742,2211.37,10,3742,374.2,3367.8,Delivered
O2003844,S1025511,CUST101993,P10004,2026-06-27,2,UPI,4027,3077.25,5,8054,402.7,7651.3,Delivered
O2003845,S1025512,CUST104779,P10188,2026-01-09,3,Net Banking,1125,605.0,0,3375,0.0,3375.0,Cancelled
O2003846,S1025515,CUST104386,P10076,2026-04-28,1,UPI,5696,3112.1,0,5696,0.0,5696.0,Delivered
O2003847,S1025518,CUST102386,P10233,2026-04-30,1,Credit Card,1746,1303.96,0,1746,0.0,1746.0,Delivered
O2003848,S1025525,CUST100078,P10067,2026-06-26,2,Debit Card,2119,1108.48,0,4238,0.0,4238.0,Delivered
O2003849,S1025542,CUST102829,P10003,2026-04-10,1,Credit Card,8439,5929.83,15,8439,1265.85,7173.15,Delivered
O2003850,S1025549,CUST104178,P10065,2026-06-17,3,Credit Card,3554,2097.11,30,10662,3198.6,7463.4,Delivered
O2003851,S1025550,CUST101661,P10121,2026-01-18,1,UPI,3072,2175.95,20,3072,614.4,2457.6,Delivered
O2003852,S1025570,CUST102667,P10057,2026-05-05,1,COD,3407,1991.41,5,3407,170.35,3236.65,Delivered
O2003853,S1025579,CUST100208,P10213,2026-01-01,2,Credit Card,9621,5332.56,5,19242,962.1,18279.9,Delivered
O2003854,S1025581,CUST102512,P10158,2026-04-13,2,Net Banking,2992,1787.19,20,5984,1196.8,4787.2,Delivered
O2003855,S1025605,CUST102146,P10058,2026-06-12,2,Wallet,2769,1771.56,5,5538,276.9,5261.1,Delivered
O2003856,S1025606,CUST101060,P10141,2026-05-27,3,UPI,8126,5924.94,20,24378,4875.6,19502.4,Delivered
O2003857,S1025618,CUST104926,P10096,2026-04-05,1,COD,22742,15269.86,10,22742,2274.2,20467.8,Delivered
O2003858,S1025623,CUST103121,P10151,2026-05-08,2,Wallet,3881,2822.56,0,7762,0.0,7762.0,Delivered
O2003859,S1025627,CUST100329,P10156,2026-06-08,2,Debit Card,1637,916.11,0,3274,0.0,3274.0,Delivered
O2003860,S1025628,CUST103992,P10085,2026-02-13,1,COD,1989,1381.25,30,1989,596.7,1392.3,Delivered
O2003861,S1025645,CUST100187,P10205,2026-01-12,1,COD,2967,1938.06,0,2967,0.0,2967.0,Delivered
O2003862,S1025654,CUST103547,P10024,2026-06-04,2,Credit Card,2013,1231.69,5,4026,201.3,3824.7,Delivered
O2003863,S1025659,CUST102355,P10035,2026-02-05,1,UPI,15880,9770.01,15,15880,2382.0,13498.0,Delivered
O2003864,S1025686,CUST103716,P10172,2026-01-15,2,UPI,4493,2743.95,25,8986,2246.5,6739.5,Delivered
O2003865,S1025687,CUST103991,P10239,2026-06-16,1,COD,1018,609.01,20,1018,203.6,814.4,Delivered
O2003866,S1025688,CUST104861,P10065,2026-02-24,2,COD,3554,2097.11,5,7108,355.4,6752.6,Delivered
O2003867,S1025690,CUST103881,P10219,2026-03-20,1,UPI,10171,5453.76,10,10171,1017.1,9153.9,Cancelled
O2003868,S1025693,CUST100960,P10253,2026-05-03,1,Credit Card,843,526.49,10,843,84.3,758.7,Delivered
O2003869,S1025695,CUST101117,P10220,2026-01-22,3,UPI,4583,2718.39,10,13749,1374.9,12374.1,Delivered
O2003870,S1025701,CUST104381,P10059,2026-01-12,3,Credit Card,281,149.03,0,843,0.0,843.0,Cancelled
O2003871,S1025712,CUST102961,P10157,2026-02-04,1,COD,25547,19576.56,10,25547,2554.7,22992.3,Delivered
O2003872,S1025722,CUST100770,P10088,2026-02-03,3,Debit Card,28130,21646.92,30,84390,25317.0,59073.0,Delivered
O2003873,S1025727,CUST101360,P10250,2026-01-10,3,UPI,3881,2347.37,0,11643,0.0,11643.0,Delivered
O2003874,S1025729,CUST101257,P10048,2026-01-23,1,Debit Card,10082,5617.48,30,10082,3024.6,7057.4,Delivered
O2003875,S1025744,CUST102763,P10285,2026-03-06,2,Net Banking,56690,39870.19,10,113380,11338.0,102042.0,Delivered
O2003876,S1025748,CUST100310,P10233,2026-05-16,1,COD,1746,1303.96,25,1746,436.5,1309.5,Delivered
O2003877,S1025752,CUST102257,P10171,2026-03-29,2,UPI,8740,5130.1,30,17480,5244.0,12236.0,Delivered
O2003878,S1025767,CUST100232,P10286,2026-05-13,1,UPI,4249,3140.86,15,4249,637.35,3611.65,Cancelled
O2003879,S1025769,CUST100562,P10098,2026-03-17,1,UPI,2458,1640.7,20,2458,491.6,1966.4,Delivered
O2003880,S1025773,CUST100993,P10160,2026-06-11,3,UPI,2602,1698.27,0,7806,0.0,7806.0,Delivered
O2003881,S1025775,CUST101557,P10117,2026-06-16,2,Net Banking,6826,4686.53,0,13652,0.0,13652.0,Delivered
O2003882,S1025778,CUST102477,P10036,2026-03-09,2,Debit Card,55094,40455.54,5,110188,5509.4,104678.6,Delivered
O2003883,S1025781,CUST103757,P10265,2026-02-18,1,UPI,9033,6070.38,0,9033,0.0,9033.0,Delivered
O2003884,S1025793,CUST100017,P10098,2026-01-03,1,UPI,2458,1640.7,10,2458,245.8,2212.2,Delivered
O2003885,S1025800,CUST100379,P10038,2026-01-04,3,Net Banking,3461,2654.94,0,10383,0.0,10383.0,Delivered
O2003886,S1025801,CUST104436,P10105,2026-05-27,3,UPI,9875,6870.26,30,29625,8887.5,20737.5,Delivered
O2003887,S1025810,CUST103040,P10215,2026-03-06,1,COD,2133,1449.01,10,2133,213.3,1919.7,Delivered
O2003888,S1025812,CUST104446,P10120,2026-01-09,1,COD,6871,5090.3,25,6871,1717.75,5153.25,Delivered
O2003889,S1025815,CUST104313,P10016,2026-05-03,3,UPI,29684,19540.47,0,89052,0.0,89052.0,Delivered
O2003890,S1025817,CUST101725,P10224,2026-05-23,1,Credit Card,1817,1295.8,30,1817,545.1,1271.9,Delivered
O2003891,S1025819,CUST101062,P10089,2026-03-21,1,UPI,5663,3534.98,5,5663,283.15,5379.85,Delivered
O2003892,S1025826,CUST102148,P10139,2026-02-17,1,Credit Card,848,614.49,5,848,42.4,805.6,Delivered
O2003893,S1025829,CUST104806,P10182,2026-04-28,1,Credit Card,7588,5180.35,10,7588,758.8,6829.2,Delivered
O2003894,S1025840,CUST103197,P10068,2026-01-10,1,Net Banking,841,623.97,10,841,84.1,756.9,Delivered
O2003895,S1025842,CUST104748,P10026,2026-06-15,1,Wallet,16626,9676.0,25,16626,4156.5,12469.5,Delivered
O2003896,S1025862,CUST102465,P10058,2026-03-11,2,COD,2769,1771.56,0,5538,0.0,5538.0,Delivered
O2003897,S1025874,CUST100602,P10084,2026-02-25,1,UPI,5330,2842.99,10,5330,533.0,4797.0,Delivered
O2003898,S1025891,CUST100734,P10284,2026-05-02,1,UPI,1898,1058.59,5,1898,94.9,1803.1,Delivered
O2003899,S1025894,CUST104554,P10279,2026-03-21,2,UPI,2276,1649.23,20,4552,910.4,3641.6,Delivered
O2003900,S1025897,CUST100970,P10090,2026-01-20,3,Net Banking,7588,4498.47,15,22764,3414.6,19349.4,Delivered
O2003901,S1025900,CUST104616,P10294,2026-01-16,2,Debit Card,5617,4032.22,25,11234,2808.5,8425.5,Delivered
O2003902,S1025909,CUST102475,P10001,2026-02-21,1,UPI,59620,39248.59,15,59620,8943.0,50677.0,Cancelled
O2003903,S1025912,CUST101601,P10006,2026-03-05,2,Debit Card,2708,1571.31,20,5416,1083.2,4332.8,Delivered
O2003904,S1025918,CUST104251,P10205,2026-05-14,1,COD,2967,1938.06,25,2967,741.75,2225.25,Delivered
O2003905,S1025923,CUST104815,P10098,2026-02-07,3,UPI,2458,1640.7,10,7374,737.4,6636.6,Delivered
O2003906,S1025929,CUST101893,P10205,2026-04-10,2,UPI,2967,1938.06,20,5934,1186.8,4747.2,Delivered
O2003907,S1025930,CUST103757,P10026,2026-03-29,3,Debit Card,16626,9676.0,10,49878,4987.8,44890.2,Delivered
O2003908,S1025940,CUST103513,P10239,2026-03-03,1,UPI,1018,609.01,10,1018,101.8,916.2,Delivered
O2003909,S1025943,CUST102643,P10062,2026-01-29,2,COD,3742,2211.37,15,7484,1122.6,6361.4,Delivered
O2003910,S1025956,CUST102869,P10003,2026-05-01,2,Debit Card,8439,5929.83,20,16878,3375.6,13502.4,Cancelled
O2003911,S1025967,CUST100281,P10060,2026-03-02,2,UPI,5247,2849.56,30,10494,3148.2,7345.8,Delivered
O2003912,S1025969,CUST101114,P10183,2026-06-23,2,UPI,1477,1130.4,20,2954,590.8,2363.2,Delivered
O2003913,S1025974,CUST103179,P10227,2026-02-03,1,Credit Card,3471,2208.54,5,3471,173.55,3297.45,Delivered
O2003914,S1025980,CUST101131,P10022,2026-02-22,2,Debit Card,63437,46017.35,20,126874,25374.8,101499.2,Delivered
O2003915,S1025983,CUST104357,P10003,2026-03-21,1,UPI,8439,5929.83,25,8439,2109.75,6329.25,Delivered
O2003916,S1025987,CUST100693,P10248,2026-02-07,3,Net Banking,7477,5791.69,10,22431,2243.1,20187.9,Delivered
O2003917,S1025990,CUST102845,P10288,2026-01-10,3,UPI,61529,36961.24,15,184587,27688.05,156898.95,Delivered
O2003918,S1026002,CUST104123,P10023,2026-06-13,1,UPI,7904,4640.7,0,7904,0.0,7904.0,Delivered
O2003919,S1026005,CUST104474,P10163,2026-05-27,1,Net Banking,993,694.32,0,993,0.0,993.0,Delivered
O2003920,S1026010,CUST104260,P10199,2026-04-02,2,Credit Card,22784,17284.35,0,45568,0.0,45568.0,Delivered
O2003921,S1026024,CUST101538,P10090,2026-06-28,2,UPI,7588,4498.47,20,15176,3035.2,12140.8,Delivered
O2003922,S1026028,CUST101783,P10131,2026-03-18,3,Credit Card,17602,13555.92,15,52806,7920.9,44885.1,Delivered
O2003923,S1026031,CUST102014,P10129,2026-01-02,2,UPI,479,371.85,10,958,95.8,862.2,Delivered
O2003924,S1026037,CUST104725,P10125,2026-02-07,1,Net Banking,810,501.25,0,810,0.0,810.0,Delivered
O2003925,S1026044,CUST104021,P10174,2026-06-25,3,UPI,3339,2259.98,10,10017,1001.7,9015.3,Delivered
O2003926,S1026045,CUST104601,P10164,2026-03-19,2,Debit Card,1457,948.54,0,2914,0.0,2914.0,Delivered
O2003927,S1026046,CUST104957,P10172,2026-06-01,2,UPI,4493,2743.95,0,8986,0.0,8986.0,Delivered
O2003928,S1026049,CUST100629,P10110,2026-04-06,1,Wallet,23464,16729.04,15,23464,3519.6,19944.4,Delivered
O2003929,S1026056,CUST102920,P10248,2026-06-24,2,Credit Card,7477,5791.69,15,14954,2243.1,12710.9,Cancelled
O2003930,S1026057,CUST100460,P10261,2026-05-09,3,Credit Card,10937,8376.17,25,32811,8202.75,24608.25,Delivered
O2003931,S1026063,CUST100060,P10132,2026-03-17,1,UPI,6369,3407.98,25,6369,1592.25,4776.75,Cancelled
O2003932,S1026065,CUST103186,P10062,2026-05-11,1,Credit Card,3742,2211.37,5,3742,187.1,3554.9,Cancelled
O2003933,S1026071,CUST104772,P10096,2026-01-04,1,COD,22742,15269.86,15,22742,3411.3,19330.7,Delivered
O2003934,S1026075,CUST102666,P10222,2026-06-03,3,Net Banking,5863,3845.53,10,17589,1758.9,15830.1,Delivered
O2003935,S1026077,CUST104399,P10155,2026-04-25,3,COD,16320,8969.89,15,48960,7344.0,41616.0,Delivered
O2003936,S1026088,CUST100211,P10022,2026-02-10,3,UPI,63437,46017.35,10,190311,19031.1,171279.9,Delivered
O2003937,S1026108,CUST102794,P10191,2026-04-18,2,COD,3889,2670.53,10,7778,777.8,7000.2,Delivered
O2003938,S1026115,CUST101726,P10173,2026-05-19,1,Wallet,5988,3980.65,20,5988,1197.6,4790.4,Delivered
O2003939,S1026125,CUST104558,P10114,2026-03-26,1,Credit Card,3443,2348.43,10,3443,344.3,3098.7,Delivered
O2003940,S1026126,CUST104287,P10054,2026-04-22,1,UPI,231,167.07,20,231,46.2,184.8,Delivered
O2003941,S1026132,CUST100157,P10168,2026-01-25,1,Debit Card,19244,10755.21,0,19244,0.0,19244.0,Delivered
O2003942,S1026142,CUST103653,P10153,2026-01-27,2,UPI,1705,1045.99,0,3410,0.0,3410.0,Delivered
O2003943,S1026147,CUST100506,P10039,2026-03-13,1,Net Banking,5709,3603.27,10,5709,570.9,5138.1,Delivered
O2003944,S1026157,CUST103890,P10265,2026-05-10,3,UPI,9033,6070.38,20,27099,5419.8,21679.2,Delivered
O2003945,S1026176,CUST100033,P10135,2026-05-29,1,Net Banking,49087,26034.8,20,49087,9817.4,39269.6,Delivered
O2003946,S1026187,CUST100151,P10074,2026-02-14,2,UPI,7946,5564.84,20,15892,3178.4,12713.6,Delivered
O2003947,S1026189,CUST100345,P10297,2026-02-19,3,COD,26848,19890.05,10,80544,8054.4,72489.6,Delivered
O2003948,S1026192,CUST104717,P10263,2026-05-08,2,Wallet,56908,38354.98,20,113816,22763.2,91052.8,Cancelled
O2003949,S1026197,CUST104999,P10147,2026-02-02,2,UPI,2573,1365.43,10,5146,514.6,4631.4,Delivered
O2003950,S1026199,CUST103576,P10038,2026-03-13,1,Credit Card,3461,2654.94,20,3461,692.2,2768.8,Delivered
O2003951,S1026202,CUST104167,P10242,2026-05-26,2,UPI,1757,1230.79,30,3514,1054.2,2459.8,Delivered
O2003952,S1026215,CUST101454,P10084,2026-05-15,1,COD,5330,2842.99,10,5330,533.0,4797.0,Delivered
O2003953,S1026226,CUST102328,P10266,2026-05-18,1,Debit Card,4990,3619.71,25,4990,1247.5,3742.5,Delivered
O2003954,S1026227,CUST104460,P10088,2026-01-23,1,Net Banking,28130,21646.92,0,28130,0.0,28130.0,Delivered
O2003955,S1026233,CUST103958,P10036,2026-01-27,1,Credit Card,55094,40455.54,15,55094,8264.1,46829.9,Delivered
O2003956,S1026235,CUST102491,P10186,2026-03-12,2,COD,47740,30071.34,10,95480,9548.0,85932.0,Delivered
O2003957,S1026250,CUST104703,P10099,2026-05-27,1,Credit Card,12825,8888.83,15,12825,1923.75,10901.25,Delivered
O2003958,S1026255,CUST100409,P10179,2026-04-20,2,UPI,38788,21658.7,0,77576,0.0,77576.0,Delivered
O2003959,S1026258,CUST104334,P10295,2026-05-21,2,Debit Card,3907,2124.83,10,7814,781.4,7032.6,Cancelled
O2003960,S1026278,CUST101679,P10131,2026-01-19,2,Debit Card,17602,13555.92,10,35204,3520.4,31683.6,Cancelled
O2003961,S1026280,CUST100266,P10027,2026-03-15,1,Credit Card,7408,4535.44,20,7408,1481.6,5926.4,Delivered
O2003962,S1026286,CUST100073,P10025,2026-01-14,1,Debit Card,20042,11076.55,10,20042,2004.2,18037.8,Delivered
O2003963,S1026289,CUST100185,P10052,2026-05-27,2,Credit Card,3236,2324.09,5,6472,323.6,6148.4,Delivered
O2003964,S1026316,CUST102719,P10273,2026-02-28,2,UPI,48027,33244.33,10,96054,9605.4,86448.6,Delivered
O2003965,S1026317,CUST103256,P10230,2026-03-31,1,Net Banking,4503,3004.28,0,4503,0.0,4503.0,Delivered
O2003966,S1026320,CUST104717,P10144,2026-01-21,3,Wallet,1810,1018.16,15,5430,814.5,4615.5,Delivered
O2003967,S1026322,CUST104077,P10155,2026-01-09,2,Credit Card,16320,8969.89,15,32640,4896.0,27744.0,Delivered
O2003968,S1026366,CUST104663,P10177,2026-02-27,1,Wallet,7179,4294.95,0,7179,0.0,7179.0,Delivered
O2003969,S1026369,CUST102390,P10236,2026-05-31,1,COD,854,611.4,10,854,85.4,768.6,Delivered
O2003970,S1026370,CUST104535,P10155,2026-03-12,2,COD,16320,8969.89,5,32640,1632.0,31008.0,Cancelled
O2003971,S1026393,CUST101125,P10256,2026-04-21,1,UPI,3768,2771.04,10,3768,376.8,3391.2,Delivered
O2003972,S1026398,CUST101040,P10193,2026-05-14,2,UPI,49892,32028.99,0,99784,0.0,99784.0,Cancelled
O2003973,S1026401,CUST100745,P10167,2026-06-26,2,Credit Card,19753,15401.71,10,39506,3950.6,35555.4,Delivered
O2003974,S1026411,CUST103033,P10043,2026-01-14,2,Debit Card,1883,1280.93,0,3766,0.0,3766.0,Cancelled
O2003975,S1026414,CUST102031,P10108,2026-03-17,1,UPI,4124,2828.95,20,4124,824.8,3299.2,Delivered
O2003976,S1026416,CUST100690,P10058,2026-03-01,1,Net Banking,2769,1771.56,10,2769,276.9,2492.1,Delivered
O2003977,S1026418,CUST104082,P10228,2026-06-10,3,Net Banking,5785,4065.12,20,17355,3471.0,13884.0,Delivered
O2003978,S1026422,CUST101591,P10154,2026-06-04,1,UPI,19267,15018.89,20,19267,3853.4,15413.6,Delivered
O2003979,S1026423,CUST100868,P10130,2026-04-12,2,Debit Card,776,487.13,20,1552,310.4,1241.6,Delivered
O2003980,S1026424,CUST104370,P10201,2026-05-06,1,Debit Card,1168,898.71,25,1168,292.0,876.0,Delivered
O2003981,S1026425,CUST102065,P10045,2026-03-27,2,UPI,10136,7547.37,30,20272,6081.6,14190.4,Delivered
O2003982,S1026438,CUST101021,P10250,2026-01-29,1,UPI,3881,2347.37,20,3881,776.2,3104.8,Delivered
O2003983,S1026457,CUST101377,P10289,2026-05-26,1,COD,13420,8244.67,0,13420,0.0,13420.0,Delivered
O2003984,S1026471,CUST102313,P10270,2026-02-19,2,Credit Card,996,636.03,0,1992,0.0,1992.0,Delivered
O2003985,S1026481,CUST102917,P10189,2026-03-05,2,Wallet,9580,7439.6,20,19160,3832.0,15328.0,Delivered
O2003986,S1026489,CUST104251,P10277,2026-04-19,1,Debit Card,3998,2912.65,5,3998,199.9,3798.1,Delivered
O2003987,S1026493,CUST102974,P10143,2026-05-03,3,UPI,11876,8893.28,15,35628,5344.2,30283.8,Delivered
O2003988,S1026495,CUST104960,P10029,2026-03-09,1,Credit Card,33318,25283.28,0,33318,0.0,33318.0,Delivered
O2003989,S1026505,CUST104315,P10181,2026-05-10,2,Net Banking,3031,1585.49,15,6062,909.3,5152.7,Delivered
O2003990,S1026507,CUST104839,P10013,2026-04-02,1,UPI,21186,12092.0,10,21186,2118.6,19067.4,Delivered
O2003991,S1026512,CUST101013,P10227,2026-06-18,1,UPI,3471,2208.54,30,3471,1041.3,2429.7,Delivered
O2003992,S1026518,CUST101610,P10260,2026-02-04,3,Net Banking,3589,2211.57,25,10767,2691.75,8075.25,Delivered
O2003993,S1026523,CUST103256,P10101,2026-05-05,1,UPI,12746,6696.14,10,12746,1274.6,11471.4,Delivered
O2003994,S1026537,CUST100087,P10173,2026-04-08,1,Credit Card,5988,3980.65,10,5988,598.8,5389.2,Delivered
O2003995,S1026539,CUST103320,P10043,2026-03-01,2,Debit Card,1883,1280.93,0,3766,0.0,3766.0,Delivered
O2003996,S1026541,CUST103821,P10210,2026-02-20,1,Credit Card,12116,8357.65,20,12116,2423.2,9692.8,Delivered
O2003997,S1026543,CUST103602,P10274,2026-02-24,1,UPI,8692,5018.43,25,8692,2173.0,6519.0,Delivered
O2003998,S1026573,CUST104727,P10257,2026-02-26,2,Credit Card,988,536.3,5,1976,98.8,1877.2,Delivered
O2003999,S1026580,CUST103012,P10258,2026-04-19,2,UPI,5885,4538.6,15,11770,1765.5,10004.5,Delivered
O2004000,S1026583,CUST104081,P10162,2026-04-27,1,UPI,1909,1328.04,20,1909,381.8,1527.2,Delivered
O2004001,S1026588,CUST103487,P10120,2026-01-08,3,UPI,6871,5090.3,5,20613,1030.65,19582.35,Delivered
O2004002,S1026590,CUST103766,P10240,2026-03-07,2,UPI,12093,7882.85,20,24186,4837.2,19348.8,Delivered
O2004003,S1026593,CUST104051,P10265,2026-04-17,1,UPI,9033,6070.38,0,9033,0.0,9033.0,Delivered
O2004004,S1026595,CUST103636,P10214,2026-05-19,2,UPI,29722,18648.85,10,59444,5944.4,53499.6,Delivered
O2004005,S1026609,CUST101901,P10162,2026-02-18,3,UPI,1909,1328.04,15,5727,859.05,4867.95,Delivered
O2004006,S1026621,CUST103396,P10178,2026-02-17,3,UPI,1278,832.47,0,3834,0.0,3834.0,Delivered
O2004007,S1026628,CUST103384,P10187,2026-04-28,3,Debit Card,21453,15652.9,5,64359,3217.95,61141.05,Delivered
O2004008,S1026630,CUST104356,P10148,2026-04-27,1,Debit Card,11870,6486.2,0,11870,0.0,11870.0,Delivered
O2004009,S1026633,CUST101112,P10025,2026-06-22,3,UPI,20042,11076.55,25,60126,15031.5,45094.5,Delivered
O2004010,S1026641,CUST102233,P10277,2026-03-07,3,UPI,3998,2912.65,15,11994,1799.1,10194.9,Delivered
O2004011,S1026647,CUST103796,P10259,2026-01-26,2,UPI,23155,17448.81,10,46310,4631.0,41679.0,Delivered
O2004012,S1026652,CUST102150,P10260,2026-02-07,1,Credit Card,3589,2211.57,30,3589,1076.7,2512.3,Delivered
O2004013,S1026655,CUST104840,P10245,2026-03-30,1,UPI,5485,3753.06,5,5485,274.25,5210.75,Delivered
O2004014,S1026658,CUST103639,P10281,2026-04-23,2,Net Banking,3253,2264.87,25,6506,1626.5,4879.5,Delivered
O2004015,S1026659,CUST101278,P10230,2026-01-20,2,UPI,4503,3004.28,15,9006,1350.9,7655.1,Delivered
O2004016,S1026660,CUST104823,P10201,2026-05-08,1,Debit Card,1168,898.71,25,1168,292.0,876.0,Delivered
O2004017,S1026667,CUST104473,P10092,2026-06-04,3,UPI,64365,33832.13,30,193095,57928.5,135166.5,Delivered
O2004018,S1026672,CUST100246,P10234,2026-01-10,2,COD,36971,27562.66,10,73942,7394.2,66547.8,Delivered
O2004019,S1026686,CUST101397,P10181,2026-03-11,1,UPI,3031,1585.49,10,3031,303.1,2727.9,Delivered
O2004020,S1026689,CUST100012,P10208,2026-06-27,1,UPI,9679,5536.57,5,9679,483.95,9195.05,Delivered
O2004021,S1026695,CUST103184,P10201,2026-05-11,2,Debit Card,1168,898.71,0,2336,0.0,2336.0,Delivered
O2004022,S1026700,CUST102553,P10195,2026-06-24,2,Wallet,7539,5346.62,15,15078,2261.7,12816.3,Delivered
O2004023,S1026702,CUST101755,P10179,2026-06-09,3,UPI,38788,21658.7,30,116364,34909.2,81454.8,Delivered
O2004024,S1026704,CUST104039,P10061,2026-03-16,2,UPI,6549,4234.25,10,13098,1309.8,11788.2,Delivered
O2004025,S1026715,CUST104945,P10102,2026-03-15,1,COD,1713,1304.26,20,1713,342.6,1370.4,Delivered
O2004026,S1026720,CUST103106,P10248,2026-06-04,2,COD,7477,5791.69,10,14954,1495.4,13458.6,Delivered
O2004027,S1026723,CUST100891,P10121,2026-04-20,1,Debit Card,3072,2175.95,30,3072,921.6,2150.4,Delivered
O2004028,S1026731,CUST104859,P10183,2026-02-22,1,UPI,1477,1130.4,25,1477,369.25,1107.75,Delivered
O2004029,S1026733,CUST100778,P10063,2026-04-15,1,Debit Card,19918,12590.22,15,19918,2987.7,16930.3,Delivered
O2004030,S1026734,CUST101407,P10252,2026-04-02,2,Credit Card,12430,8332.71,20,24860,4972.0,19888.0,Delivered
O2004031,S1026735,CUST103758,P10108,2026-03-17,1,Net Banking,4124,2828.95,10,4124,412.4,3711.6,Delivered
O2004032,S1026736,CUST102758,P10026,2026-02-05,3,Net Banking,16626,9676.0,10,49878,4987.8,44890.2,Delivered
O2004033,S1026738,CUST103568,P10130,2026-03-31,1,UPI,776,487.13,20,776,155.2,620.8,Delivered
O2004034,S1026744,CUST101735,P10166,2026-06-16,3,UPI,2850,1684.41,10,8550,855.0,7695.0,Delivered
O2004035,S1026763,CUST103939,P10022,2026-06-25,1,Credit Card,63437,46017.35,20,63437,12687.4,50749.6,Delivered
O2004036,S1026770,CUST102686,P10232,2026-06-03,1,Debit Card,769,438.83,5,769,38.45,730.55,Delivered
O2004037,S1026777,CUST104914,P10142,2026-04-11,1,UPI,68955,39692.83,0,68955,0.0,68955.0,Delivered
O2004038,S1026778,CUST102876,P10107,2026-02-21,2,Net Banking,6047,3588.8,25,12094,3023.5,9070.5,Delivered
O2004039,S1026779,CUST100580,P10174,2026-06-16,2,Credit Card,3339,2259.98,0,6678,0.0,6678.0,Cancelled
O2004040,S1026782,CUST101490,P10035,2026-01-31,1,UPI,15880,9770.01,0,15880,0.0,15880.0,Delivered
O2004041,S1026791,CUST102623,P10029,2026-05-08,1,Credit Card,33318,25283.28,0,33318,0.0,33318.0,Delivered
O2004042,S1026795,CUST103394,P10297,2026-04-09,3,Net Banking,26848,19890.05,30,80544,24163.2,56380.8,Delivered
O2004043,S1026804,CUST102086,P10221,2026-05-18,1,COD,31726,18312.58,0,31726,0.0,31726.0,Delivered
O2004044,S1026822,CUST104934,P10166,2026-03-18,1,Net Banking,2850,1684.41,10,2850,285.0,2565.0,Delivered
O2004045,S1026831,CUST102817,P10185,2026-05-05,1,Credit Card,1404,1040.82,20,1404,280.8,1123.2,Delivered
O2004046,S1026833,CUST101699,P10064,2026-05-20,1,UPI,7246,5088.4,5,7246,362.3,6883.7,Delivered
O2004047,S1026837,CUST101995,P10029,2026-03-07,3,Credit Card,33318,25283.28,15,99954,14993.1,84960.9,Delivered
O2004048,S1026839,CUST104700,P10245,2026-02-03,1,Credit Card,5485,3753.06,25,5485,1371.25,4113.75,Delivered
O2004049,S1026841,CUST100111,P10226,2026-01-05,2,COD,4873,3317.69,0,9746,0.0,9746.0,Delivered
O2004050,S1026844,CUST102621,P10043,2026-02-07,2,Credit Card,1883,1280.93,10,3766,376.6,3389.4,Delivered
O2004051,S1026846,CUST101986,P10057,2026-06-23,2,COD,3407,1991.41,0,6814,0.0,6814.0,Delivered
O2004052,S1026848,CUST101480,P10033,2026-06-21,3,UPI,22331,13681.85,25,66993,16748.25,50244.75,Delivered
O2004053,S1026853,CUST100535,P10126,2026-06-23,3,Credit Card,2344,1625.06,15,7032,1054.8,5977.2,Delivered
O2004054,S1026854,CUST100080,P10235,2026-03-06,1,COD,68950,50389.39,25,68950,17237.5,51712.5,Delivered
O2004055,S1026855,CUST104368,P10074,2026-01-29,2,COD,7946,5564.84,20,15892,3178.4,12713.6,Delivered
O2004056,S1026856,CUST103637,P10074,2026-01-02,2,Credit Card,7946,5564.84,5,15892,794.6,15097.4,Delivered
O2004057,S1026870,CUST101360,P10285,2026-05-01,2,UPI,56690,39870.19,0,113380,0.0,113380.0,Cancelled
O2004058,S1026872,CUST102536,P10186,2026-02-27,2,UPI,47740,30071.34,30,95480,28644.0,66836.0,Delivered
O2004059,S1026874,CUST104068,P10098,2026-04-19,2,Wallet,2458,1640.7,5,4916,245.8,4670.2,Delivered
O2004060,S1026875,CUST101384,P10279,2026-06-12,1,UPI,2276,1649.23,10,2276,227.6,2048.4,Delivered
O2004061,S1026879,CUST103284,P10039,2026-06-29,1,UPI,5709,3603.27,10,5709,570.9,5138.1,Delivered
O2004062,S1026891,CUST102334,P10216,2026-02-11,1,Debit Card,26876,16855.26,30,26876,8062.8,18813.2,Delivered
O2004063,S1026895,CUST101302,P10171,2026-06-21,2,UPI,8740,5130.1,10,17480,1748.0,15732.0,Delivered
O2004064,S1026896,CUST103407,P10146,2026-01-26,2,Net Banking,13773,10462.06,30,27546,8263.8,19282.2,Delivered
O2004065,S1026920,CUST104133,P10036,2026-03-02,1,UPI,55094,40455.54,0,55094,0.0,55094.0,Delivered
O2004066,S1026932,CUST104167,P10218,2026-03-24,2,UPI,46613,31735.95,5,93226,4661.3,88564.7,Delivered
O2004067,S1026940,CUST104817,P10288,2026-03-06,1,Debit Card,61529,36961.24,15,61529,9229.35,52299.65,Delivered
O2004068,S1026946,CUST102874,P10136,2026-05-01,1,Debit Card,5090,3231.92,30,5090,1527.0,3563.0,Delivered
O2004069,S1026947,CUST104239,P10017,2026-03-16,2,Debit Card,5562,2936.56,0,11124,0.0,11124.0,Delivered
O2004070,S1026948,CUST101191,P10201,2026-03-11,2,UPI,1168,898.71,20,2336,467.2,1868.8,Delivered
O2004071,S1026950,CUST103592,P10096,2026-02-05,1,Net Banking,22742,15269.86,0,22742,0.0,22742.0,Cancelled
O2004072,S1026958,CUST102890,P10163,2026-05-19,2,Credit Card,993,694.32,20,1986,397.2,1588.8,Delivered
O2004073,S1026968,CUST100345,P10258,2026-04-25,1,Debit Card,5885,4538.6,10,5885,588.5,5296.5,Cancelled
O2004074,S1026974,CUST104173,P10267,2026-04-23,1,COD,60767,43188.99,0,60767,0.0,60767.0,Cancelled
O2004075,S1026978,CUST101591,P10271,2026-04-20,1,UPI,7548,5673.16,10,7548,754.8,6793.2,Delivered
O2004076,S1026982,CUST104100,P10114,2026-06-18,1,Debit Card,3443,2348.43,10,3443,344.3,3098.7,Delivered
O2004077,S1026984,CUST102572,P10151,2026-06-20,2,Debit Card,3881,2822.56,15,7762,1164.3,6597.7,Delivered
O2004078,S1026989,CUST104419,P10144,2026-04-25,1,UPI,1810,1018.16,20,1810,362.0,1448.0,Delivered
O2004079,S1026997,CUST103491,P10202,2026-02-27,1,Debit Card,36183,20924.16,10,36183,3618.3,32564.7,Delivered
O2004080,S1027002,CUST101074,P10117,2026-01-30,3,COD,6826,4686.53,20,20478,4095.6,16382.4,Delivered
O2004081,S1027003,CUST102490,P10275,2026-01-10,2,Debit Card,23193,17875.58,5,46386,2319.3,44066.7,Delivered
O2004082,S1027007,CUST102594,P10041,2026-05-08,3,UPI,6442,3659.95,20,19326,3865.2,15460.8,Delivered
O2004083,S1027012,CUST102203,P10205,2026-05-18,1,Net Banking,2967,1938.06,15,2967,445.05,2521.95,Delivered
O2004084,S1027013,CUST104365,P10295,2026-04-21,2,UPI,3907,2124.83,10,7814,781.4,7032.6,Delivered
O2004085,S1027021,CUST102670,P10151,2026-05-02,2,Credit Card,3881,2822.56,10,7762,776.2,6985.8,Delivered
O2004086,S1027033,CUST101616,P10086,2026-05-08,3,UPI,16998,12423.12,5,50994,2549.7,48444.3,Delivered
O2004087,S1027039,CUST102736,P10232,2026-01-22,2,COD,769,438.83,25,1538,384.5,1153.5,Delivered
O2004088,S1027041,CUST101760,P10283,2026-02-04,1,UPI,33348,23060.2,0,33348,0.0,33348.0,Delivered
O2004089,S1027043,CUST100407,P10035,2026-04-27,2,COD,15880,9770.01,20,31760,6352.0,25408.0,Delivered
O2004090,S1027053,CUST102178,P10160,2026-05-28,2,Net Banking,2602,1698.27,0,5204,0.0,5204.0,Delivered
O2004091,S1027055,CUST103943,P10248,2026-06-12,2,UPI,7477,5791.69,15,14954,2243.1,12710.9,Delivered
O2004092,S1027058,CUST100365,P10181,2026-02-05,2,Debit Card,3031,1585.49,0,6062,0.0,6062.0,Delivered
O2004093,S1027065,CUST104573,P10282,2026-04-30,3,UPI,3313,2240.18,0,9939,0.0,9939.0,Delivered
O2004094,S1027070,CUST102542,P10044,2026-02-03,1,Debit Card,49345,36903.93,10,49345,4934.5,44410.5,Delivered
O2004095,S1027077,CUST104341,P10148,2026-04-09,3,COD,11870,6486.2,5,35610,1780.5,33829.5,Delivered
O2004096,S1027128,CUST102787,P10086,2026-03-03,1,UPI,16998,12423.12,0,16998,0.0,16998.0,Delivered
O2004097,S1027129,CUST102400,P10272,2026-03-15,3,UPI,2807,1874.84,0,8421,0.0,8421.0,Delivered
O2004098,S1027131,CUST100317,P10271,2026-02-22,1,Net Banking,7548,5673.16,0,7548,0.0,7548.0,Delivered
O2004099,S1027132,CUST103601,P10101,2026-05-11,1,Wallet,12746,6696.14,10,12746,1274.6,11471.4,Delivered
O2004100,S1027143,CUST101652,P10149,2026-03-17,2,Net Banking,9529,5928.93,0,19058,0.0,19058.0,Delivered
O2004101,S1027152,CUST100660,P10110,2026-01-18,1,Debit Card,23464,16729.04,5,23464,1173.2,22290.8,Delivered
O2004102,S1027160,CUST101980,P10059,2026-06-23,1,UPI,281,149.03,20,281,56.2,224.8,Delivered
O2004103,S1027171,CUST104632,P10235,2026-02-27,1,Debit Card,68950,50389.39,10,68950,6895.0,62055.0,Delivered
O2004104,S1027187,CUST102162,P10223,2026-01-27,1,Debit Card,38523,24402.87,15,38523,5778.45,32744.55,Cancelled
O2004105,S1027190,CUST101620,P10242,2026-05-17,3,UPI,1757,1230.79,0,5271,0.0,5271.0,Delivered
O2004106,S1027195,CUST102962,P10051,2026-04-17,1,Credit Card,201,105.03,0,201,0.0,201.0,Delivered
O2004107,S1027201,CUST103498,P10230,2026-03-03,1,UPI,4503,3004.28,10,4503,450.3,4052.7,Delivered
O2004108,S1027203,CUST104143,P10142,2026-02-28,1,Debit Card,68955,39692.83,0,68955,0.0,68955.0,Cancelled
O2004109,S1027205,CUST101064,P10179,2026-05-13,1,UPI,38788,21658.7,5,38788,1939.4,36848.6,Delivered
O2004110,S1027213,CUST101378,P10294,2026-06-02,2,UPI,5617,4032.22,20,11234,2246.8,8987.2,Delivered
O2004111,S1027215,CUST104847,P10036,2026-06-13,1,COD,55094,40455.54,10,55094,5509.4,49584.6,Delivered
O2004112,S1027231,CUST104779,P10210,2026-05-12,2,UPI,12116,8357.65,10,24232,2423.2,21808.8,Delivered
O2004113,S1027236,CUST101308,P10247,2026-01-23,1,UPI,5626,3385.81,10,5626,562.6,5063.4,Cancelled
O2004114,S1027242,CUST104672,P10162,2026-06-02,1,Debit Card,1909,1328.04,25,1909,477.25,1431.75,Delivered
O2004115,S1027251,CUST102130,P10290,2026-04-10,2,Credit Card,2169,1222.51,15,4338,650.7,3687.3,Delivered
O2004116,S1027257,CUST104331,P10085,2026-03-27,1,COD,1989,1381.25,20,1989,397.8,1591.2,Delivered
O2004117,S1027265,CUST103442,P10082,2026-01-12,2,UPI,47700,33642.14,20,95400,19080.0,76320.0,Delivered
O2004118,S1027269,CUST104875,P10021,2026-03-26,3,UPI,1105,826.21,15,3315,497.25,2817.75,Delivered
O2004119,S1027273,CUST104993,P10148,2026-03-10,2,Credit Card,11870,6486.2,5,23740,1187.0,22553.0,Delivered
O2004120,S1027283,CUST104165,P10030,2026-03-01,1,COD,9973,7238.98,20,9973,1994.6,7978.4,Delivered
O2004121,S1027293,CUST100008,P10276,2026-03-24,2,UPI,13124,7781.19,25,26248,6562.0,19686.0,Delivered
O2004122,S1027300,CUST103756,P10290,2026-02-28,2,UPI,2169,1222.51,15,4338,650.7,3687.3,Delivered
O2004123,S1027311,CUST102839,P10158,2026-06-13,3,COD,2992,1787.19,20,8976,1795.2,7180.8,Delivered
O2004124,S1027320,CUST101195,P10094,2026-05-19,3,UPI,3800,2327.35,5,11400,570.0,10830.0,Delivered
O2004125,S1027326,CUST104363,P10161,2026-05-17,2,UPI,642,377.78,5,1284,64.2,1219.8,Delivered
O2004126,S1027330,CUST101574,P10035,2026-02-24,2,UPI,15880,9770.01,10,31760,3176.0,28584.0,Delivered
O2004127,S1027331,CUST104408,P10093,2026-02-04,2,COD,3481,1818.59,25,6962,1740.5,5221.5,Delivered
O2004128,S1027341,CUST102304,P10152,2026-06-22,3,Debit Card,5488,3309.39,15,16464,2469.6,13994.4,Delivered
O2004129,S1027343,CUST102802,P10109,2026-06-18,1,COD,9721,6690.28,20,9721,1944.2,7776.8,Delivered
O2004130,S1027346,CUST104654,P10247,2026-03-30,1,Wallet,5626,3385.81,20,5626,1125.2,4500.8,Delivered
O2004131,S1027352,CUST102096,P10275,2026-06-18,2,Debit Card,23193,17875.58,5,46386,2319.3,44066.7,Delivered
O2004132,S1027370,CUST103734,P10211,2026-05-14,1,Debit Card,3579,2686.65,25,3579,894.75,2684.25,Delivered
O2004133,S1027371,CUST100752,P10159,2026-05-02,3,UPI,2037,1111.1,15,6111,916.65,5194.35,Delivered
O2004134,S1027374,CUST104418,P10220,2026-04-28,1,COD,4583,2718.39,0,4583,0.0,4583.0,Delivered
O2004135,S1027380,CUST100750,P10164,2026-06-15,2,Net Banking,1457,948.54,15,2914,437.1,2476.9,Delivered
O2004136,S1027387,CUST100434,P10085,2026-06-08,3,Net Banking,1989,1381.25,20,5967,1193.4,4773.6,Delivered
O2004137,S1027396,CUST103758,P10043,2026-02-06,1,Debit Card,1883,1280.93,5,1883,94.15,1788.85,Cancelled
O2004138,S1027408,CUST102651,P10056,2026-01-04,2,UPI,4152,2410.64,0,8304,0.0,8304.0,Delivered
O2004139,S1027410,CUST101612,P10131,2026-03-21,1,UPI,17602,13555.92,5,17602,880.1,16721.9,Delivered
O2004140,S1027413,CUST104885,P10229,2026-04-19,3,COD,893,631.69,15,2679,401.85,2277.15,Delivered
O2004141,S1027418,CUST100354,P10055,2026-04-20,2,Credit Card,1514,1082.05,10,3028,302.8,2725.2,Delivered
O2004142,S1027425,CUST100758,P10085,2026-03-26,1,Net Banking,1989,1381.25,25,1989,497.25,1491.75,Delivered
O2004143,S1027429,CUST100682,P10173,2026-05-08,2,UPI,5988,3980.65,0,11976,0.0,11976.0,Delivered
O2004144,S1027440,CUST100920,P10076,2026-06-14,2,UPI,5696,3112.1,10,11392,1139.2,10252.8,Delivered
O2004145,S1027443,CUST101675,P10139,2026-04-03,3,Net Banking,848,614.49,5,2544,127.2,2416.8,Delivered
O2004146,S1027453,CUST101495,P10039,2026-02-28,2,COD,5709,3603.27,20,11418,2283.6,9134.4,Delivered
O2004147,S1027455,CUST103851,P10096,2026-02-08,2,COD,22742,15269.86,25,45484,11371.0,34113.0,Delivered
O2004148,S1027460,CUST100710,P10222,2026-06-13,1,Debit Card,5863,3845.53,5,5863,293.15,5569.85,Delivered
O2004149,S1027472,CUST100969,P10156,2026-05-09,1,UPI,1637,916.11,15,1637,245.55,1391.45,Delivered
O2004150,S1027480,CUST103132,P10054,2026-05-31,2,COD,231,167.07,25,462,115.5,346.5,Delivered
O2004151,S1027484,CUST102475,P10153,2026-03-18,3,COD,1705,1045.99,0,5115,0.0,5115.0,Delivered
O2004152,S1027486,CUST100522,P10241,2026-01-14,2,Debit Card,1644,984.23,0,3288,0.0,3288.0,Delivered
O2004153,S1027501,CUST103649,P10272,2026-01-28,2,COD,2807,1874.84,0,5614,0.0,5614.0,Cancelled
O2004154,S1027512,CUST102231,P10096,2026-02-23,3,Net Banking,22742,15269.86,25,68226,17056.5,51169.5,Cancelled
O2004155,S1027534,CUST103993,P10162,2026-01-24,1,Net Banking,1909,1328.04,0,1909,0.0,1909.0,Delivered
O2004156,S1027538,CUST104890,P10187,2026-04-07,1,COD,21453,15652.9,0,21453,0.0,21453.0,Delivered
O2004157,S1027554,CUST100719,P10203,2026-04-14,3,UPI,1532,987.74,25,4596,1149.0,3447.0,Delivered
O2004158,S1027578,CUST104433,P10201,2026-01-12,2,COD,1168,898.71,15,2336,350.4,1985.6,Delivered
O2004159,S1027580,CUST100101,P10107,2026-02-18,3,UPI,6047,3588.8,25,18141,4535.25,13605.75,Delivered
O2004160,S1027604,CUST102533,P10120,2026-02-16,2,Debit Card,6871,5090.3,15,13742,2061.3,11680.7,Delivered
O2004161,S1027609,CUST101913,P10249,2026-02-27,2,UPI,8991,5130.06,0,17982,0.0,17982.0,Delivered
O2004162,S1027614,CUST101195,P10088,2026-05-19,2,UPI,28130,21646.92,30,56260,16878.0,39382.0,Delivered
O2004163,S1027615,CUST100101,P10143,2026-06-20,3,UPI,11876,8893.28,5,35628,1781.4,33846.6,Delivered
O2004164,S1027618,CUST104125,P10248,2026-06-26,1,Debit Card,7477,5791.69,0,7477,0.0,7477.0,Delivered
O2004165,S1027626,CUST100839,P10279,2026-03-24,2,UPI,2276,1649.23,0,4552,0.0,4552.0,Delivered
O2004166,S1027628,CUST103966,P10293,2026-03-27,1,COD,3905,2327.97,0,3905,0.0,3905.0,Delivered
O2004167,S1027642,CUST102787,P10197,2026-04-19,2,Wallet,9663,6464.22,25,19326,4831.5,14494.5,Delivered
O2004168,S1027658,CUST100877,P10193,2026-05-21,1,UPI,49892,32028.99,10,49892,4989.2,44902.8,Delivered
O2004169,S1027666,CUST101531,P10238,2026-03-22,2,UPI,31827,19106.85,10,63654,6365.4,57288.6,Delivered
O2004170,S1027673,CUST101300,P10266,2026-04-26,1,Net Banking,4990,3619.71,10,4990,499.0,4491.0,Delivered
O2004171,S1027681,CUST103500,P10208,2026-01-03,3,UPI,9679,5536.57,0,29037,0.0,29037.0,Delivered
O2004172,S1027683,CUST104254,P10243,2026-04-26,1,COD,3426,2508.92,10,3426,342.6,3083.4,Delivered
O2004173,S1027706,CUST103721,P10220,2026-02-19,1,Net Banking,4583,2718.39,20,4583,916.6,3666.4,Delivered
O2004174,S1027710,CUST103539,P10293,2026-06-14,1,Net Banking,3905,2327.97,10,3905,390.5,3514.5,Delivered
O2004175,S1027714,CUST100209,P10206,2026-04-20,3,Debit Card,5268,3248.49,10,15804,1580.4,14223.6,Delivered
O2004176,S1027719,CUST100107,P10279,2026-03-27,2,Net Banking,2276,1649.23,20,4552,910.4,3641.6,Delivered
O2004177,S1027721,CUST102486,P10143,2026-01-12,3,UPI,11876,8893.28,15,35628,5344.2,30283.8,Delivered
O2004178,S1027722,CUST103086,P10021,2026-05-04,1,UPI,1105,826.21,10,1105,110.5,994.5,Delivered
O2004179,S1027725,CUST101426,P10011,2026-04-10,1,Debit Card,5109,2851.33,0,5109,0.0,5109.0,Cancelled
O2004180,S1027732,CUST101497,P10162,2026-03-20,2,Debit Card,1909,1328.04,20,3818,763.6,3054.4,Delivered
O2004181,S1027734,CUST102507,P10065,2026-01-20,2,Debit Card,3554,2097.11,5,7108,355.4,6752.6,Delivered
O2004182,S1027735,CUST100304,P10179,2026-02-27,2,Credit Card,38788,21658.7,10,77576,7757.6,69818.4,Delivered
O2004183,S1027741,CUST102762,P10133,2026-05-19,2,Credit Card,8047,4254.17,15,16094,2414.1,13679.9,Cancelled
O2004184,S1027748,CUST104918,P10021,2026-01-11,1,UPI,1105,826.21,0,1105,0.0,1105.0,Delivered
O2004185,S1027750,CUST101453,P10099,2026-04-19,3,Debit Card,12825,8888.83,15,38475,5771.25,32703.75,Delivered
O2004186,S1027756,CUST100783,P10143,2026-06-29,2,UPI,11876,8893.28,15,23752,3562.8,20189.2,Delivered
O2004187,S1027760,CUST100939,P10134,2026-02-10,2,COD,1548,1032.95,25,3096,774.0,2322.0,Delivered
O2004188,S1027761,CUST103117,P10198,2026-05-25,2,UPI,32876,23438.24,15,65752,9862.8,55889.2,Delivered
O2004189,S1027779,CUST103744,P10019,2026-06-25,1,UPI,1375,924.9,15,1375,206.25,1168.75,Delivered
O2004190,S1027785,CUST104857,P10152,2026-04-18,1,UPI,5488,3309.39,20,5488,1097.6,4390.4,Delivered
O2004191,S1027790,CUST101910,P10194,2026-06-05,2,Debit Card,9552,5893.76,20,19104,3820.8,15283.2,Delivered
O2004192,S1027801,CUST102380,P10289,2026-04-26,2,Credit Card,13420,8244.67,20,26840,5368.0,21472.0,Cancelled
O2004193,S1027802,CUST104504,P10203,2026-05-02,1,COD,1532,987.74,5,1532,76.6,1455.4,Delivered
O2004194,S1027807,CUST102464,P10186,2026-03-21,2,Debit Card,47740,30071.34,30,95480,28644.0,66836.0,Delivered
O2004195,S1027809,CUST104237,P10023,2026-02-27,1,COD,7904,4640.7,15,7904,1185.6,6718.4,Delivered
O2004196,S1027810,CUST100870,P10103,2026-02-18,1,Wallet,24644,14282.92,0,24644,0.0,24644.0,Delivered
O2004197,S1027819,CUST102712,P10167,2026-01-15,1,COD,19753,15401.71,15,19753,2962.95,16790.05,Delivered
O2004198,S1027822,CUST104159,P10169,2026-01-13,2,Credit Card,3804,2836.87,10,7608,760.8,6847.2,Delivered
O2004199,S1027826,CUST102303,P10251,2026-05-19,1,UPI,22462,11904.7,10,22462,2246.2,20215.8,Delivered
O2004200,S1027829,CUST103523,P10157,2026-04-15,2,Debit Card,25547,19576.56,10,51094,5109.4,45984.6,Delivered
O2004201,S1027831,CUST104184,P10281,2026-03-06,2,Net Banking,3253,2264.87,5,6506,325.3,6180.7,Delivered
O2004202,S1027832,CUST101415,P10252,2026-01-29,1,Credit Card,12430,8332.71,20,12430,2486.0,9944.0,Delivered
O2004203,S1027834,CUST104737,P10098,2026-01-22,1,Net Banking,2458,1640.7,15,2458,368.7,2089.3,Delivered
O2004204,S1027835,CUST104369,P10149,2026-03-17,1,UPI,9529,5928.93,0,9529,0.0,9529.0,Delivered
O2004205,S1027838,CUST102848,P10259,2026-05-24,1,UPI,23155,17448.81,15,23155,3473.25,19681.75,Delivered
O2004206,S1027845,CUST103465,P10125,2026-02-04,2,UPI,810,501.25,0,1620,0.0,1620.0,Delivered
O2004207,S1027854,CUST101034,P10098,2026-02-28,3,UPI,2458,1640.7,20,7374,1474.8,5899.2,Delivered
O2004208,S1027865,CUST101612,P10284,2026-02-16,1,Wallet,1898,1058.59,10,1898,189.8,1708.2,Delivered
O2004209,S1027879,CUST101963,P10232,2026-03-13,2,Credit Card,769,438.83,20,1538,307.6,1230.4,Delivered
O2004210,S1027880,CUST103066,P10271,2026-02-16,1,Debit Card,7548,5673.16,10,7548,754.8,6793.2,Delivered
O2004211,S1027883,CUST100929,P10287,2026-03-04,1,Debit Card,409,292.05,0,409,0.0,409.0,Delivered
O2004212,S1027893,CUST104398,P10061,2026-04-02,1,UPI,6549,4234.25,0,6549,0.0,6549.0,Delivered
O2004213,S1027894,CUST101979,P10035,2026-01-30,2,Debit Card,15880,9770.01,20,31760,6352.0,25408.0,Delivered
O2004214,S1027896,CUST104501,P10106,2026-02-13,1,Credit Card,3396,2604.41,10,3396,339.6,3056.4,Delivered
O2004215,S1027898,CUST100846,P10293,2026-03-09,3,UPI,3905,2327.97,15,11715,1757.25,9957.75,Delivered
O2004216,S1027904,CUST103811,P10129,2026-02-18,3,Debit Card,479,371.85,20,1437,287.4,1149.6,Delivered
O2004217,S1027911,CUST103876,P10293,2026-05-15,2,Debit Card,3905,2327.97,0,7810,0.0,7810.0,Delivered
O2004218,S1027917,CUST101763,P10075,2026-03-24,3,UPI,2665,1597.46,5,7995,399.75,7595.25,Delivered
O2004219,S1027919,CUST103909,P10044,2026-06-10,1,Debit Card,49345,36903.93,10,49345,4934.5,44410.5,Delivered
O2004220,S1027920,CUST101429,P10078,2026-03-21,3,COD,2463,1414.05,5,7389,369.45,7019.55,Delivered
O2004221,S1027923,CUST101823,P10274,2026-06-01,2,Debit Card,8692,5018.43,0,17384,0.0,17384.0,Delivered
O2004222,S1027926,CUST101920,P10035,2026-03-24,1,COD,15880,9770.01,0,15880,0.0,15880.0,Cancelled
O2004223,S1027932,CUST104679,P10075,2026-05-20,3,COD,2665,1597.46,15,7995,1199.25,6795.75,Delivered
O2004224,S1027943,CUST103905,P10255,2026-02-02,3,COD,9514,5100.94,20,28542,5708.4,22833.6,Delivered
O2004225,S1027946,CUST104261,P10230,2026-04-22,2,COD,4503,3004.28,15,9006,1350.9,7655.1,Delivered
O2004226,S1027947,CUST102229,P10273,2026-01-18,2,Debit Card,48027,33244.33,10,96054,9605.4,86448.6,Delivered
O2004227,S1027949,CUST104399,P10049,2026-06-19,1,UPI,23453,16779.94,15,23453,3517.95,19935.05,Delivered
O2004228,S1027959,CUST102543,P10271,2026-03-19,1,UPI,7548,5673.16,30,7548,2264.4,5283.6,Delivered
O2004229,S1027961,CUST103187,P10274,2026-01-17,1,UPI,8692,5018.43,0,8692,0.0,8692.0,Delivered
O2004230,S1027973,CUST102157,P10131,2026-04-22,1,Net Banking,17602,13555.92,5,17602,880.1,16721.9,Delivered
O2004231,S1027974,CUST103910,P10199,2026-06-01,1,Net Banking,22784,17284.35,5,22784,1139.2,21644.8,Delivered
O2004232,S1027979,CUST101099,P10222,2026-06-20,2,Debit Card,5863,3845.53,10,11726,1172.6,10553.4,Delivered
O2004233,S1027986,CUST102011,P10011,2026-01-02,3,UPI,5109,2851.33,0,15327,0.0,15327.0,Cancelled
O2004234,S1027990,CUST102159,P10100,2026-04-16,2,Debit Card,22483,16903.72,0,44966,0.0,44966.0,Cancelled
O2004235,S1027994,CUST103387,P10210,2026-05-07,1,Credit Card,12116,8357.65,20,12116,2423.2,9692.8,Cancelled
O2004236,S1027997,CUST103923,P10199,2026-03-14,2,Debit Card,22784,17284.35,15,45568,6835.2,38732.8,Delivered
O2004237,S1028001,CUST104792,P10258,2026-05-19,1,UPI,5885,4538.6,5,5885,294.25,5590.75,Delivered
O2004238,S1028015,CUST102406,P10203,2026-01-11,1,UPI,1532,987.74,10,1532,153.2,1378.8,Delivered
O2004239,S1028016,CUST102109,P10219,2026-05-22,1,Net Banking,10171,5453.76,15,10171,1525.65,8645.35,Delivered
O2004240,S1028034,CUST103818,P10010,2026-05-12,3,Wallet,5346,3925.5,5,16038,801.9,15236.1,Delivered
O2004241,S1028039,CUST102071,P10183,2026-03-26,1,UPI,1477,1130.4,0,1477,0.0,1477.0,Delivered
O2004242,S1028051,CUST101079,P10217,2026-01-14,1,Net Banking,2763,1694.32,0,2763,0.0,2763.0,Delivered
O2004243,S1028054,CUST104915,P10279,2026-05-14,3,Credit Card,2276,1649.23,10,6828,682.8,6145.2,Delivered
O2004244,S1028055,CUST101969,P10041,2026-06-01,2,Debit Card,6442,3659.95,20,12884,2576.8,10307.2,Delivered
O2004245,S1028058,CUST101089,P10225,2026-05-05,1,Debit Card,3616,2332.12,0,3616,0.0,3616.0,Delivered
O2004246,S1028062,CUST101398,P10199,2026-03-10,1,Debit Card,22784,17284.35,5,22784,1139.2,21644.8,Delivered
O2004247,S1028067,CUST103000,P10066,2026-04-01,2,Credit Card,3823,2537.87,10,7646,764.6,6881.4,Delivered
O2004248,S1028073,CUST100881,P10136,2026-01-13,1,UPI,5090,3231.92,30,5090,1527.0,3563.0,Delivered
O2004249,S1028075,CUST104677,P10029,2026-04-30,1,COD,33318,25283.28,0,33318,0.0,33318.0,Delivered
O2004250,S1028078,CUST101537,P10173,2026-01-03,1,UPI,5988,3980.65,0,5988,0.0,5988.0,Delivered
O2004251,S1028080,CUST104618,P10256,2026-03-26,2,COD,3768,2771.04,15,7536,1130.4,6405.6,Delivered
O2004252,S1028081,CUST100440,P10240,2026-05-09,2,Net Banking,12093,7882.85,15,24186,3627.9,20558.1,Delivered
O2004253,S1028087,CUST100894,P10051,2026-02-21,2,Wallet,201,105.03,5,402,20.1,381.9,Delivered
O2004254,S1028097,CUST104774,P10199,2026-06-12,2,UPI,22784,17284.35,5,45568,2278.4,43289.6,Delivered
O2004255,S1028100,CUST100469,P10080,2026-04-10,2,Debit Card,21455,12114.76,10,42910,4291.0,38619.0,Delivered
O2004256,S1028105,CUST103834,P10104,2026-03-05,2,Debit Card,5812,4517.78,0,11624,0.0,11624.0,Cancelled
O2004257,S1028119,CUST104042,P10064,2026-05-10,1,Debit Card,7246,5088.4,15,7246,1086.9,6159.1,Delivered
O2004258,S1028121,CUST100875,P10079,2026-05-09,2,UPI,61135,43823.72,10,122270,12227.0,110043.0,Delivered
O2004259,S1028134,CUST101698,P10234,2026-02-15,2,UPI,36971,27562.66,0,73942,0.0,73942.0,Delivered
O2004260,S1028153,CUST104408,P10146,2026-03-02,2,Debit Card,13773,10462.06,20,27546,5509.2,22036.8,Delivered
O2004261,S1028154,CUST103797,P10287,2026-04-26,1,Credit Card,409,292.05,10,409,40.9,368.1,Delivered
O2004262,S1028158,CUST103830,P10210,2026-05-28,1,Net Banking,12116,8357.65,15,12116,1817.4,10298.6,Delivered
O2004263,S1028165,CUST100514,P10255,2026-02-02,3,UPI,9514,5100.94,15,28542,4281.3,24260.7,Delivered
O2004264,S1028167,CUST104230,P10078,2026-04-17,1,COD,2463,1414.05,10,2463,246.3,2216.7,Delivered
O2004265,S1028189,CUST104915,P10275,2026-03-07,2,Credit Card,23193,17875.58,20,46386,9277.2,37108.8,Delivered
O2004266,S1028193,CUST100475,P10282,2026-03-23,1,UPI,3313,2240.18,0,3313,0.0,3313.0,Delivered
O2004267,S1028196,CUST102541,P10125,2026-04-03,3,UPI,810,501.25,25,2430,607.5,1822.5,Delivered
O2004268,S1028209,CUST101586,P10275,2026-04-05,1,UPI,23193,17875.58,25,23193,5798.25,17394.75,Cancelled
O2004269,S1028210,CUST103447,P10279,2026-06-23,1,Debit Card,2276,1649.23,10,2276,227.6,2048.4,Delivered
O2004270,S1028211,CUST103695,P10083,2026-01-30,1,UPI,8198,4446.32,15,8198,1229.7,6968.3,Delivered
O2004271,S1028218,CUST102793,P10045,2026-03-29,2,Wallet,10136,7547.37,20,20272,4054.4,16217.6,Delivered
O2004272,S1028221,CUST103614,P10017,2026-04-02,1,COD,5562,2936.56,10,5562,556.2,5005.8,Delivered
O2004273,S1028222,CUST100804,P10290,2026-05-22,1,UPI,2169,1222.51,25,2169,542.25,1626.75,Delivered
O2004274,S1028225,CUST103179,P10139,2026-02-27,2,COD,848,614.49,0,1696,0.0,1696.0,Delivered
O2004275,S1028226,CUST101570,P10170,2026-06-27,2,Net Banking,1224,694.2,5,2448,122.4,2325.6,Delivered
O2004276,S1028229,CUST103233,P10035,2026-02-07,1,Debit Card,15880,9770.01,0,15880,0.0,15880.0,Cancelled
O2004277,S1028231,CUST103033,P10140,2026-01-09,3,UPI,24307,15572.5,10,72921,7292.1,65628.9,Delivered
O2004278,S1028235,CUST101118,P10174,2026-04-23,1,UPI,3339,2259.98,5,3339,166.95,3172.05,Delivered
O2004279,S1028239,CUST102886,P10144,2026-02-14,1,UPI,1810,1018.16,20,1810,362.0,1448.0,Delivered
O2004280,S1028257,CUST104044,P10242,2026-05-21,2,UPI,1757,1230.79,5,3514,175.7,3338.3,Delivered
O2004281,S1028268,CUST101208,P10283,2026-05-03,1,UPI,33348,23060.2,15,33348,5002.2,28345.8,Delivered
O2004282,S1028277,CUST101040,P10007,2026-05-13,2,COD,12557,8910.74,0,25114,0.0,25114.0,Delivered
O2004283,S1028284,CUST104253,P10112,2026-06-02,1,UPI,35103,24960.42,10,35103,3510.3,31592.7,Delivered
O2004284,S1028290,CUST100700,P10031,2026-06-06,1,Net Banking,7685,4018.41,10,7685,768.5,6916.5,Delivered
O2004285,S1028293,CUST102417,P10298,2026-03-24,3,Net Banking,28854,21164.5,30,86562,25968.6,60593.4,Delivered
O2004286,S1028315,CUST101550,P10194,2026-01-12,3,Wallet,9552,5893.76,30,28656,8596.8,20059.2,Delivered
O2004287,S1028316,CUST101246,P10038,2026-04-18,3,Debit Card,3461,2654.94,5,10383,519.15,9863.85,Delivered
O2004288,S1028333,CUST103948,P10156,2026-06-05,1,UPI,1637,916.11,5,1637,81.85,1555.15,Delivered
O2004289,S1028339,CUST101437,P10195,2026-02-05,1,COD,7539,5346.62,0,7539,0.0,7539.0,Delivered
O2004290,S1028340,CUST100816,P10274,2026-02-14,3,Credit Card,8692,5018.43,0,26076,0.0,26076.0,Delivered
O2004291,S1028349,CUST103624,P10145,2026-04-14,3,Wallet,872,606.55,0,2616,0.0,2616.0,Delivered
O2004292,S1028355,CUST100179,P10029,2026-06-03,1,Debit Card,33318,25283.28,0,33318,0.0,33318.0,Delivered
O2004293,S1028357,CUST104652,P10177,2026-02-04,3,Net Banking,7179,4294.95,25,21537,5384.25,16152.75,Delivered
O2004294,S1028358,CUST104075,P10120,2026-04-21,3,UPI,6871,5090.3,15,20613,3091.95,17521.05,Delivered
O2004295,S1028364,CUST101347,P10232,2026-04-01,1,Debit Card,769,438.83,5,769,38.45,730.55,Delivered
O2004296,S1028376,CUST104662,P10277,2026-05-02,3,UPI,3998,2912.65,0,11994,0.0,11994.0,Delivered
O2004297,S1028389,CUST103997,P10038,2026-04-21,2,Debit Card,3461,2654.94,10,6922,692.2,6229.8,Delivered
O2004298,S1028404,CUST100248,P10137,2026-03-14,3,Credit Card,19557,10748.7,0,58671,0.0,58671.0,Delivered
O2004299,S1028408,CUST101612,P10196,2026-05-11,2,Debit Card,659,488.2,20,1318,263.6,1054.4,Delivered
O2004300,S1028410,CUST104193,P10147,2026-02-15,1,UPI,2573,1365.43,15,2573,385.95,2187.05,Delivered
O2004301,S1028423,CUST100672,P10094,2026-04-13,1,COD,3800,2327.35,10,3800,380.0,3420.0,Delivered
O2004302,S1028426,CUST104880,P10265,2026-04-21,3,UPI,9033,6070.38,5,27099,1354.95,25744.05,Delivered
O2004303,S1028429,CUST103934,P10219,2026-02-05,1,UPI,10171,5453.76,25,10171,2542.75,7628.25,Delivered
O2004304,S1028433,CUST103313,P10274,2026-02-09,3,Debit Card,8692,5018.43,10,26076,2607.6,23468.4,Delivered
O2004305,S1028457,CUST104100,P10268,2026-04-02,1,Credit Card,4912,2724.22,30,4912,1473.6,3438.4,Delivered
O2004306,S1028459,CUST102483,P10144,2026-06-04,1,Net Banking,1810,1018.16,5,1810,90.5,1719.5,Cancelled
O2004307,S1028461,CUST104063,P10024,2026-05-28,1,Net Banking,2013,1231.69,15,2013,301.95,1711.05,Delivered
O2004308,S1028471,CUST100988,P10145,2026-05-04,2,Credit Card,872,606.55,10,1744,174.4,1569.6,Delivered
O2004309,S1028473,CUST102131,P10020,2026-04-30,1,COD,24782,15381.22,5,24782,1239.1,23542.9,Delivered
O2004310,S1028478,CUST103507,P10077,2026-04-23,2,Wallet,13761,7418.98,30,27522,8256.6,19265.4,Delivered
O2004311,S1028491,CUST104601,P10158,2026-01-06,2,Credit Card,2992,1787.19,5,5984,299.2,5684.8,Delivered
O2004312,S1028494,CUST102328,P10298,2026-06-17,1,UPI,28854,21164.5,10,28854,2885.4,25968.6,Delivered
O2004313,S1028509,CUST103001,P10295,2026-03-27,3,Credit Card,3907,2124.83,15,11721,1758.15,9962.85,Delivered
O2004314,S1028514,CUST102994,P10167,2026-01-21,1,Debit Card,19753,15401.71,10,19753,1975.3,17777.7,Delivered
O2004315,S1028519,CUST104643,P10229,2026-03-02,3,COD,893,631.69,5,2679,133.95,2545.05,Delivered
O2004316,S1028521,CUST104763,P10106,2026-06-20,3,Debit Card,3396,2604.41,0,10188,0.0,10188.0,Delivered
O2004317,S1028529,CUST103783,P10173,2026-04-10,1,Debit Card,5988,3980.65,20,5988,1197.6,4790.4,Delivered
O2004318,S1028537,CUST100591,P10157,2026-05-21,2,COD,25547,19576.56,0,51094,0.0,51094.0,Delivered
O2004319,S1028538,CUST103492,P10072,2026-05-21,2,Credit Card,30444,20638.98,20,60888,12177.6,48710.4,Delivered
O2004320,S1028541,CUST102640,P10297,2026-01-15,3,Credit Card,26848,19890.05,0,80544,0.0,80544.0,Delivered
O2004321,S1028552,CUST103861,P10067,2026-01-29,1,UPI,2119,1108.48,0,2119,0.0,2119.0,Delivered
O2004322,S1028556,CUST104573,P10069,2026-06-17,1,UPI,15591,10193.15,25,15591,3897.75,11693.25,Delivered
O2004323,S1028558,CUST102365,P10219,2026-04-05,1,COD,10171,5453.76,5,10171,508.55,9662.45,Delivered
O2004324,S1028563,CUST104955,P10012,2026-03-30,3,Credit Card,6050,4362.18,0,18150,0.0,18150.0,Delivered
O2004325,S1028611,CUST101787,P10119,2026-06-27,1,Credit Card,3523,2590.41,25,3523,880.75,2642.25,Delivered
O2004326,S1028614,CUST104826,P10038,2026-04-16,2,Credit Card,3461,2654.94,0,6922,0.0,6922.0,Delivered
O2004327,S1028616,CUST101623,P10177,2026-06-03,1,Credit Card,7179,4294.95,10,7179,717.9,6461.1,Delivered
O2004328,S1028617,CUST100356,P10234,2026-05-18,1,COD,36971,27562.66,10,36971,3697.1,33273.9,Delivered
O2004329,S1028641,CUST104182,P10084,2026-02-11,3,Debit Card,5330,2842.99,10,15990,1599.0,14391.0,Delivered
O2004330,S1028644,CUST104570,P10190,2026-02-03,1,Net Banking,36819,20149.38,15,36819,5522.85,31296.15,Delivered
O2004331,S1028649,CUST101736,P10275,2026-02-13,1,Wallet,23193,17875.58,20,23193,4638.6,18554.4,Delivered
O2004332,S1028650,CUST104463,P10243,2026-04-02,1,UPI,3426,2508.92,20,3426,685.2,2740.8,Delivered
O2004333,S1028651,CUST101549,P10209,2026-03-25,2,UPI,5849,4391.18,15,11698,1754.7,9943.3,Delivered
O2004334,S1028670,CUST101763,P10032,2026-04-03,2,UPI,1783,1149.52,15,3566,534.9,3031.1,Delivered
O2004335,S1028671,CUST101184,P10186,2026-05-17,3,Credit Card,47740,30071.34,10,143220,14322.0,128898.0,Delivered
O2004336,S1028674,CUST102377,P10156,2026-05-13,1,COD,1637,916.11,0,1637,0.0,1637.0,Delivered
O2004337,S1028681,CUST104378,P10208,2026-04-22,3,Wallet,9679,5536.57,0,29037,0.0,29037.0,Delivered
O2004338,S1028696,CUST104964,P10286,2026-01-30,1,Credit Card,4249,3140.86,5,4249,212.45,4036.55,Delivered
O2004339,S1028712,CUST103932,P10211,2026-06-10,1,COD,3579,2686.65,0,3579,0.0,3579.0,Delivered
O2004340,S1028715,CUST100956,P10190,2026-01-10,1,COD,36819,20149.38,20,36819,7363.8,29455.2,Delivered
O2004341,S1028716,CUST104618,P10114,2026-06-21,3,UPI,3443,2348.43,0,10329,0.0,10329.0,Delivered
O2004342,S1028717,CUST103693,P10110,2026-05-08,2,COD,23464,16729.04,5,46928,2346.4,44581.6,Delivered
O2004343,S1028723,CUST104755,P10240,2026-02-03,1,Credit Card,12093,7882.85,15,12093,1813.95,10279.05,Delivered
O2004344,S1028728,CUST104873,P10065,2026-02-21,2,Credit Card,3554,2097.11,0,7108,0.0,7108.0,Delivered
O2004345,S1028740,CUST101401,P10193,2026-01-09,3,UPI,49892,32028.99,0,149676,0.0,149676.0,Delivered
O2004346,S1028746,CUST100932,P10200,2026-05-02,1,Debit Card,2965,2065.76,0,2965,0.0,2965.0,Delivered
O2004347,S1028749,CUST104181,P10289,2026-05-09,2,Credit Card,13420,8244.67,5,26840,1342.0,25498.0,Delivered
O2004348,S1028753,CUST103994,P10133,2026-05-03,2,UPI,8047,4254.17,5,16094,804.7,15289.3,Delivered
O2004349,S1028756,CUST100009,P10010,2026-06-20,3,Wallet,5346,3925.5,20,16038,3207.6,12830.4,Delivered
O2004350,S1028772,CUST104602,P10118,2026-03-02,1,UPI,778,546.17,20,778,155.6,622.4,Delivered
O2004351,S1028775,CUST104535,P10195,2026-03-18,1,Net Banking,7539,5346.62,5,7539,376.95,7162.05,Delivered
O2004352,S1028778,CUST101486,P10139,2026-06-07,2,UPI,848,614.49,10,1696,169.6,1526.4,Delivered
O2004353,S1028796,CUST103446,P10109,2026-02-14,1,Debit Card,9721,6690.28,10,9721,972.1,8748.9,Delivered
O2004354,S1028800,CUST104007,P10006,2026-01-07,1,UPI,2708,1571.31,10,2708,270.8,2437.2,Delivered
O2004355,S1028823,CUST101361,P10290,2026-02-19,2,Credit Card,2169,1222.51,5,4338,216.9,4121.1,Delivered
O2004356,S1028827,CUST104470,P10214,2026-01-30,1,Credit Card,29722,18648.85,25,29722,7430.5,22291.5,Delivered
O2004357,S1028829,CUST101809,P10148,2026-03-15,2,Credit Card,11870,6486.2,25,23740,5935.0,17805.0,Delivered
O2004358,S1028840,CUST103688,P10055,2026-04-16,1,UPI,1514,1082.05,15,1514,227.1,1286.9,Delivered
O2004359,S1028842,CUST102226,P10197,2026-03-25,1,UPI,9663,6464.22,20,9663,1932.6,7730.4,Delivered
O2004360,S1028853,CUST102849,P10131,2026-01-05,3,UPI,17602,13555.92,15,52806,7920.9,44885.1,Delivered
O2004361,S1028865,CUST102915,P10274,2026-02-18,1,Debit Card,8692,5018.43,0,8692,0.0,8692.0,Delivered
O2004362,S1028866,CUST102332,P10096,2026-02-08,2,UPI,22742,15269.86,0,45484,0.0,45484.0,Delivered
O2004363,S1028871,CUST100257,P10138,2026-01-20,1,Credit Card,56677,40618.95,15,56677,8501.55,48175.45,Delivered
O2004364,S1028875,CUST102675,P10246,2026-04-30,3,Wallet,12255,8674.13,30,36765,11029.5,25735.5,Delivered
O2004365,S1028876,CUST102452,P10040,2026-03-03,1,Debit Card,22035,16539.3,10,22035,2203.5,19831.5,Cancelled
O2004366,S1028882,CUST104760,P10175,2026-05-06,3,UPI,2611,1496.48,0,7833,0.0,7833.0,Delivered
O2004367,S1028886,CUST103284,P10137,2026-05-24,1,UPI,19557,10748.7,25,19557,4889.25,14667.75,Delivered
O2004368,S1028896,CUST100521,P10260,2026-01-21,1,UPI,3589,2211.57,0,3589,0.0,3589.0,Delivered
O2004369,S1028903,CUST101983,P10218,2026-03-20,3,Credit Card,46613,31735.95,30,139839,41951.7,97887.3,Cancelled
O2004370,S1028904,CUST104313,P10204,2026-05-26,2,UPI,29027,15561.91,5,58054,2902.7,55151.3,Delivered
O2004371,S1028910,CUST100670,P10073,2026-06-09,2,UPI,6709,5226.32,15,13418,2012.7,11405.3,Delivered
O2004372,S1028911,CUST101980,P10017,2026-05-24,2,Debit Card,5562,2936.56,10,11124,1112.4,10011.6,Delivered
O2004373,S1028924,CUST100412,P10023,2026-06-24,3,Debit Card,7904,4640.7,15,23712,3556.8,20155.2,Delivered
O2004374,S1028925,CUST104394,P10089,2026-05-03,2,UPI,5663,3534.98,10,11326,1132.6,10193.4,Delivered
O2004375,S1028936,CUST103372,P10022,2026-06-14,2,Net Banking,63437,46017.35,0,126874,0.0,126874.0,Delivered
O2004376,S1028937,CUST102207,P10065,2026-01-11,1,UPI,3554,2097.11,25,3554,888.5,2665.5,Delivered
O2004377,S1028944,CUST101092,P10217,2026-04-01,2,Net Banking,2763,1694.32,30,5526,1657.8,3868.2,Delivered
O2004378,S1028950,CUST100878,P10189,2026-02-12,2,Credit Card,9580,7439.6,0,19160,0.0,19160.0,Delivered
O2004379,S1028973,CUST102930,P10238,2026-03-15,2,UPI,31827,19106.85,0,63654,0.0,63654.0,Delivered
O2004380,S1028979,CUST101501,P10275,2026-05-06,2,Credit Card,23193,17875.58,5,46386,2319.3,44066.7,Cancelled
O2004381,S1028994,CUST101632,P10227,2026-06-17,1,UPI,3471,2208.54,20,3471,694.2,2776.8,Delivered
O2004382,S1028997,CUST100896,P10064,2026-02-21,2,COD,7246,5088.4,5,14492,724.6,13767.4,Delivered
O2004383,S1028999,CUST101357,P10125,2026-03-18,1,Credit Card,810,501.25,10,810,81.0,729.0,Delivered
O2004384,S1029003,CUST101463,P10037,2026-06-12,3,UPI,3901,2527.67,15,11703,1755.45,9947.55,Delivered
O2004385,S1029004,CUST102198,P10013,2026-04-08,3,Wallet,21186,12092.0,10,63558,6355.8,57202.2,Delivered
O2004386,S1029019,CUST101030,P10203,2026-02-03,3,Net Banking,1532,987.74,0,4596,0.0,4596.0,Cancelled
O2004387,S1029023,CUST103518,P10269,2026-06-26,2,UPI,940,703.74,5,1880,94.0,1786.0,Delivered
O2004388,S1029027,CUST102858,P10078,2026-01-12,2,Credit Card,2463,1414.05,15,4926,738.9,4187.1,Delivered
O2004389,S1029031,CUST100231,P10027,2026-01-08,3,Credit Card,7408,4535.44,0,22224,0.0,22224.0,Delivered
O2004390,S1029032,CUST100087,P10166,2026-05-01,2,UPI,2850,1684.41,0,5700,0.0,5700.0,Delivered
O2004391,S1029036,CUST104833,P10159,2026-04-11,3,Credit Card,2037,1111.1,5,6111,305.55,5805.45,Delivered
O2004392,S1029041,CUST104120,P10155,2026-05-03,1,COD,16320,8969.89,20,16320,3264.0,13056.0,Delivered
O2004393,S1029043,CUST102384,P10146,2026-02-14,2,Credit Card,13773,10462.06,0,27546,0.0,27546.0,Delivered
O2004394,S1029046,CUST104237,P10128,2026-06-06,1,UPI,41039,31852.39,20,41039,8207.8,32831.2,Delivered
O2004395,S1029051,CUST102296,P10069,2026-06-14,2,Net Banking,15591,10193.15,5,31182,1559.1,29622.9,Delivered
O2004396,S1029057,CUST103076,P10275,2026-05-23,2,UPI,23193,17875.58,15,46386,6957.9,39428.1,Delivered
O2004397,S1029066,CUST103853,P10190,2026-01-17,3,COD,36819,20149.38,10,110457,11045.7,99411.3,Delivered
O2004398,S1029069,CUST102320,P10208,2026-01-16,1,UPI,9679,5536.57,0,9679,0.0,9679.0,Delivered
O2004399,S1029086,CUST101625,P10145,2026-01-22,2,Debit Card,872,606.55,10,1744,174.4,1569.6,Delivered
O2004400,S1029092,CUST103753,P10164,2026-05-19,1,Net Banking,1457,948.54,0,1457,0.0,1457.0,Delivered
O2004401,S1029104,CUST102393,P10153,2026-03-16,1,Credit Card,1705,1045.99,10,1705,170.5,1534.5,Delivered
O2004402,S1029106,CUST103159,P10140,2026-06-25,1,Debit Card,24307,15572.5,30,24307,7292.1,17014.9,Delivered
O2004403,S1029110,CUST101998,P10097,2026-05-20,1,Wallet,9087,4849.76,0,9087,0.0,9087.0,Delivered
O2004404,S1029124,CUST102416,P10009,2026-04-13,2,Debit Card,3303,1915.96,0,6606,0.0,6606.0,Delivered
O2004405,S1029126,CUST100357,P10243,2026-04-24,1,COD,3426,2508.92,10,3426,342.6,3083.4,Delivered
O2004406,S1029130,CUST104597,P10133,2026-01-15,1,COD,8047,4254.17,15,8047,1207.05,6839.95,Delivered
O2004407,S1029138,CUST103743,P10139,2026-05-25,2,Net Banking,848,614.49,30,1696,508.8,1187.2,Delivered
O2004408,S1029142,CUST100277,P10031,2026-04-03,1,Debit Card,7685,4018.41,15,7685,1152.75,6532.25,Delivered
O2004409,S1029144,CUST100164,P10001,2026-01-12,2,Credit Card,59620,39248.59,0,119240,0.0,119240.0,Delivered
O2004410,S1029146,CUST102790,P10215,2026-05-11,2,COD,2133,1449.01,5,4266,213.3,4052.7,Cancelled
O2004411,S1029149,CUST101254,P10269,2026-04-02,2,Credit Card,940,703.74,20,1880,376.0,1504.0,Delivered
O2004412,S1029161,CUST104600,P10001,2026-06-23,1,COD,59620,39248.59,10,59620,5962.0,53658.0,Delivered
O2004413,S1029162,CUST101375,P10207,2026-01-26,2,UPI,176,95.69,10,352,35.2,316.8,Delivered
O2004414,S1029163,CUST104637,P10035,2026-01-24,1,Credit Card,15880,9770.01,0,15880,0.0,15880.0,Delivered
O2004415,S1029166,CUST100419,P10024,2026-01-30,2,COD,2013,1231.69,0,4026,0.0,4026.0,Delivered
O2004416,S1029172,CUST103907,P10120,2026-01-01,2,Credit Card,6871,5090.3,10,13742,1374.2,12367.8,Delivered
O2004417,S1029174,CUST100446,P10138,2026-06-23,1,Debit Card,56677,40618.95,0,56677,0.0,56677.0,Delivered
O2004418,S1029180,CUST102702,P10063,2026-05-01,3,COD,19918,12590.22,25,59754,14938.5,44815.5,Delivered
O2004419,S1029185,CUST103726,P10033,2026-01-10,1,Credit Card,22331,13681.85,20,22331,4466.2,17864.8,Delivered
O2004420,S1029190,CUST102369,P10086,2026-06-26,1,Debit Card,16998,12423.12,20,16998,3399.6,13598.4,Cancelled
O2004421,S1029196,CUST104851,P10096,2026-02-27,2,UPI,22742,15269.86,0,45484,0.0,45484.0,Delivered
O2004422,S1029197,CUST104035,P10181,2026-05-31,3,Debit Card,3031,1585.49,0,9093,0.0,9093.0,Delivered
O2004423,S1029208,CUST103835,P10072,2026-02-15,1,COD,30444,20638.98,25,30444,7611.0,22833.0,Delivered
O2004424,S1029209,CUST100533,P10116,2026-04-19,1,UPI,7704,5390.51,15,7704,1155.6,6548.4,Cancelled
O2004425,S1029218,CUST102434,P10206,2026-01-05,2,Credit Card,5268,3248.49,0,10536,0.0,10536.0,Delivered
O2004426,S1029225,CUST101485,P10257,2026-02-03,2,Debit Card,988,536.3,5,1976,98.8,1877.2,Delivered
O2004427,S1029233,CUST102141,P10156,2026-05-08,2,COD,1637,916.11,0,3274,0.0,3274.0,Delivered
O2004428,S1029245,CUST102378,P10008,2026-02-26,2,UPI,1464,905.9,20,2928,585.6,2342.4,Delivered
O2004429,S1029248,CUST104039,P10209,2026-05-15,2,UPI,5849,4391.18,15,11698,1754.7,9943.3,Delivered
O2004430,S1029251,CUST104962,P10206,2026-01-19,2,COD,5268,3248.49,5,10536,526.8,10009.2,Delivered
O2004431,S1029252,CUST102021,P10085,2026-06-18,2,UPI,1989,1381.25,0,3978,0.0,3978.0,Delivered
O2004432,S1029272,CUST101975,P10236,2026-03-23,2,UPI,854,611.4,20,1708,341.6,1366.4,Delivered
O2004433,S1029274,CUST100605,P10293,2026-05-15,1,UPI,3905,2327.97,30,3905,1171.5,2733.5,Delivered
O2004434,S1029280,CUST101988,P10104,2026-04-12,3,Credit Card,5812,4517.78,15,17436,2615.4,14820.6,Delivered
O2004435,S1029282,CUST103644,P10067,2026-02-18,3,Credit Card,2119,1108.48,5,6357,317.85,6039.15,Delivered
O2004436,S1029286,CUST102120,P10037,2026-04-13,1,Net Banking,3901,2527.67,20,3901,780.2,3120.8,Delivered
O2004437,S1029288,CUST100946,P10092,2026-05-02,3,UPI,64365,33832.13,10,193095,19309.5,173785.5,Delivered
O2004438,S1029291,CUST103696,P10138,2026-02-02,1,Credit Card,56677,40618.95,0,56677,0.0,56677.0,Delivered
O2004439,S1029293,CUST103795,P10015,2026-06-10,1,Credit Card,11273,6404.53,10,11273,1127.3,10145.7,Delivered
O2004440,S1029298,CUST101655,P10055,2026-06-04,2,Credit Card,1514,1082.05,10,3028,302.8,2725.2,Delivered
O2004441,S1029302,CUST103176,P10261,2026-06-27,1,Credit Card,10937,8376.17,30,10937,3281.1,7655.9,Delivered
O2004442,S1029309,CUST100670,P10151,2026-01-15,3,UPI,3881,2822.56,5,11643,582.15,11060.85,Delivered
O2004443,S1029310,CUST101255,P10149,2026-03-27,2,Debit Card,9529,5928.93,15,19058,2858.7,16199.3,Delivered
O2004444,S1029316,CUST100549,P10234,2026-04-10,3,Credit Card,36971,27562.66,25,110913,27728.25,83184.75,Cancelled
O2004445,S1029321,CUST104720,P10113,2026-04-25,1,UPI,1248,771.21,20,1248,249.6,998.4,Delivered
O2004446,S1029341,CUST101631,P10174,2026-06-02,2,UPI,3339,2259.98,10,6678,667.8,6010.2,Delivered
O2004447,S1029342,CUST101146,P10041,2026-06-11,3,UPI,6442,3659.95,0,19326,0.0,19326.0,Cancelled
O2004448,S1029346,CUST101477,P10272,2026-04-23,3,Debit Card,2807,1874.84,0,8421,0.0,8421.0,Delivered
O2004449,S1029349,CUST100891,P10204,2026-06-09,1,Credit Card,29027,15561.91,10,29027,2902.7,26124.3,Cancelled
O2004450,S1029350,CUST102850,P10282,2026-02-17,2,UPI,3313,2240.18,15,6626,993.9,5632.1,Delivered
O2004451,S1029355,CUST104405,P10110,2026-02-05,2,Credit Card,23464,16729.04,10,46928,4692.8,42235.2,Delivered
O2004452,S1029358,CUST103750,P10149,2026-01-13,1,COD,9529,5928.93,10,9529,952.9,8576.1,Delivered
O2004453,S1029359,CUST100676,P10119,2026-05-01,1,Credit Card,3523,2590.41,15,3523,528.45,2994.55,Delivered
O2004454,S1029370,CUST104958,P10011,2026-04-13,1,COD,5109,2851.33,30,5109,1532.7,3576.3,Delivered
O2004455,S1029379,CUST104287,P10225,2026-06-05,2,Net Banking,3616,2332.12,30,7232,2169.6,5062.4,Delivered
O2004456,S1029383,CUST103089,P10216,2026-05-10,3,UPI,26876,16855.26,0,80628,0.0,80628.0,Delivered
O2004457,S1029389,CUST102006,P10292,2026-06-26,2,UPI,8378,5862.46,10,16756,1675.6,15080.4,Cancelled
O2004458,S1029399,CUST102132,P10005,2026-02-08,2,UPI,8334,4443.06,0,16668,0.0,16668.0,Delivered
O2004459,S1029400,CUST104465,P10294,2026-01-14,1,Credit Card,5617,4032.22,15,5617,842.55,4774.45,Delivered
O2004460,S1029402,CUST101185,P10082,2026-06-14,1,COD,47700,33642.14,0,47700,0.0,47700.0,Delivered
O2004461,S1029403,CUST104992,P10113,2026-03-29,2,Net Banking,1248,771.21,25,2496,624.0,1872.0,Delivered
O2004462,S1029419,CUST100666,P10103,2026-01-06,2,Credit Card,24644,14282.92,20,49288,9857.6,39430.4,Delivered
O2004463,S1029423,CUST104298,P10263,2026-03-03,3,Net Banking,56908,38354.98,20,170724,34144.8,136579.2,Delivered
O2004464,S1029424,CUST104706,P10157,2026-05-16,1,Debit Card,25547,19576.56,5,25547,1277.35,24269.65,Delivered
O2004465,S1029427,CUST104968,P10280,2026-01-09,1,Debit Card,2303,1356.82,0,2303,0.0,2303.0,Delivered
O2004466,S1029432,CUST102483,P10265,2026-06-18,1,Net Banking,9033,6070.38,10,9033,903.3,8129.7,Delivered
O2004467,S1029438,CUST100564,P10163,2026-02-24,2,UPI,993,694.32,20,1986,397.2,1588.8,Delivered
O2004468,S1029450,CUST103381,P10262,2026-03-16,2,UPI,2779,1969.59,20,5558,1111.6,4446.4,Delivered
O2004469,S1029451,CUST104350,P10299,2026-06-29,1,UPI,4035,2703.81,30,4035,1210.5,2824.5,Delivered
O2004470,S1029461,CUST103990,P10071,2026-06-29,2,Net Banking,66043,44363.13,0,132086,0.0,132086.0,Delivered
O2004471,S1029469,CUST102679,P10262,2026-03-13,2,Net Banking,2779,1969.59,25,5558,1389.5,4168.5,Delivered
O2004472,S1029471,CUST104445,P10075,2026-04-02,1,COD,2665,1597.46,0,2665,0.0,2665.0,Delivered
O2004473,S1029490,CUST102027,P10174,2026-04-07,3,UPI,3339,2259.98,15,10017,1502.55,8514.45,Delivered
O2004474,S1029501,CUST102413,P10090,2026-03-30,1,UPI,7588,4498.47,0,7588,0.0,7588.0,Cancelled
O2004475,S1029514,CUST103125,P10105,2026-04-24,1,Debit Card,9875,6870.26,5,9875,493.75,9381.25,Cancelled
O2004476,S1029529,CUST103909,P10142,2026-06-25,1,UPI,68955,39692.83,10,68955,6895.5,62059.5,Delivered
O2004477,S1029530,CUST104245,P10077,2026-03-06,2,COD,13761,7418.98,25,27522,6880.5,20641.5,Delivered
O2004478,S1029535,CUST102163,P10047,2026-03-11,2,Credit Card,61871,39284.85,15,123742,18561.3,105180.7,Delivered
O2004479,S1029553,CUST100886,P10243,2026-06-19,2,Net Banking,3426,2508.92,0,6852,0.0,6852.0,Delivered
O2004480,S1029559,CUST101692,P10281,2026-06-29,2,UPI,3253,2264.87,0,6506,0.0,6506.0,Delivered
O2004481,S1029561,CUST103768,P10027,2026-01-05,3,UPI,7408,4535.44,0,22224,0.0,22224.0,Delivered
O2004482,S1029572,CUST104716,P10070,2026-05-03,1,UPI,2321,1233.32,0,2321,0.0,2321.0,Cancelled
O2004483,S1029579,CUST103638,P10190,2026-04-25,1,COD,36819,20149.38,10,36819,3681.9,33137.1,Delivered
O2004484,S1029582,CUST103694,P10135,2026-02-11,2,Debit Card,49087,26034.8,25,98174,24543.5,73630.5,Delivered
O2004485,S1029587,CUST101219,P10059,2026-05-25,2,UPI,281,149.03,20,562,112.4,449.6,Delivered
O2004486,S1029588,CUST104727,P10110,2026-04-17,2,Debit Card,23464,16729.04,5,46928,2346.4,44581.6,Delivered
O2004487,S1029603,CUST102400,P10143,2026-05-17,2,UPI,11876,8893.28,20,23752,4750.4,19001.6,Delivered
O2004488,S1029608,CUST100996,P10209,2026-04-15,2,UPI,5849,4391.18,5,11698,584.9,11113.1,Delivered
O2004489,S1029612,CUST100743,P10040,2026-01-03,1,Debit Card,22035,16539.3,10,22035,2203.5,19831.5,Delivered
O2004490,S1029614,CUST101494,P10063,2026-02-14,1,Debit Card,19918,12590.22,15,19918,2987.7,16930.3,Delivered
O2004491,S1029615,CUST103521,P10134,2026-06-03,2,UPI,1548,1032.95,15,3096,464.4,2631.6,Delivered
O2004492,S1029619,CUST102001,P10051,2026-02-02,1,Credit Card,201,105.03,30,201,60.3,140.7,Delivered
O2004493,S1029621,CUST101929,P10224,2026-04-15,1,UPI,1817,1295.8,0,1817,0.0,1817.0,Delivered
O2004494,S1029629,CUST101665,P10058,2026-06-22,2,Debit Card,2769,1771.56,25,5538,1384.5,4153.5,Delivered
O2004495,S1029631,CUST103201,P10109,2026-06-05,1,Credit Card,9721,6690.28,5,9721,486.05,9234.95,Delivered
O2004496,S1029638,CUST102960,P10168,2026-04-29,1,COD,19244,10755.21,30,19244,5773.2,13470.8,Delivered
O2004497,S1029639,CUST101657,P10131,2026-05-13,1,Debit Card,17602,13555.92,20,17602,3520.4,14081.6,Cancelled
O2004498,S1029653,CUST104942,P10179,2026-04-20,1,Credit Card,38788,21658.7,0,38788,0.0,38788.0,Delivered
O2004499,S1029658,CUST103248,P10098,2026-02-08,1,UPI,2458,1640.7,10,2458,245.8,2212.2,Delivered
O2004500,S1029672,CUST102137,P10207,2026-05-30,2,Credit Card,176,95.69,15,352,52.8,299.2,Delivered
O2004501,S1029677,CUST104380,P10263,2026-04-25,1,Debit Card,56908,38354.98,10,56908,5690.8,51217.2,Delivered
O2004502,S1029684,CUST103568,P10171,2026-02-02,1,UPI,8740,5130.1,0,8740,0.0,8740.0,Delivered
O2004503,S1029686,CUST103936,P10234,2026-04-27,1,UPI,36971,27562.66,15,36971,5545.65,31425.35,Delivered
O2004504,S1029687,CUST103011,P10084,2026-06-27,3,Debit Card,5330,2842.99,25,15990,3997.5,11992.5,Delivered
O2004505,S1029694,CUST101852,P10281,2026-01-07,2,Debit Card,3253,2264.87,10,6506,650.6,5855.4,Delivered
O2004506,S1029697,CUST103865,P10281,2026-01-29,2,Debit Card,3253,2264.87,10,6506,650.6,5855.4,Delivered
O2004507,S1029701,CUST103844,P10012,2026-05-14,2,UPI,6050,4362.18,0,12100,0.0,12100.0,Delivered
O2004508,S1029705,CUST100672,P10213,2026-02-11,2,UPI,9621,5332.56,0,19242,0.0,19242.0,Delivered
O2004509,S1029707,CUST100208,P10161,2026-04-03,1,Wallet,642,377.78,5,642,32.1,609.9,Delivered
O2004510,S1029709,CUST103362,P10148,2026-01-05,1,UPI,11870,6486.2,5,11870,593.5,11276.5,Delivered
O2004511,S1029713,CUST101986,P10263,2026-02-22,3,COD,56908,38354.98,10,170724,17072.4,153651.6,Delivered
O2004512,S1029714,CUST102957,P10175,2026-01-06,2,Credit Card,2611,1496.48,25,5222,1305.5,3916.5,Delivered
O2004513,S1029724,CUST102560,P10034,2026-01-05,2,Debit Card,4761,3270.38,20,9522,1904.4,7617.6,Cancelled
O2004514,S1029745,CUST101558,P10216,2026-04-21,2,COD,26876,16855.26,0,53752,0.0,53752.0,Delivered
O2004515,S1029746,CUST103799,P10120,2026-02-08,3,Wallet,6871,5090.3,0,20613,0.0,20613.0,Delivered
O2004516,S1029750,CUST103754,P10128,2026-03-28,3,Credit Card,41039,31852.39,20,123117,24623.4,98493.6,Delivered
O2004517,S1029764,CUST102270,P10117,2026-03-13,2,Credit Card,6826,4686.53,30,13652,4095.6,9556.4,Delivered
O2004518,S1029767,CUST100099,P10279,2026-05-05,1,UPI,2276,1649.23,25,2276,569.0,1707.0,Delivered
O2004519,S1029772,CUST100376,P10279,2026-05-22,3,COD,2276,1649.23,0,6828,0.0,6828.0,Cancelled
O2004520,S1029776,CUST104164,P10249,2026-04-21,2,Credit Card,8991,5130.06,20,17982,3596.4,14385.6,Delivered
O2004521,S1029782,CUST100053,P10254,2026-06-09,3,UPI,3521,2178.11,20,10563,2112.6,8450.4,Delivered
O2004522,S1029786,CUST103104,P10172,2026-05-25,2,UPI,4493,2743.95,10,8986,898.6,8087.4,Delivered
O2004523,S1029812,CUST101098,P10168,2026-02-23,1,UPI,19244,10755.21,10,19244,1924.4,17319.6,Delivered
O2004524,S1029817,CUST100297,P10097,2026-01-15,1,COD,9087,4849.76,15,9087,1363.05,7723.95,Delivered
O2004525,S1029820,CUST103846,P10278,2026-04-19,2,UPI,771,402.83,25,1542,385.5,1156.5,Delivered
O2004526,S1029827,CUST100443,P10079,2026-05-05,2,UPI,61135,43823.72,5,122270,6113.5,116156.5,Delivered
O2004527,S1029830,CUST103785,P10216,2026-05-23,2,Net Banking,26876,16855.26,5,53752,2687.6,51064.4,Delivered
O2004528,S1029846,CUST102819,P10249,2026-02-12,1,Debit Card,8991,5130.06,0,8991,0.0,8991.0,Delivered
O2004529,S1029849,CUST103629,P10194,2026-03-05,3,Debit Card,9552,5893.76,0,28656,0.0,28656.0,Delivered
O2004530,S1029852,CUST102093,P10011,2026-02-17,1,UPI,5109,2851.33,5,5109,255.45,4853.55,Delivered
O2004531,S1029856,CUST102398,P10122,2026-04-12,1,COD,15525,11853.49,0,15525,0.0,15525.0,Delivered
O2004532,S1029859,CUST101034,P10217,2026-04-30,2,UPI,2763,1694.32,0,5526,0.0,5526.0,Delivered
O2004533,S1029866,CUST104020,P10253,2026-05-08,1,Credit Card,843,526.49,15,843,126.45,716.55,Delivered
O2004534,S1029868,CUST102375,P10095,2026-05-18,2,Credit Card,5142,3088.55,20,10284,2056.8,8227.2,Delivered
O2004535,S1029884,CUST101994,P10163,2026-04-10,2,Credit Card,993,694.32,20,1986,397.2,1588.8,Delivered
O2004536,S1029886,CUST100355,P10067,2026-01-19,1,COD,2119,1108.48,0,2119,0.0,2119.0,Delivered
O2004537,S1029890,CUST103672,P10103,2026-01-13,2,COD,24644,14282.92,0,49288,0.0,49288.0,Delivered
O2004538,S1029893,CUST101588,P10142,2026-02-07,1,COD,68955,39692.83,15,68955,10343.25,58611.75,Delivered
O2004539,S1029894,CUST100466,P10036,2026-06-12,1,UPI,55094,40455.54,15,55094,8264.1,46829.9,Delivered
O2004540,S1029897,CUST104081,P10238,2026-02-18,2,Net Banking,31827,19106.85,10,63654,6365.4,57288.6,Delivered
O2004541,S1029901,CUST104121,P10110,2026-06-10,1,Net Banking,23464,16729.04,15,23464,3519.6,19944.4,Delivered
O2004542,S1029909,CUST102574,P10104,2026-04-05,3,UPI,5812,4517.78,15,17436,2615.4,14820.6,Delivered
O2004543,S1029918,CUST102074,P10066,2026-03-22,3,UPI,3823,2537.87,25,11469,2867.25,8601.75,Delivered
O2004544,S1029920,CUST103990,P10208,2026-04-25,1,UPI,9679,5536.57,15,9679,1451.85,8227.15,Delivered
O2004545,S1029931,CUST101294,P10159,2026-03-01,3,Credit Card,2037,1111.1,15,6111,916.65,5194.35,Delivered
O2004546,S1029934,CUST103660,P10294,2026-04-25,1,UPI,5617,4032.22,0,5617,0.0,5617.0,Delivered
O2004547,S1029938,CUST101965,P10117,2026-04-07,2,UPI,6826,4686.53,0,13652,0.0,13652.0,Delivered
O2004548,S1029949,CUST102416,P10162,2026-04-16,3,UPI,1909,1328.04,0,5727,0.0,5727.0,Cancelled
O2004549,S1029954,CUST103956,P10207,2026-04-08,2,Credit Card,176,95.69,15,352,52.8,299.2,Delivered
O2004550,S1029964,CUST104217,P10262,2026-01-08,2,UPI,2779,1969.59,20,5558,1111.6,4446.4,Delivered
O2004551,S1029968,CUST101260,P10020,2026-04-18,1,Credit Card,24782,15381.22,10,24782,2478.2,22303.8,Delivered
O2004552,S1029971,CUST102417,P10117,2026-01-30,3,UPI,6826,4686.53,0,20478,0.0,20478.0,Delivered
O2004553,S1029972,CUST100054,P10155,2026-02-15,1,COD,16320,8969.89,10,16320,1632.0,14688.0,Delivered
O2004554,S1029978,CUST104453,P10146,2026-04-10,1,Credit Card,13773,10462.06,5,13773,688.65,13084.35,Delivered
O2004555,S1029987,CUST101812,P10175,2026-05-23,2,UPI,2611,1496.48,10,5222,522.2,4699.8,Delivered
O2004556,S1029990,CUST102032,P10067,2026-06-08,1,UPI,2119,1108.48,10,2119,211.9,1907.1,Delivered
O2004557,S1029992,CUST100883,P10139,2026-03-12,1,UPI,848,614.49,15,848,127.2,720.8,Delivered
O2004558,S1029997,CUST103864,P10279,2026-06-11,2,Net Banking,2276,1649.23,25,4552,1138.0,3414.0,Delivered
